angDist,objid,ra,dec,main_id,ra,dec,coo_err_maj,coo_err_min,coo_err_angle,otype,nbref,ra_sexa,dec_sexa,coo_qual,coo_bibcode,main_type,other_types,radvel,radvel_err,redshift,redshift_err,sp_type,morph_type,plx,plx_err,pmra,pmdec,pm_err_maj,pm_err_min,pm_err_pa,size_maj,size_min,size_angle,B,V,R,J,H,K,u,g,r,i,z,f150w,f200w,f444w
0.843856,SSTSL2 J022523.15-733726.6,36.346464,-73.624064,2MASS J02252334-7337262,36.3472093598,-73.6239601542,0.000,0.000,90,PM*,3,02 25 23.33025,-73 37 26.2566,A,2020yCat.1350....0G,HighPM*,*|MIR|NIR|PM*|s?r,,,,,,,10.1603,0.0114,-48.273,-52.309,0.013,0.013,90,,,,,,,11.631,11.018,10.829,,,,,,,,
0.140295,SSTSL2 J122150.00-632440.1,185.458353,-63.411157,UCAC4 133-077419,185.4584379601,-63.4111484749,0.000,0.000,90,Y*?,9,12 21 50.02511,-63 24 40.1345,A,2020yCat.1350....0G,YSO_Candidate,*|MIR|NIR|Y*?,,,,,,,9.8184,0.0118,-39.281,-11.431,0.012,0.013,90,,,,13.542,12.184,11.755,9.473,8.786,8.632,,12.910,11.618,10.973,,,,
0.620680,SSTSL2 J020521.88-751346.5,31.341198,-75.229589,2MASS J02052169-7513467,31.3405911243,-75.2296650739,0.000,0.000,90,PM*,2,02 05 21.74187,-75 13 46.7943,A,2020yCat.1350....0G,HighPM*,*|MIR|NIR|PM*|s?r,,,,,,,8.7154,0.0110,61.995,31.590,0.013,0.014,90,,,,,,,11.452,10.760,10.564,,,,,,,,
0.298756,SSTSL2 J012547.18-712738.2,21.446606,-71.460636,2MASS J01254718-7127386,21.4466617568,-71.4607170721,0.000,0.000,90,PM*,2,01 25 47.19882,-71 27 38.5815,A,2020yCat.1350....0G,HighPM*,*|MIR|NIR|PM*|s?r,,,,,,,11.6444,0.0151,-20.670,48.408,0.021,0.016,90,,,,,,,11.473,10.872,10.580,,,,,,,,
0.505379,SSTSL2 J010741.41-742546.6,16.922553,-74.429621,UCAC4 078-001441,16.9220730127,-74.4295652521,0.000,0.000,90,PM*,3,01 07 41.29752,-74 25 46.4349,A,2020yCat.1350....0G,HighPM*,*|MIR|NIR|PM*,-6.189,0.610,-0.0000206,0.0000020,,,8.7118,0.0117,53.977,-24.605,0.017,0.012,90,,,,15.431,14.072,13.573,11.352,10.678,10.497,,,13.492,12.851,,,,
0.399883,SSTSL2 J044516.30-680129.1,71.317932,-68.024751,UCAC4 110-004455,71.3177159857,-68.0248271862,0.000,0.000,90,PM*,0,04 45 16.25184,-68 01 29.3779,A,2020yCat.1350....0G,HighPM*,*|**|MIR|NIR|PM*,35.420,0.910,0.0001182,0.0000030,,,8.5964,0.0118,38.514,69.510,0.015,0.016,90,,,,15.296,13.858,13.477,11.121,10.458,10.297,,14.611,13.319,12.686,,,,
0.567873,SSTSL2 J182727.87-050921.3,276.866158,-5.15593,TYC 5107-185-1,276.8662817860,-5.1558315956,0.000,0.000,90,*,0,18 27 27.90763,-05 09 20.9937,A,2020yCat.1350....0G,Star,*|NIR,3.220,0.980,0.0000107,0.0000033,,,9.9047,0.0143,-4.461,-36.002,0.015,0.015,90,,,,12.850,11.620,,10.013,9.480,9.305,,,,,,,,
0.044644,SSTSL2 J043826.46-702456.6,69.610282,-70.415748,UCAC4 098-004441,69.6102727143,-70.4157359959,0.000,0.000,90,*,2,04 38 26.46545,-70 24 56.6496,A,2020yCat.1350....0G,Star,*|NIR,-21.589,0.044,-0.0000720,0.0000001,,,6.5919,0.0096,4.958,-7.877,0.013,0.012,90,,,,14.749,13.586,13.254,11.363,10.769,10.664,,14.146,13.104,12.741,,,,
0.490746,SSTSL2 J051919.13-655917.7,79.829713,-65.988271,MACHO  59.6396.19,79.8294639225,-65.9883621578,0.000,0.000,90,PM*,2,05 19 19.07134,-65 59 18.1038,A,2020yCat.1350....0G,HighPM*,*|NIR|PM*,,,,,,,11.7318,0.0175,21.291,77.994,0.020,0.026,90,,,,,,13.970,11.644,11.029,10.828,,,,,,,,
0.485413,SSTSL2 J022145.88-742549.1,35.441191,-74.430306,2MASS J02214580-7425495,35.4409205818,-74.4304196343,0.000,0.000,90,PM*,3,02 21 45.82094,-74 25 49.5107,A,2020yCat.1350....0G,HighPM*,*|MIR|NIR|PM*|s?r,,,,,,,12.4200,0.0187,38.058,66.899,0.022,0.021,90,,,,,,,12.009,11.411,11.187,,,,,,,,
0.321626,SSTSL2 J044115.15-685345.9,70.313141,-68.896106,UCAC4 106-004230,70.3129161376,-68.8961437703,0.000,0.000,90,*,1,04 41 15.09987,-68 53 46.1176,A,2020yCat.1350....0G,Star,*|NIR,31.568,0.665,0.0001053,0.0000022,,,8.2692,0.0127,19.381,28.397,0.017,0.015,90,,,,15.029,13.686,13.255,11.019,10.341,10.202,,14.445,13.101,12.546,,,,
0.254117,SSTSL2 J054755.36-684711.3,86.980676,-68.786474,MACHO  32.10952.199,86.9805741081,-68.7864138058,0.000,0.000,90,*,1,05 47 55.33779,-68 47 11.0897,A,2020yCat.1350....0G,Star,*|NIR,,,,,,,11.1274,0.0176,-18.618,-32.067,0.022,0.020,90,,,,,,14.550,12.000,11.364,11.152,,,,,,,,
0.593289,SSTSL2 J015005.23-741931.0,27.521829,-74.3253,2MASS J01500521-7419317,27.5216229245,-74.3254551130,0.000,0.000,90,PM*,2,01 50 05.18950,-74 19 31.6384,A,2020yCat.1350....0G,HighPM*,*|MIR|NIR|PM*|s?r,,,,,,,7.9358,0.0125,8.285,87.109,0.017,0.014,90,,,,,,,11.662,11.028,10.832,,,,,,,,
0.117424,SSTSL2 J171818.80+741816.4,259.578373,74.30457,** TOI 1763B,259.5784732995,+74.3045518974,0.000,0.000,90,*,1,17 18 18.83359,+74 18 16.3868,A,2020yCat.1350....0G,Star,*|**|NIR,3.390,2.450,0.0000113,0.0000082,,,11.3352,0.0181,-4.409,-38.183,0.024,0.023,90,,,,,,,11.975,11.329,11.077,,,,,,,,
0.894745,SSTSL2 J003920.31-741533.4,9.834634,-74.259291,2MASS J00392006-7415334,9.8337276151,-74.2592547896,0.000,0.000,90,PM*,2,00 39 20.09463,-74 15 33.3172,A,2020yCat.1350....0G,HighPM*,*|MIR|NIR|PM*|s?r,,,,,,,8.9847,0.0148,100.375,-8.241,0.020,0.017,90,,,,16.520,14.970,,11.765,11.146,10.951,,,,,,,,
0.428197,SSTSL2 J021420.97-751903.5,33.587388,-75.317654,UCAC4 074-001801,33.5869300419,-75.3176799695,0.000,0.000,90,PM*,2,02 14 20.86321,-75 19 03.6479,A,2020yCat.1350....0G,HighPM*,*|MIR|NIR|PM*,38.232,0.096,0.0001275,0.0000003,,,7.3597,0.0123,65.182,22.002,0.017,0.015,90,,,,14.378,13.184,12.789,10.970,10.354,10.209,,13.816,12.681,12.269,,,,
1.217494,SSTSL2 J020528.32-744554.5,31.368041,-74.765154,UCAC4 077-002015,31.3668041518,-74.7652474921,0.000,0.000,90,PM*,2,02 05 28.03300,-74 45 54.8910,A,2020yCat.1350....0G,HighPM*,*|NIR|PM*,-6.807,0.119,-0.0000227,0.0000004,,,6.0341,0.0101,119.108,37.627,0.013,0.012,90,,,,13.806,12.926,12.777,11.229,10.729,10.609,,13.358,12.611,12.369,,,,
0.296513,SSTSL2 J194309.98+245706.7,295.791619,24.951874,TYC 2143-1005-1,295.7915815597,+24.9519490441,0.000,0.000,90,PM*,4,19 43 09.97957,+24 57 07.0166,A,2020yCat.1350....0G,HighPM*,*|NIR|PM*,-12.490,0.660,-0.0000417,0.0000022,,,8.2333,0.0139,-6.047,-56.699,0.009,0.014,90,,,,13.410,12.250,,10.190,9.711,9.587,,,,,,,,
0.474115,SSTSL2 J043013.22+243157.3,67.555091,24.532603,[ABG2007] 1066,67.5549896399,+24.5325089688,0.000,0.000,90,PM*,6,04 30 13.19751,+24 31 57.0323,A,2020yCat.1350....0G,HighPM*,*|NIR|PM*|UV|X,45.283,0.092,0.0001511,0.0000003,,,11.9694,0.0202,60.316,31.216,0.026,0.020,90,,,,16.300,,,11.655,11.091,10.834,,,,,,,,
0.031206,SSTSL2 J044256.40-690551.2,70.73503,-69.097557,2MASS J04425642-6905511,70.7350165967,-69.0975497702,0.000,0.000,90,*,3,04 42 56.40398,-69 05 51.1792,A,2020yCat.1350....0G,Star,*|NIR,27.760,0.095,0.0000926,0.0000003,,,6.5402,0.0118,-5.467,-13.225,0.014,0.015,90,,,,,,,11.063,10.501,10.373,,,,,,,,
0.319429,SSTSL2 J014710.27-740622.5,26.79281,-74.106272,2MASS J01471028-7406221,26.7928054499,-74.1061832785,0.000,0.000,90,PM*,2,01 47 10.27331,-74 06 22.2598,A,2020yCat.1350....0G,HighPM*,*|MIR|NIR|PM*|s?r,,,,,,,9.6531,0.0176,13.239,-51.462,0.020,0.022,90,,,,,,,11.529,10.812,10.625,,,,,,,,
0.125061,SSTSL2 J014739.24-740604.2,26.913538,-74.101173,2MASS J01473924-7406043,26.9135235484,-74.1012075129,0.000,0.000,90,*,2,01 47 39.24565,-74 06 04.3470,A,2020yCat.1350....0G,Star,*|MIR|NIR|s?r,,,,,,,8.0198,0.0146,9.618,-0.733,0.017,0.019,90,,,,,,,11.798,11.135,10.976,,,,,,,,
0.469109,SSTSL2 J052315.37-710056.1,80.814074,-71.015597,WOH S 256,80.8139775212,-71.0157234718,0.000,0.000,90,PM*,5,05 23 15.35461,-71 00 56.6045,A,2020yCat.1350....0G,HighPM*,*|MIR|NIR|PM*,,,,,M0:,,8.1331,0.0153,4.317,84.462,0.022,0.020,90,,,,16.700,,13.720,11.549,10.878,10.697,,,,,,,,
0.335550,SSTSL2 J004955.34-743434.3,12.480592,-74.576198,UCAC4 078-000969,12.4809380641,-74.5762127247,0.000,0.000,90,*,2,00 49 55.42514,-74 34 34.3658,A,2020yCat.1350....0G,Star,*|MIR|NIR,8.021,0.145,0.0000268,0.0000005,,,7.2849,0.0137,-8.625,21.294,0.016,0.016,90,,,,14.618,13.475,13.247,11.203,10.581,10.484,,14.081,12.969,12.533,,,,
0.398096,SSTSL2 J014705.36-744849.6,26.772355,-74.8138,UCAC2    792831,26.7720077735,-74.8137371112,0.000,0.000,90,PM*,6,01 47 05.28187,-74 48 49.4536,A,2020yCat.1350....0G,HighPM*,*|MIR|NIR|PM*,35.863,0.112,0.0001196,0.0000004,,,5.2537,0.0104,44.367,-23.912,0.013,0.012,90,,,,14.120,13.060,12.890,11.171,10.642,10.546,,13.592,12.645,12.336,,,,
0.214523,SSTSL2 J190359.86-372502.3,285.999426,-37.417306,VSS VIII-9,285.9993533091,-37.4172912423,0.000,0.000,90,*,1,19 03 59.84479,-37 25 02.2485,A,2020yCat.1350....0G,Star,*|NIR,,,,,,,8.5244,0.0173,8.657,-9.010,0.020,0.016,90,,,,,,,11.471,10.902,10.689,,,,,,,,
0.246642,SSTSL2 J083953.65-531803.5,129.97358,-53.300972,2MASS J08395367-5318036,129.9736668396,-53.3010167284,0.000,0.000,90,*,23,08 39 53.68004,-53 18 03.6602,A,2020yCat.1350....0G,Star,*|NIR,14.698,0.189,0.0000490,0.0000006,,,6.6322,0.0135,-24.727,23.371,0.017,0.015,90,,,,,,,11.733,11.100,10.846,,,,,,,,
0.312346,SSTSL2 J055312.46-690731.5,88.301943,-69.125417,UCAC4 105-015612,88.3019939709,-69.1253321594,0.000,0.000,90,PM*,1,05 53 12.47855,-69 07 31.1958,A,2020yCat.1350....0G,HighPM*,*|MIR|NIR|PM*|X,35.370,3.300,0.0001180,0.0000110,,,9.0424,0.0184,-3.748,-50.386,0.021,0.025,90,,,,16.297,14.815,14.403,11.677,11.067,10.877,,15.535,14.150,13.440,,,,
0.320790,SSTSL2 J004516.97-734441.9,11.320746,-73.744994,UCAC3 33-3109,11.3208393925,-73.7449088127,0.000,0.000,90,*,5,00 45 17.00145,-73 44 41.6717,A,2020yCat.1350....0G,Star,*|MIR|NIR,28.355,0.082,0.0000946,0.0000003,K4V,,5.1328,0.0107,-23.704,-25.484,0.012,0.012,90,,,,13.890,13.030,12.870,11.368,10.903,10.824,,13.380,12.750,12.480,,,,
0.729622,SSTSL2 J004429.77-714000.1,11.124082,-71.666711,2MASS J00442958-7140001,11.1234376626,-71.6667106152,0.000,0.000,90,PM*,2,00 44 29.62504,-71 40 00.1582,A,2020yCat.1350....0G,HighPM*,*|MIR|NIR|PM*|s?r,,,,,,,7.1413,0.0151,104.401,9.637,0.022,0.018,90,,,,,,,11.470,10.798,10.586,,,,,,,,
0.486957,SSTSL2 J125703.13-791337.6,194.263073,-79.227119,Gaia DR3 5787719845864751104,194.2637786027,-79.2271490383,0.000,0.000,90,*,1,12 57 03.30686,-79 13 37.7365,A,2020yCat.1350....0G,Star,*,5.490,0.960,0.0000183,0.0000032,,,6.4645,0.0140,-13.062,-10.762,0.014,0.016,90,,,,,,,,,,,,,,,,,
0.109898,SSTSL2 J053439.37-655142.3,83.664078,-65.861753,UCAC4 121-007679,83.6641409121,-65.8617365676,0.000,0.000,90,*,2,05 34 39.39382,-65 51 42.2516,A,2020yCat.1350....0G,Star,*|NIR,26.354,0.039,0.0000879,0.0000001,,,5.2500,0.0116,-5.831,-8.478,0.013,0.013,90,,,,14.875,13.677,13.338,11.538,10.993,10.847,,14.290,13.231,12.851,,,,
0.151209,SSTSL2 J043348.25-685734.3,68.451071,-68.959552,UCAC4 106-004011,68.4511738155,-68.9595720402,0.000,0.000,90,*,3,04 33 48.28172,-68 57 34.4593,A,2020yCat.1350....0G,Star,*|NIR,2.803,0.044,0.0000094,0.0000001,,,7.8193,0.0173,-5.375,15.353,0.026,0.026,90,,,,15.967,14.509,14.207,11.376,10.717,10.531,,15.286,13.877,13.026,,,,
0.527941,SSTSL2 J002629.94-725203.4,6.624767,-72.867619,UCAC4 086-000378,6.6243651101,-72.8677055472,0.000,0.000,90,*,2,00 26 29.84763,-72 52 03.7400,A,2020yCat.1350....0G,Star,*|MIR|NIR,-50.003,0.101,-0.0001668,0.0000003,,,6.0199,0.0135,35.610,19.959,0.016,0.015,90,,,,14.377,13.256,13.017,11.131,10.591,10.442,,13.825,12.791,12.414,,,,
0.469913,SSTSL2 J021301.85-750101.0,33.25772,-75.016967,2MASS J02130171-7501010,33.2572222520,-75.0169451189,0.000,0.000,90,*,2,02 13 01.73334,-75 01 01.0024,A,2020yCat.1350....0G,Star,*|MIR|NIR|s?r,,,,,,,7.7778,0.0178,37.521,5.127,0.022,0.020,90,,,,,,,12.133,11.526,11.303,,,,,,,,
0.882181,SSTSL2 J010350.82-710725.5,15.961773,-71.123771,2MASS J01035102-7107253,15.9625196903,-71.1237298646,0.000,0.000,90,s?r,7,01 03 51.00473,-71 07 25.4275,A,2020yCat.1350....0G,RedSG_Candidate,*|MIR|NIR|PM*|s?r,18.719,0.018,0.0000624,0.0000001,,,5.1564,0.0121,-53.207,-25.097,0.014,0.013,90,,,,15.030,13.860,,11.713,11.087,10.935,,,,,,,,
0.341638,SSTSL2 J013536.96-735647.0,23.904034,-73.946396,UCAC4 081-002958,23.9040656222,-73.9463015044,0.000,0.000,90,*,2,01 35 36.97575,-73 56 46.6854,A,2020yCat.1350....0G,Star,*|MIR|NIR,33.372,0.482,0.0001113,0.0000016,,,4.9871,0.0117,3.545,-35.863,0.015,0.014,90,,,,14.023,12.867,12.593,10.781,10.254,10.085,,13.454,12.449,12.070,,,,
0.200749,SSTSL2 J015127.66-734814.6,27.865276,-73.804057,UCAC4 081-003228,27.8651321915,-73.8040957380,0.000,0.000,90,*,3,01 51 27.63173,-73 48 14.7447,A,2020yCat.1350....0G,Star,*|MIR|NIR,3.002,0.073,0.0000100,0.0000002,,,4.8422,0.0119,32.851,26.475,0.015,0.013,90,,,,13.988,12.968,12.744,11.179,10.734,10.608,,13.454,12.603,12.324,,,,
0.456687,SSTSL2 J025613.31+202249.4,44.055484,20.380395,GSC 01230-00769,44.0553986553,+20.3804934502,0.000,0.000,90,PM*,1,02 56 13.29568,+20 22 49.7764,A,2020yCat.1350....0G,HighPM*,*|NIR|PM*,31.420,1.710,0.0001048,0.0000057,K4V,,6.3991,0.0165,47.464,-53.168,0.019,0.015,90,,,,14.010,12.920,12.680,10.987,10.444,10.348,,13.470,12.530,12.680,,,,
0.122278,SSTSL2 J083823.73-525732.3,129.598905,-52.958992,Cl* IC 2391     AR      36,129.5989137063,-52.9589584414,0.000,0.000,90,*,6,08 38 23.73929,-52 57 32.2504,A,2020yCat.1350....0G,Star,*|NIR,19.610,0.380,0.0000654,0.0000013,,,5.3502,0.0139,-24.416,-13.264,0.018,0.014,90,,,,,,,11.328,10.803,10.674,,,,,,,,
0.235180,SSTSL2 J052821.74+014100.5,82.090606,1.683492,2MASS J05282175+0141006,82.0906648440,+1.6835204269,0.000,0.000,90,*,7,05 28 21.75956,+01 41 00.6735,A,2020yCat.1350....0G,Star,*|NIR,9.404,0.016,0.0000314,0.0000001,,,5.6972,0.0152,-8.687,-10.042,0.014,0.011,90,,,,,,,11.499,10.871,10.792,,,,,,,,
0.216432,SSTSL2 J012254.79+072435.5,20.72832,7.409862,2MASS J01225478+0724356,20.7282994343,+7.4099185552,0.000,0.000,90,PM*,1,01 22 54.79186,+07 24 35.7068,A,2020yCat.1350....0G,HighPM*,*|NIR|PM*,,,,,,,7.2898,0.0195,38.401,-38.134,0.023,0.016,90,,,,17.300,,,11.547,10.872,10.689,,,,,,,,
0.118703,SSTSL2 J054002.64-682034.3,85.011037,-68.342876,2MASS J05400262-6820343,85.0109613551,-68.3428935461,0.000,0.000,90,LP*,1,05 40 02.63073,-68 20 34.4168,A,2020yCat.1350....0G,LongPeriodV*,*|LP*|NIR,,,,,,,5.5970,0.0163,18.326,-21.420,0.021,0.025,90,,,,,,14.190,12.001,11.326,11.113,,,,,,,,
0.347045,SSTSL2 J083817.59-531125.9,129.573292,-53.190528,Gaia DR3 5318167598435938432,129.5733839861,-53.1906070929,0.000,0.000,90,*,1,08 38 17.61216,-53 11 26.1855,A,2020yCat.1350....0G,Star,*,10.500,2.230,0.0000350,0.0000074,,,4.7390,0.0141,-29.556,23.026,0.017,0.014,90,,,,,,,,,,,,,,,,,
0.521269,SSTSL2 J050332.62-693233.2,75.885931,-69.542578,OGLE LMC-SC14  64274,75.8856721339,-69.5426910495,0.000,0.000,90,PM*,2,05 03 32.56131,-69 32 33.6878,A,2020yCat.1350....0G,HighPM*,*|MIR|NIR|PM*,,,,,,,5.5708,0.0167,67.296,43.889,0.021,0.022,90,,,,17.162,,14.390,12.398,11.762,11.584,,,,,,,,
0.203381,SSTSL2 J032831.67+305312.0,52.131961,30.88669,2MASS J03283166+3053119,52.1319101128,+30.8866541595,0.000,0.000,90,*,6,03 28 31.65843,+30 53 11.9550,A,2020yCat.1350....0G,Star,*|NIR,25.976,0.041,0.0000866,0.0000001,M1.5,,6.5246,0.0205,37.488,7.241,0.023,0.020,90,,,,,,,11.946,11.240,11.065,,,,,,,,
0.547148,SSTSL2 J041536.50+281710.6,63.902096,28.286285,JH 147,63.9019260825,+28.2863116667,0.000,0.000,90,PM*,3,04 15 36.46226,+28 17 10.7220,A,2020yCat.1350....0G,HighPM*,*|MIR|NIR|PM*|Ro*,17.500,2.650,0.0000584,0.0000088,,,10.4624,0.0330,77.831,-32.138,0.040,0.029,90,,,,16.386,14.844,14.509,11.676,11.051,10.835,,15.604,14.218,13.277,,,,
0.124684,SSTSL2 J013504.00+310513.4,23.766693,31.087071,2MASS J01350400+3105134,23.7666914388,+31.0870363914,0.000,0.000,90,*,2,01 35 04.00595,+31 05 13.3310,A,2020yCat.1350....0G,Star,*|NIR,-24.440,5.140,-0.0000815,0.0000171,,,5.0495,0.0164,2.176,-8.810,0.013,0.011,90,,,,13.700,12.800,,11.198,10.724,10.601,,,,,,,,
0.224734,SSTSL2 J025816.61+192609.8,44.56922,19.436067,GSC 01227-00661,44.5691554091,+19.4360806744,0.000,0.000,90,*,1,02 58 16.59730,+19 26 09.8904,A,2020yCat.1350....0G,Star,*|NIR,5.470,2.400,0.0000182,0.0000080,K5V,,5.0951,0.0169,19.561,-8.267,0.017,0.017,90,,,,,13.163,,11.149,10.661,10.538,,,,,,,,
0.943611,SSTSL2 J122121.18-792202.3,185.338262,-79.367316,Gaia DR3 5787526744135466368,185.3396818536,-79.3673076207,0.000,0.000,90,*,1,12 21 21.52364,-79 22 02.3074,A,2020yCat.1350....0G,Star,*,2.650,1.970,0.0000088,0.0000066,,,4.3863,0.0150,-35.587,1.324,0.016,0.016,90,,,,,,,,,,,,,,,,,
0.679424,SSTSL2 J014451.55-433635.4,26.214821,-43.609853,Gaia DR3 4955642568749319424,26.2145626382,-43.6098280146,0.000,0.000,90,PM*,1,01 44 51.49503,-43 36 35.3809,A,2020yCat.1350....0G,HighPM*,*|PM*|Ro*,12.200,3.780,0.0000407,0.0000126,,,7.3116,0.0260,62.933,-26.748,0.019,0.027,90,,,,,,,,,,,,,,,,,
0.050534,SSTSL2 J174507.88+053021.9,266.282834,5.506091,2MASS J17450788+0530219,266.2828454955,+5.5060828689,0.000,0.000,90,*,8,17 45 07.88292,+05 30 21.8983,A,2020yCat.1350....0G,Star,*|NIR,-24.309,0.158,-0.0000811,0.0000005,,,3.6840,0.0132,-8.604,4.041,0.014,0.011,90,,,,,13.680,,11.737,11.230,11.105,,,,,,,,
0.114011,SSTSL2 J005352.48-705920.5,13.468685,-70.989042,UCAC4 096-000782,13.4685997600,-70.9890572308,0.000,0.000,90,*,3,00 53 52.46394,-70 59 20.6060,A,2020yCat.1350....0G,Star,*|MIR|NIR,13.437,0.107,0.0000448,0.0000004,,,4.2734,0.0155,-3.353,6.107,0.020,0.019,90,,,,14.071,13.108,12.839,11.272,10.778,10.677,,13.569,12.764,12.464,,,,
0.035955,SSTSL2 J060106.18-685511.0,90.275775,-68.919742,1RXS J060107.4-685513,90.2757472786,-68.9197425794,0.000,0.000,90,*,5,06 01 06.17935,-68 55 11.0733,A,2020yCat.1350....0G,Star,*|NIR|X,,,,,,,3.1543,0.0122,-10.700,5.014,0.018,0.016,90,,,,,,13.130,11.629,10.980,10.857,,,,,,,,
0.260871,SSTSL2 J174626.83+054808.8,266.611792,5.802471,2MASS J17462681+0548089,266.6117205242,+5.8024849454,0.000,0.000,90,*,1,17 46 26.81293,+05 48 08.9458,A,2020yCat.1350....0G,Star,*|NIR,14.700,0.600,0.0000490,0.0000020,,,4.7395,0.0190,19.262,-13.548,0.018,0.016,90,,,,,13.442,,11.517,10.980,10.896,,,,,,,,
0.495114,SSTSL2 J004201.59-724724.0,10.506666,-72.79002,UCAC2   1077839,10.5062340160,-72.7899692189,0.000,0.000,90,PM*,6,00 42 01.49616,-72 47 23.8892,A,2020yCat.1350....0G,HighPM*,*|MIR|NIR|PM*,-37.723,0.554,-0.0001258,0.0000018,M1V,,5.8733,0.0236,76.920,-19.010,0.031,0.030,90,,,,15.860,14.380,13.880,11.365,10.713,10.490,,15.090,13.780,13.050,,,,
0.149194,SSTSL2 J025834.32+200023.5,44.643037,20.006533,2MASSs J0258343+200023,44.6430000000,+20.0065555556,,,172,*,1,   02 58 34.32,   +20 00 23.6,D,2001ApJ...560..287L,Star,*|IR,,,,,M,,,,,,,,,,,,,,,,,,,,,,,,,
0.189650,SSTSL2 J045729.38-703302.6,74.372436,-70.55074,2MASS J04572934-7033026,74.3723064125,-70.5507702225,0.000,0.000,90,*,2,04 57 29.35354,-70 33 02.7728,A,2020yCat.1350....0G,Star,*|IR|MIR|NIR,37.435,1.390,0.0001249,0.0000046,,,2.9467,0.0121,16.451,-3.920,0.017,0.014,90,,,,,,,11.220,10.755,10.615,,,,,,,,
0.247218,SSTSL2 J190022.08+392233.4,285.092038,39.375968,2MASS J19002206+3922334,285.0919492578,+39.3759711841,0.000,0.000,90,*,13,19 00 22.06782,+39 22 33.4963,A,2020yCat.1350....0G,Star,*|Er*|NIR|Ro*,,,,,,,5.7808,0.0245,33.652,9.083,0.027,0.032,90,,,,,,,13.117,12.550,12.303,,,,,,,,
0.245902,SSTSL2 J000204.23-301034.3,0.51765,-30.176215,Cl* Blanco    1     ZS      42,0.5175710481,-30.1762177011,0.000,0.000,90,*,33,00 02 04.21705,-30 10 34.3837,A,2020yCat.1350....0G,Star,*|NIR,5.397,0.097,0.0000180,0.0000003,,,4.2257,0.0180,18.252,2.811,0.018,0.014,90,,,,15.310,14.510,,12.131,11.573,11.463,,,,,,,,
0.187423,SSTSL2 J154503.74-342820.5,236.265607,-34.472387,Gaia DR3 6014690931678667520,236.2655798206,-34.4723400067,0.000,0.000,90,*,1,15 45 03.73916,-34 28 20.4240,A,2020yCat.1350....0G,Star,*|Ro*,-31.520,3.090,-0.0001051,0.0000103,,,5.1839,0.0230,-22.676,-17.858,0.025,0.019,90,,,,,,,,,,,,,,,,,
0.184526,SSTSL2 J162015.75-212031.0,245.065664,-21.341947,ATO J245.0656-21.3420,245.0656740112,-21.3418965980,0.000,0.000,90,Y*O,9,16 20 15.76176,-21 20 30.8278,A,2020yCat.1350....0G,YSO,*|MIR|NIR|Opt|Pu*|Y*?|Y*O,,,,,M3.75,,7.5441,0.0375,-9.452,-23.658,0.047,0.031,90,,,,,,,10.586,9.894,9.621,,,,,,,,
0.181076,SSTSL2 J033316.74-360509.0,53.319751,-36.085834,[CPB2018] 12,53.3197288789,-36.0857869852,0.000,0.000,90,*,1,03 33 16.73493,-36 05 08.8331,A,2020yCat.1350....0G,Star,*,,,,,,,3.5260,0.0182,20.724,9.093,0.015,0.020,90,,,,,,,,,,18.748,16.033,14.789,14.267,,,,
0.070786,SSTSL2 J174749.07+053239.7,266.954493,5.544363,2MASS J17474906+0532396,266.9544733066,+5.5443614457,0.000,0.000,90,*,8,17 47 49.07359,+05 32 39.7012,A,2020yCat.1350....0G,Star,*|NIR,-11.460,0.370,-0.0000382,0.0000012,,,4.1380,0.0213,4.515,0.960,0.021,0.018,90,,,,,13.913,,11.579,11.041,10.861,,,,,,,,
0.092755,SSTSL2 J223749.58+750406.4,339.456593,75.068451,2MASS J22374953+7504065,339.4565038069,+75.0684626481,0.000,0.000,90,Or*,18,22 37 49.56091,+75 04 06.4655,A,2020yCat.1350....0G,OrionV*,*|Em*|IR|MIR|NIR|Or*|X|Y*?|Y*O,-48.180,4.610,-0.0001607,0.0000154,K7,,2.8843,0.0149,6.373,0.819,0.016,0.019,90,,,,16.500,15.040,14.010,11.785,10.970,10.680,,,,,,,,
0.489759,SSTSL2 J052515.33+014001.5,81.313887,1.667087,Gaia DR3 3222259150369098496,81.3140210645,+1.6671104516,0.000,0.000,90,*,1,05 25 15.36506,+01 40 01.5976,A,2020yCat.1350....0G,Star,*,52.610,1.600,0.0001755,0.0000053,,,2.9830,0.0156,1.131,2.576,0.017,0.013,90,,,,,,,,,,,,,,,,,
0.064833,SSTSL2 J174742.08+054618.1,266.925353,5.77172,UCAC4 479-068347,266.9253401522,+5.7717073141,0.000,0.000,90,*,1,17 47 42.08164,+05 46 18.1463,A,2020yCat.1350....0G,Star,*|NIR,-27.740,0.118,-0.0000925,0.0000004,,,4.6483,0.0249,-0.137,2.401,0.022,0.020,90,,,,14.931,13.628,13.130,11.190,10.546,10.413,,14.423,13.118,12.758,,,,
0.357094,SSTSL2 J021252.20-743228.2,33.217502,-74.541183,2MASS J02125228-7432279,33.2178388484,-74.5411408365,0.000,0.000,90,*,2,02 12 52.28132,-74 32 28.1070,A,2020yCat.1350....0G,Star,*|MIR|NIR|s?r,,,,,,,2.9270,0.0163,-3.949,-13.993,0.021,0.019,90,,,,,,,12.898,12.248,12.196,,,,,,,,
0.285410,SSTSL2 J000203.71-301024.9,0.515493,-30.173608,Cl* Blanco    1     ZS      43,0.5154013500,-30.1736052234,0.000,0.000,90,*,29,00 02 03.69632,-30 10 24.9788,A,2020yCat.1350....0G,Star,*|NIR,-18.800,0.300,-0.0000627,0.0000010,,,4.2117,0.0238,19.415,2.618,0.023,0.018,90,,,,16.210,15.180,,12.518,11.847,11.686,,,,,,,,
0.385217,SSTSL2 J004332.32-743907.5,10.884686,-74.652088,UCAC4 077-000657,10.8846556901,-74.6519812965,0.000,0.000,90,*,1,00 43 32.31737,-74 39 07.1327,A,2020yCat.1350....0G,Star,*|MIR|NIR,,,,,,,2.7833,0.0158,26.392,-8.321,0.018,0.019,90,,,,14.805,13.793,13.626,11.719,11.185,11.050,,14.283,13.432,13.018,,,,
0.028487,SSTSL2 J052528.05+013717.5,81.366916,1.621535,CVSO 777,81.3669085500,+1.6215323242,0.000,0.000,90,TT*,26,05 25 28.05805,+01 37 17.5164,A,2020yCat.1350....0G,TTauri*,*|BY*|EB?|ev|NIR|Opt|TT*|Y*?|Y*O,23.410,0.062,0.0000781,0.0000002,K7e,,2.7892,0.0163,1.288,-0.585,0.015,0.012,90,,,,,,,11.591,10.977,10.800,,14.731,13.617,,,,,
0.298747,SSTSL2 J000438.40-300057.9,1.160022,-30.0161,Cl* Blanco    1     ZS     128,1.1601158190,-30.0160830526,0.000,0.000,90,PM*,4,00 04 38.42780,-30 00 57.8990,A,2020yCat.1350....0G,HighPM*,*|NIR|PM*,,,,,,,6.3826,0.0385,-65.668,-35.473,0.034,0.027,90,,,,17.090,16.470,,13.108,12.525,12.268,,,,,,,,
0.082136,SSTSL2 J042523.46+283622.5,66.347785,28.606275,Gaia DR3 152931557640478848,66.3478109879,+28.6062749336,0.000,0.000,90,*,1,04 25 23.47464,+28 36 22.5898,A,2020yCat.1350....0G,Star,*,-21.420,1.760,-0.0000714,0.0000059,,,3.8219,0.0231,-7.547,-7.215,0.028,0.022,90,,,,,,,,,,,,,,,,,
0.205561,SSTSL2 J083931.93-532052.4,129.88307,-53.34791,GES J08393196-5320524,129.8831530551,-53.3479383241,0.000,0.000,90,*,7,08 39 31.95673,-53 20 52.5780,A,2020yCat.1350....0G,Star,*,3.020,0.190,0.0000101,0.0000006,,,4.4271,0.0277,-28.265,11.456,0.032,0.032,90,,,,,,,,,,,,,,,,,
0.295332,SSTSL2 J012552.62-715941.0,21.469261,-71.99475,UCAC4 091-004115,21.4690318838,-71.9947914060,0.000,0.000,90,SB*,1,01 25 52.56765,-71 59 41.2491,A,2020yCat.1350....0G,SB*,*|MIR|NIR|SB*,28.060,2.260,0.0000936,0.0000075,,,4.2867,0.0275,21.728,10.711,0.035,0.030,90,,,,13.644,,12.496,10.935,10.406,10.325,,13.177,12.364,12.091,,,,
0.593199,SSTSL2 J000324.88-295315.9,0.853667,-29.88777,Cl* Blanco    1     ZS      92,0.8536716463,-29.8876052718,0.000,0.000,90,PM*,6,00 03 24.88120,-29 53 15.3790,A,2020yCat.1350....0G,HighPM*,*|NIR|PM*,,,,,K7-M0V,,4.4932,0.0289,-16.743,-92.318,0.025,0.027,90,,,,16.250,15.340,,12.766,12.148,11.932,,,,,,,,
0.229188,SSTSL2 J222146.65+583734.5,335.444398,58.626251,2MASS J22214664+5837347,335.4443630000,+58.6263120000,0.060,0.060,90,Y*O,1,22 21 46.64712,+58 37 34.7232,C,2003yCat.2246....0C,YSO,MIR|NIR|Y*O,,,,,,,,,,,,,,,,,,,,13.063,12.345,12.108,,,,,,,,
0.311605,SSTSL2 J121910.72-630146.9,184.79468,-63.029696,UCAC4 135-075151,184.7945358193,-63.0297527121,0.000,0.000,90,*,3,12 19 10.68860,-63 01 47.1098,A,2020yCat.1350....0G,Star,*|NIR,22.460,0.050,0.0000749,0.0000002,,,3.1712,0.0208,30.398,-2.656,0.024,0.025,90,,,,16.480,15.132,14.901,12.935,12.235,12.137,,,,,,,,
0.206735,SSTSL2 J053210.15-003712.3,83.042328,-0.6201,Kiso A-0903 221,83.0423667294,-0.6201424029,0.000,0.000,90,TT*,24,05 32 10.16802,-00 37 12.5127,A,2020yCat.1350....0G,TTauri*,*|Em*|NIR|TT*|Y*?|Y*O,21.997,0.022,0.0000734,0.0000001,K5e,,2.7495,0.0183,1.339,-0.909,0.016,0.014,90,,,,,13.800,,11.488,10.823,10.662,,,,,,,,
0.099827,SSTSL2 J053236.53-004443.7,83.152237,-0.745486,2MASS J05323653-0044437,83.1522304543,-0.7455129461,0.000,0.000,90,Y*O,14,05 32 36.53531,-00 44 43.8466,A,2020yCat.1350....0G,YSO,*|NIR|SB*|Y*?|Y*O,31.129,0.025,0.0001038,0.0000001,,,2.8344,0.0195,1.633,-1.178,0.021,0.017,90,,,,,,,11.295,10.611,10.419,,,,,,,,
0.636167,SSTSL2 J054855.34-662055.2,87.230604,-66.348685,OGLE LMC563.15.008089,87.2301980666,-66.3487536153,0.000,0.000,90,PM*,2,05 48 55.24754,-66 20 55.5130,A,2020yCat.1350....0G,HighPM*,*|LP*|PM*|V*,,,,,,,4.8510,0.0335,31.735,53.002,0.042,0.044,90,,,,,15.558,,,,,,,,,,,,
0.301790,SSTSL2 J005030.33-744928.8,12.6264,-74.824692,UCAC4 076-000772,12.6261467763,-74.8246406820,0.000,0.000,90,*,3,00 50 30.27523,-74 49 28.7065,A,2020yCat.1350....0G,Star,*|MIR|NIR|X,6.055,0.118,0.0000202,0.0000004,,,4.0942,0.0285,32.653,-17.099,0.038,0.032,90,,,,14.862,13.802,13.539,11.830,11.242,11.133,,,13.432,13.055,,,,
0.140828,SSTSL2 J053401.08-060226.8,83.50452,-6.040787,V* V1416 Ori,83.5045405501,-6.0407536436,0.000,0.000,90,TT*,40,05 34 01.08973,-06 02 26.7131,A,2020yCat.1350....0G,TTauri*,*|Em*|MIR|NIR|Or*|TT*|V*|Y*?|Y*O,23.679,0.048,0.0000790,0.0000002,K7.6,,2.6005,0.0182,0.614,1.001,0.017,0.015,90,,,,16.000,15.016,,12.063,11.360,11.139,,,,,,,,
0.159530,SSTSL2 J141156.70-653434.1,212.986268,-65.576153,Gaia DR3 5852711424130750848,212.9862862484,-65.5761966667,0.000,0.000,90,*,2,14 11 56.70870,-65 34 34.3080,A,2020yCat.1350....0G,Star,*,,,,,,,5.0531,0.0366,-14.887,-9.033,0.026,0.031,90,,,,,,,,,,,,,,,,,
0.353327,SSTSL2 J013316.33+302306.0,23.318073,30.385005,LGGS J013316.38+302306.5,23.3181048278,+30.3850992279,0.000,0.000,90,PM*,1,01 33 16.34516,+30 23 06.3572,A,2020yCat.1350....0G,HighPM*,*|NIR|PM*,-18.600,,-0.0000620,,,,7.0354,0.0513,-26.694,-70.181,0.048,0.037,90,,,,18.590,16.940,15.840,13.402,12.777,12.529,,,,,,,,
0.351084,SSTSL2 J021806.99-733343.6,34.52916,-73.562116,UCAC2    928647,34.5294424728,-73.5620601297,0.000,0.000,90,*,6,02 18 07.06619,-73 33 43.4165,A,2020yCat.1350....0G,Star,*|MIR|NIR,53.321,0.011,0.0001779,0.0000000,,,4.1417,0.0310,-13.121,-32.855,0.040,0.039,90,,,,13.190,12.290,12.090,10.637,10.133,10.069,,12.700,11.980,11.740,,,,
0.283512,SSTSL2 J052443.73+015702.6,81.182209,1.950745,2MASS J05244371+0157025,81.1821658740,+1.9506790878,0.000,0.000,90,Em*,1,05 24 43.71981,+01 57 02.4447,A,2020yCat.1350....0G,EmLine*,*|Em*|NIR,,,,,,,3.9747,0.0309,26.039,26.168,0.034,0.024,90,,,,,16.000,,13.092,12.431,12.268,,,,,,,,
0.106923,SSTSL2 J053400.33-053543.4,83.501416,-5.595391,Parenago  1327,83.5014366057,-5.5954124844,0.000,0.000,90,Or*,27,05 34 00.34479,-05 35 43.4849,A,2020yCat.1350....0G,OrionV*,*|Em*|MIR|NIR|Or*|Y*O,20.084,0.013,0.0000670,0.0000000,M3.5,,2.6313,0.0205,-0.160,0.918,0.020,0.016,90,,,,15.863,14.820,,12.020,11.300,11.172,,,,,,,,
0.159155,SSTSL2 J041743.94+280557.1,64.4331,28.099215,2MASS J04174393+2805573,64.4330834174,+28.0992567195,0.000,0.000,90,*,5,04 17 43.94002,+28 05 57.3242,A,2020yCat.1350....0G,Star,*|NIR|Opt,7.887,0.057,0.0000263,0.0000002,M2,,6.9128,0.0547,11.479,-18.641,0.065,0.051,90,,,,,,,12.637,11.567,11.170,,,,,,,,
0.354498,SSTSL2 J224211.90+595720.4,340.549613,59.955669,2MASS J22421192+5957207,340.5496671958,+59.9557636594,0.000,0.000,90,Y*?,2,22 42 11.92013,+59 57 20.7492,A,2020yCat.1350....0G,YSO_Candidate,*|MIR|NIR|Y*?,-23.370,5.540,-0.0000780,0.0000185,,,2.3368,0.0186,-3.142,-6.374,0.021,0.020,90,,,,,,,13.158,12.625,12.520,,,,,,,,
0.151114,SSTSL2 J011329.37-732954.2,18.372384,-73.498414,UCAC4 083-004841,18.3722977614,-73.4984480878,0.000,0.000,90,*,2,01 13 29.35146,-73 29 54.4131,A,2020yCat.1350....0G,Star,*|MIR|NIR,36.536,0.157,0.0001219,0.0000005,,,3.7353,0.0299,15.172,32.115,0.037,0.032,90,,,,14.854,,13.338,11.603,11.061,10.876,,14.294,13.281,12.902,,,,
0.090707,SSTSL2 J053306.23-004219.7,83.275969,-0.705495,CVSO 115,83.2759940905,-0.7054973278,0.000,0.000,90,TT*,17,05 33 06.23858,-00 42 19.7904,A,2020yCat.1350....0G,TTauri*,*|NIR|Or*|TT*|Y*O,17.025,0.190,0.0000568,0.0000006,M0,,3.0019,0.0243,1.633,-0.931,0.025,0.019,90,,,,,14.580,,11.774,10.990,10.733,,,,,,,,
0.081332,SSTSL2 J070306.79-035143.5,105.778296,-3.862091,ZTF J070306.78-035143.7,105.7782796092,-3.8620754126,0.000,0.000,90,BY*,4,07 03 06.78711,-03 51 43.4715,A,2020yCat.1350....0G,BYDraV*,*|BY*|MIR|NIR|Y*?,,,,,,,5.7417,0.0465,0.233,-12.306,0.049,0.045,90,,,,16.896,15.428,14.960,11.613,10.953,10.726,,16.152,14.822,13.612,,,,
0.118394,SSTSL2 J043219.18+262802.3,68.079945,26.467315,UCAC4 583-012422,68.0799780771,+26.4673293108,0.000,0.000,90,*,5,04 32 19.19474,+26 28 02.3855,A,2020yCat.1350....0G,Star,*|NIR,-84.440,0.019,-0.0002816,0.0000001,,,5.4867,0.0445,-21.783,-13.455,0.055,0.039,90,,,,,15.501,,12.168,11.204,10.894,,,,,,,,
0.674160,SSTSL2 J000153.93-303904.2,0.474749,-30.651194,CTLGM 1632,0.4745400807,-30.6511414097,0.000,0.000,90,PM*,1,00 01 53.88962,-30 39 04.1091,A,2020yCat.1350....0G,HighPM*,*|NIR|PM*,,,,,,,5.8651,0.0489,52.769,-36.888,0.053,0.046,90,,,,,16.750,,13.305,12.738,12.492,,,,,,,,
0.073567,SSTSL2 J054452.80+091305.2,86.220029,9.218129,[DM99] 258,86.2200481754,+9.2181212969,0.000,0.000,90,Or*,24,05 44 52.81156,+09 13 05.2367,A,2020yCat.1350....0G,OrionV*,*|MIR|NIR|Opt|Or*|V*|Y*?|Y*O,28.640,0.026,0.0000955,0.0000001,,,2.5121,0.0212,1.909,-2.321,0.022,0.014,90,,,,,14.600,13.760,11.754,11.066,10.833,,,,,,,,
0.310525,SSTSL2 J000224.29-300908.8,0.601231,-30.152466,Cl* Blanco    1     ZS      53,0.6011338358,-30.1524855288,0.000,0.000,90,*,33,00 02 24.27212,-30 09 08.9479,A,2020yCat.1350....0G,Star,*|NIR|Ro*,5.656,0.267,0.0000189,0.0000009,,,4.1842,0.0361,18.531,2.298,0.031,0.029,90,,,,16.820,16.080,,13.048,12.388,12.227,,,,,,,,
0.047219,SSTSL2 J013715.96-743801.7,24.316528,-74.633812,UCAC4 077-001581,24.3164970432,-74.6338222348,0.000,0.000,90,*,2,01 37 15.95929,-74 38 01.7600,A,2020yCat.1350....0G,Star,*|MIR|NIR,14.370,0.116,0.0000479,0.0000004,,,4.0270,0.0351,-5.965,10.993,0.045,0.036,90,,,,14.223,13.206,13.005,11.339,10.730,10.659,,13.710,12.791,12.268,,,,
0.379102,SSTSL2 J004258.10+403315.9,10.742103,40.554422,Pul -3   50346,10.7419767654,+40.5543785221,0.000,0.000,90,*,1,00 42 58.07442,+40 33 15.7627,A,2020yCat.1350....0G,Star,*|NIR,,,,,,,1.8740,0.0167,15.132,-6.777,0.014,0.013,90,,,,14.200,,13.500,12.439,11.950,11.871,,,,,,,,
0.130378,SSTSL2 J013212.18+301040.8,23.050786,30.178022,UCAC4 601-003991,23.0508278919,+30.1780223804,0.000,0.000,90,*,3,01 32 12.19869,+30 10 40.8806,A,2020yCat.1350....0G,Star,*|NIR,-86.796,0.041,-0.0002895,0.0000001,,,2.8689,0.0261,-21.536,-19.743,0.028,0.016,90,,,,15.306,14.289,13.950,12.407,11.868,11.754,,14.824,13.905,13.583,,,,
0.309150,SSTSL2 J041834.74+280155.1,64.644767,28.031989,Gaia DR3 164488146402995968,64.6446996812,+28.0320509969,0.000,0.000,90,PM*,1,04 18 34.72792,+28 01 55.3836,A,2020yCat.1350....0G,HighPM*,*|PM*,-11.500,2.990,-0.0000384,0.0000100,,,4.0749,0.0376,20.453,-51.889,0.047,0.036,90,,,,,,,,,,,,,,,,,
1.078883,SSTSL2 J083700.52-432133.2,129.252179,-43.359249,Gaia DR3 5523337086650972416,129.2525637704,-43.3593564830,0.000,0.000,90,Y*?,7,08 37 00.61530,-43 21 33.6833,A,2020yCat.1350....0G,YSO_Candidate,*|Em*|Y*?|Y*O,,,,,,,3.1174,0.0297,-7.636,10.044,0.032,0.035,90,,,,,,,,,,,,,,,,,
0.409143,SSTSL2 J161147.32+215923.1,242.947198,21.989766,UCAC4 560-057099,242.9472468097,+21.9898702503,0.000,0.000,90,*,3,16 11 47.33923,+21 59 23.5329,A,2020yCat.1350....0G,Star,*|NIR,-6.812,0.021,-0.0000227,0.0000001,,,5.2246,0.0498,-8.420,-35.591,0.043,0.047,90,,,,15.304,13.904,13.609,11.482,10.847,10.688,,14.649,13.397,12.894,,,,
0.131602,SSTSL2 J012255.16-745515.0,20.729857,-74.92086,2MASS J01225517-7455152,20.7299039204,-74.9208944580,0.000,0.000,90,*,2,01 22 55.17694,-74 55 15.2200,A,2020yCat.1350....0G,Star,*|MIR|NIR|s?r,,,,,,,2.0898,0.0211,15.571,-2.006,0.026,0.025,90,,,,,,,13.057,12.408,12.271,,,,,,,,
0.292652,SSTSL2 J105839.06-154945.2,164.662789,-15.829248,2MASS J10583905-1549451,164.6627053051,-15.8292368305,0.000,0.000,90,*,1,10 58 39.04927,-15 49 45.2526,A,2020yCat.1350....0G,Star,*|NIR,,,,,,,2.4257,0.0266,4.596,-8.101,0.026,0.023,90,,,,,,,12.868,12.199,12.067,,,,,,,,
0.123048,SSTSL2 J005332.39-740559.0,13.385,-74.099749,2MASS J00533237-7405591,13.3848833333,-74.0997611111,0.080,0.060,2,NIR,1,  00 53 32.372,  -74 05 59.14,C,2003yCat.2246....0C,NearIR,FIR|MIR|NIR,,,,,,,,,,,,,,,,,,,,14.052,13.446,13.261,,,,,,,,
0.299796,SSTSL2 J050730.65-653633.9,76.877736,-65.609444,MACHO  57.4466.20,76.8775520752,-65.6094098501,0.000,0.000,90,PM*,1,05 07 30.61250,-65 36 33.8755,A,2020yCat.1350....0G,HighPM*,*|NIR|PM*,,,,,,,3.2313,0.0356,19.160,-52.080,0.042,0.048,90,,,,,,16.110,13.951,13.348,13.108,,,,,,,,
0.293803,SSTSL2 J084010.53-530953.5,130.0439,-53.164872,UCAC4 185-021081,130.0440085516,-53.1649212475,0.000,0.000,90,*,7,08 40 10.56205,-53 09 53.7165,A,2020yCat.1350....0G,Star,*|MIR|NIR,16.300,2.150,0.0000544,0.0000072,,,6.5164,0.0725,-24.166,22.850,0.088,0.089,90,,,,16.195,14.748,14.197,11.501,10.856,10.630,,15.515,14.136,13.275,,,,
0.343250,SSTSL2 J105339.65-771233.9,163.415248,-77.209423,2MASS J10533978-7712338,163.4156781524,-77.2094277152,0.000,0.000,90,TT*,26,10 53 39.76276,-77 12 33.9398,A,2020yCat.1350....0G,TTauri*,*|NIR|Or*|TT*|Y*?,,,,,M2.75,,5.4268,0.0611,-23.290,3.079,0.069,0.070,90,,,,,19.380,,13.282,12.144,11.584,,,,,,,,
0.032750,SSTSL2 J053542.84-062144.7,83.928511,-6.362418,V* V2580 Ori,83.9285112363,-6.3624089059,0.000,0.000,90,Or*,31,05 35 42.84270,-06 21 44.6721,A,2020yCat.1350....0G,OrionV*,*|Em*|MIR|NIR|Opt|Or*|V*|X|Y*?|Y*O,27.204,0.104,0.0000907,0.0000003,M2.5,,2.5785,0.0297,1.123,0.484,0.028,0.024,90,,,,17.580,16.663,,12.982,12.118,11.842,19.780,17.326,15.898,15.380,14.251,,,
0.067838,SSTSL2 J053619.76-051438.7,84.082353,-5.244099,V* V1182 Ori,84.0823341063,-5.2441000522,0.000,0.000,90,TT*,39,05 36 19.76019,-05 14 38.7602,A,2020yCat.1350....0G,TTauri*,*|Em*|MIR|NIR|Or*|TT*|TT?|V*|Y*O,28.484,0.045,0.0000950,0.0000002,M1.5,,2.5057,0.0290,1.432,-0.739,0.026,0.023,90,,,,16.500,16.210,,12.252,11.410,10.947,,,,,,,,
0.107897,SSTSL2 J174730.30+054051.2,266.876257,5.680906,Cl* IC 4665      P     411,266.8762632852,+5.6809353115,0.000,0.000,90,*,10,17 47 30.30319,+05 40 51.3671,A,2020yCat.1350....0G,Star,*|NIR,-12.481,0.190,-0.0000416,0.0000006,,,2.9421,0.0345,6.465,-2.813,0.033,0.030,90,,,,17.970,16.236,,13.215,12.494,12.324,,,,,,,,
0.359935,SSTSL2 J003643.00-720811.4,9.179203,-72.136504,2MASS J00364307-7208115,9.1795137759,-72.1365341409,0.000,0.000,90,*,2,00 36 43.08331,-72 08 11.5229,A,2020yCat.1350....0G,Star,*|MIR|NIR|s?r,9.120,2.100,0.0000304,0.0000070,,,7.7504,0.0910,-36.514,12.961,0.110,0.104,90,,,,14.980,13.650,,11.138,10.479,10.315,,,,,,,,
0.580176,SSTSL2 J053439.84+100621.9,83.66601,10.10611,[DM99]  16,83.6658463023,+10.1061108276,0.000,0.000,90,Or*,37,05 34 39.80311,+10 06 21.9990,A,2020yCat.1350....0G,OrionV*,*|NIR|Or*|Y*?|Y*O,27.534,0.034,0.0000918,0.0000001,M1.5,,2.5344,0.0299,0.969,-2.006,0.031,0.022,90,,,,,16.080,15.020,12.366,11.663,11.429,,16.641,15.417,14.410,,,,
0.491092,SSTSL2 J041840.04+280428.3,64.666874,28.074546,Gaia DR3 164488867957491584,64.6667344649,+28.0746047463,0.000,0.000,90,PM*,1,04 18 40.01627,+28 04 28.5771,A,2020yCat.1350....0G,HighPM*,*|PM*,,,,,,,4.9437,0.0583,60.497,-52.765,0.071,0.054,90,,,,,,,,,,,,,,,,,
0.082155,SSTSL2 J053713.94-070323.1,84.308116,-7.056422,Haro 4-420,84.3081245346,-7.0564008090,0.000,0.000,90,Or*,32,05 37 13.94989,-07 03 23.0429,A,2020yCat.1350....0G,OrionV*,*|Em*|MIR|NIR|Opt|Or*|Y*?|Y*O,24.018,0.026,0.0000801,0.0000001,M2.7,,2.5493,0.0316,-0.197,0.870,0.028,0.024,90,,,,17.190,16.340,,12.620,11.925,11.638,18.675,17.304,15.981,14.897,14.174,,,
0.324419,SSTSL2 J050011.48-711649.6,75.04786,-71.280465,UCAC4 094-005466,75.0475844381,-71.2804823137,0.000,0.000,90,*,4,05 00 11.42027,-71 16 49.7363,A,2020yCat.1350....0G,Star,*|NIR,20.228,0.032,0.0000675,0.0000001,,,4.2093,0.0523,3.219,11.689,0.063,0.072,90,,,,14.004,13.074,12.866,11.316,10.797,10.697,,13.485,12.772,12.492,,,,
0.093706,SSTSL2 J053225.57-001734.4,83.106556,-0.292894,UCAC4 449-010780,83.1065523548,-0.2928682271,0.000,0.000,90,Y*O,9,05 32 25.57257,-00 17 34.3256,A,2020yCat.1350....0G,YSO,*|MIR|NIR|Y*?|Y*O,22.908,0.072,0.0000764,0.0000002,,,2.7535,0.0352,1.584,-0.681,0.037,0.029,90,,,,18.210,16.760,16.010,12.614,11.897,11.555,,17.100,16.000,14.820,,,,
0.067073,SSTSL2 J054422.89+091035.2,86.09539,9.176453,[DM99] 247,86.0953827022,+9.1764358178,0.000,0.000,90,Or*,23,05 44 22.89185,+09 10 35.1689,A,2020yCat.1350....0G,OrionV*,*|MIR|NIR|Or*|Y*?|Y*O,30.813,0.043,0.0001028,0.0000001,,,2.4907,0.0321,2.635,-2.412,0.035,0.022,90,,,,,16.090,15.010,12.452,11.720,11.449,,,,,,,,
0.105967,SSTSL2 J053403.83-043606.1,83.515986,-4.601701,Haro 4-14,83.5160154163,-4.6016984133,0.000,0.000,90,TT*,38,05 34 03.84370,-04 36 06.1143,A,2020yCat.1350....0G,TTauri*,*|Em*|MIR|NIR|TT*|V*|Y*?|Y*O,30.938,0.049,0.0001032,0.0000002,M2.2,,2.5224,0.0326,1.226,0.316,0.029,0.025,90,,,,,16.400,,12.707,12.000,11.785,,,,,,,,
0.122442,SSTSL2 J053334.39-061352.6,83.393329,-6.23129,2MASS J05333439-0613526,83.3933191321,-6.2312574336,0.000,0.000,90,TT*,31,05 33 34.39659,-06 13 52.5268,A,2020yCat.1350....0G,TTauri*,*|Em*|G|MIR|NIR|Or*|TT*|Y*?|Y*O,25.593,0.239,0.0000854,0.0000008,M2.1,,2.7917,0.0362,1.202,0.466,0.032,0.028,90,,,,,16.450,,12.717,11.980,11.793,,,,,,,,
0.068961,SSTSL2 J053439.12-040209.3,83.663032,-4.035939,V* V1117 Ori,83.6630317947,-4.0359581547,0.000,0.000,90,TT*,16,05 34 39.12763,-04 02 09.4494,A,2020yCat.1350....0G,TTauri*,*|Er*|MIR|NIR|Or*|TT*|V*|Y*?|Y*O,,,,,M0e,,2.5923,0.0342,0.538,0.675,0.028,0.021,90,,,,,,,12.524,11.788,11.653,,,,,,,,
0.089460,SSTSL2 J053602.88+094207.5,84.012,9.702091,[DM99]  53,84.0120242002,+9.7020840355,0.000,0.000,90,Or*,33,05 36 02.88581,+09 42 07.5025,A,2020yCat.1350....0G,OrionV*,*|NIR|Or*|X|Y*?|Y*O,27.217,0.019,0.0000908,0.0000001,K4.7,,2.4540,0.0327,1.975,-2.111,0.040,0.024,90,,,,,15.220,14.300,12.151,11.455,11.250,,15.638,14.481,13.810,,,,
0.262151,SSTSL2 J073145.61-465917.7,112.940057,-46.988274,2MASS J07314563-4659177,112.9401476988,-46.9882355968,0.000,0.000,90,Y*O,6,07 31 45.63545,-46 59 17.6481,A,2020yCat.1350....0G,YSO,*|NIR|Y*?|Y*O,,,,,,,2.4265,0.0325,-4.251,9.111,0.037,0.044,90,,,,18.950,17.280,16.040,12.957,12.039,11.714,,,,,,,,
0.149994,SSTSL2 J054041.43-093625.9,85.172639,-9.607203,2MASS J05404144-0936260,85.1726769840,-9.6072212588,0.000,0.000,90,Y*O,22,05 40 41.44248,-09 36 25.9965,A,2020yCat.1350....0G,YSO,*|MIR|NIR|Y*O,19.296,0.059,0.0000644,0.0000002,,,2.2616,0.0305,0.329,-1.680,0.027,0.023,90,,,,,,,12.493,11.673,11.452,,,,,,,,
0.180851,SSTSL2 J053349.93+095036.9,83.458048,9.843594,[DM99]   2,83.4580334380,+9.8435458562,0.000,0.000,90,Or*,36,05 33 49.92803,+09 50 36.7651,A,2020yCat.1350....0G,OrionV*,*|NIR|Or*|Y*?|Y*O,23.599,0.024,0.0000787,0.0000001,M3.0,,2.6183,0.0355,2.580,-3.131,0.037,0.026,90,,,,,16.030,15.050,12.680,11.954,,,17.157,15.894,14.738,,,,
0.098541,SSTSL2 J053615.83-061450.7,84.065981,-6.247422,V* V1076 Ori,84.0660085327,-6.2474224237,0.000,0.000,90,TT*,47,05 36 15.84205,-06 14 50.7207,A,2020yCat.1350....0G,TTauri*,*|Em*|Er*|MIR|NIR|Opt|Or*|TT*|V*|X|Y*?|Y*O,25.829,0.070,0.0000862,0.0000002,M2.5,,2.5538,0.0352,1.677,-1.149,0.031,0.029,90,,,,,16.810,15.960,13.022,12.315,12.029,19.233,17.539,16.093,15.023,14.363,,,
0.414393,SSTSL2 J053721.71-004040.1,84.340494,-0.677808,CVSO 1757,84.3403803174,-0.6777898841,0.000,0.000,90,TT*,22,05 37 21.69128,-00 40 40.0436,A,2020yCat.1350....0G,TTauri*,*|MIR|NIR|TT*|Y*?|Y*O,19.867,0.033,0.0000663,0.0000001,M2.5e,,2.8384,0.0392,1.805,-0.952,0.040,0.032,90,,,,,,16.270,12.783,12.124,11.899,,,,,,,,
0.029493,SSTSL2 J053640.05-051223.1,84.166897,-5.206439,V* V1243 Ori,84.1668890799,-5.2064412150,0.000,0.000,90,Or*,34,05 36 40.05338,-05 12 23.1884,A,2020yCat.1350....0G,OrionV*,*|Em*|Er*|MIR|NIR|Or*|TT?|V*|Y*O,28.526,0.081,0.0000952,0.0000003,M1.8,,2.5213,0.0354,1.025,-0.018,0.034,0.028,90,,,,16.880,18.100,,12.479,11.630,11.216,,,,,,,,
0.061994,SSTSL2 J053825.52-064757.5,84.606372,-6.79933,V* V1002 Ori,84.6063588918,-6.7993187246,0.000,0.000,90,Or*,20,05 38 25.52613,-06 47 57.5474,A,2020yCat.1350....0G,OrionV*,*|Em*|MIR|NIR|Opt|Or*|V*|Y*O,,,,,M5.0,,2.7746,0.0397,1.048,0.537,0.035,0.031,90,,,,17.300,16.934,,13.120,12.240,11.721,17.496,17.186,16.209,15.650,14.948,,,
0.707442,SSTSL2 J083841.39-525504.7,129.67249,-52.917975,GES J08384138-5255039,129.6724309661,-52.9177817391,0.000,0.000,90,PM*,7,08 38 41.38343,-52 55 04.0143,A,2020yCat.1350....0G,HighPM*,*|PM*,18.700,0.300,0.0000624,0.0000010,,,7.8582,0.1125,-4.606,-92.940,0.146,0.122,90,,,,,,,,,,,,,,,,,
0.061924,SSTSL2 J053256.90-051247.6,83.237095,-5.213232,V* V1103 Ori,83.2371076541,-5.2132437081,0.000,0.000,90,Or*,26,05 32 56.90584,-05 12 47.6773,A,2020yCat.1350....0G,OrionV*,*|Em*|Er*|G|MIR|NIR|Or*|V*|Y*O,26.252,0.070,0.0000876,0.0000002,,,2.4951,0.0357,0.563,-0.206,0.032,0.025,90,,,,,,15.940,12.575,11.619,11.150,,,,,,,,
0.223229,SSTSL2 J053655.23-062025.9,84.230139,-6.340538,2MASS J05365522-0620257,84.2300908351,-6.3404985862,0.000,0.000,90,TT*,30,05 36 55.22180,-06 20 25.7949,A,2020yCat.1350....0G,TTauri*,*|Em*|G|MIR|NIR|Opt|Or*|TT*|Y*O,22.360,0.044,0.0000746,0.0000001,M2.2,,2.6599,0.0391,0.727,0.736,0.034,0.030,90,,,,,,,12.999,12.370,12.124,19.420,17.590,16.213,15.054,14.374,,,
0.081400,SSTSL2 J054239.34-082628.3,85.663954,-8.441198,2MASS J05423935-0826282,85.6639763277,-8.4411931543,0.000,0.000,90,Or*,31,05 42 39.35432,-08 26 28.2954,A,2020yCat.1350....0G,OrionV*,*|MIR|NIR|Or*|X|Y*O,19.512,0.037,0.0000651,0.0000001,M0.3,,2.3613,0.0348,0.064,-0.548,0.028,0.026,90,,,,,16.410,,12.585,11.734,11.481,,,,,,,,
0.192429,SSTSL2 J054239.34-082628.3,85.663954,-8.441198,SOXS 954,85.6639000000,-8.4412000000,,,172,Y*O,1,    05 42 39.3,     -08 26 28,D,2013ApJ...768...99P,YSO,X|Y*O,,,,,,,,,,,,,,,,,,,,,,,,,,,,,,
0.192429,SSTSL2 J054239.34-082628.3,85.663954,-8.441198,SOXS 955,85.6639000000,-8.4412000000,,,172,Y*O,1,    05 42 39.3,     -08 26 28,D,2013ApJ...768...99P,YSO,X|Y*O,,,,,,,,,,,,,,,,,,,,,,,,,,,,,,
0.071250,SSTSL2 J053647.18-052250.0,84.196585,-5.380576,V* V2706 Ori,84.1965658366,-5.3805812633,0.000,0.000,90,Or*,31,05 36 47.17580,-05 22 50.0925,A,2020yCat.1350....0G,OrionV*,*|Em*|MIR|NIR|Or*|TT?|V*|Y*O,36.251,0.162,0.0001209,0.0000005,M2.9,,2.5608,0.0378,1.815,-0.531,0.036,0.032,90,,,,,17.400,,12.772,12.137,11.847,,,,,,,,
0.099469,SSTSL2 J054006.26-074744.5,85.026117,-7.795721,Haro 4-471,85.0261124177,-7.7956937452,0.000,0.000,90,Or*,31,05 40 06.26698,-07 47 44.4975,A,2020yCat.1350....0G,OrionV*,*|Em*|MIR|NIR|Opt|Or*|Y*?|Y*O,24.008,0.051,0.0000801,0.0000002,M3.1,,2.5592,0.0380,0.099,0.387,0.033,0.030,90,,,,,16.985,,12.983,12.257,12.036,19.220,17.760,16.195,15.147,14.447,,,
0.226415,SSTSL2 J053215.46+120934.2,83.064449,12.159508,Haro 6-61,83.0643849228,+12.1595136392,0.000,0.000,90,Or*,34,05 32 15.45238,+12 09 34.2491,A,2020yCat.1350....0G,OrionV*,*|Em*|NIR|Or*|V*|Y*?|Y*O,25.139,0.027,0.0000839,0.0000001,M2.2,,2.6096,0.0388,1.576,-2.442,0.035,0.026,90,,,,,16.380,15.400,12.700,11.977,11.577,,,,,,,,
0.047870,SSTSL2 J162338.52-230544.7,245.910503,-23.095764,2MASS J16233852-2305447,245.9105108007,-23.0957751952,0.000,0.000,90,Y*O,19,16 23 38.52259,-23 05 44.7907,A,2020yCat.1350....0G,YSO,*|Em*|IR|MIR|NIR|V*|Y*?|Y*O,,,,,M5.25,,6.9070,0.1027,-7.938,-23.907,0.126,0.093,90,,,,,,,13.016,12.099,11.642,,,,,,,,
0.112662,SSTSL2 J053647.53-060820.3,84.198066,-6.138991,V* V991 Ori,84.1980935918,-6.1389759409,0.000,0.000,90,Or*,35,05 36 47.54246,-06 08 20.3134,A,2020yCat.1350....0G,OrionV*,*|Em*|Er*|G|MIR|NIR|Opt|Or*|TT*|V*|Y*O,25.332,0.035,0.0000845,0.0000001,M2.7,,2.6395,0.0394,1.767,-0.740,0.032,0.028,90,,,,18.100,16.797,,12.986,12.282,12.068,19.930,17.655,16.219,15.066,14.379,,,
0.089508,SSTSL2 J053214.97-015826.3,83.062383,-1.973989,2MASS J05321496-0158263,83.0623581904,-1.9739908422,0.000,0.000,90,Y*O,21,05 32 14.96597,-01 58 26.3670,A,2020yCat.1350....0G,YSO,*|IR|NIR|Y*?|Y*O,30.920,0.037,0.0001031,0.0000001,,,2.3632,0.0357,0.070,-0.055,0.032,0.029,90,,,,,16.710,,12.806,12.030,11.650,,,,,,,,
0.203547,SSTSL2 J220641.05+590147.0,331.671078,59.029734,2MASS J22064103+5901471,331.6709730472,+59.0297507333,0.000,0.000,90,Y*O,4,22 06 41.03353,+59 01 47.1026,A,2020yCat.1350....0G,YSO,*|Em*|MIR|NIR|Y*?|Y*O,,,,,,,2.2147,0.0334,2.999,0.590,0.041,0.038,90,,,,,,,12.899,11.911,11.514,,,16.790,15.069,,,,
0.090074,SSTSL2 J053515.81-042218.5,83.815907,-4.371829,2MASS J05351581-0422185,83.8158830283,-4.3718363976,0.000,0.000,90,Y*O,24,05 35 15.81193,-04 22 18.6110,A,2020yCat.1350....0G,YSO,*|MIR|NIR|Y*O,28.691,0.111,0.0000957,0.0000004,M2.2,,2.5929,0.0397,0.815,0.629,0.034,0.024,90,,,,,,,12.686,11.820,11.229,,,,,,,,
0.454991,SSTSL2 J051756.19-715538.1,79.484158,-71.927258,MACHO  37.6065.16,79.4838076912,-71.9273225250,0.000,0.000,90,*,1,05 17 56.11385,-71 55 38.3611,A,2020yCat.1350....0G,Star,*|NIR,,,,,,,2.1428,0.0336,30.800,18.831,0.039,0.049,90,,,,,,15.770,14.019,13.271,13.120,,,,,,,,
0.127370,SSTSL2 J032526.49+305237.5,51.360412,30.877085,Gaia DR3 123993506812387712,51.3603853350,+30.8770580181,0.000,0.000,90,*,4,03 25 26.49248,+30 52 37.4089,A,2020yCat.1350....0G,Star,*,,,,,,,3.3943,0.0538,8.373,-8.402,0.070,0.046,90,,,,,,,,,,,,,,,,,
0.091095,SSTSL2 J054446.58+091121.6,86.194097,9.189335,[DM99] 256,86.1941010330,+9.1893100109,0.000,0.000,90,TT*,14,05 44 46.58425,+09 11 21.5160,A,2020yCat.1350....0G,TTauri*,*|Em*|ev|MIR|NIR|Or*|TT*|Y*O,28.038,0.213,0.0000935,0.0000007,M2,,2.4429,0.0389,3.053,-2.504,0.041,0.027,90,,,,17.888,16.722,15.660,12.924,12.212,11.953,,17.638,16.122,15.074,,,,
0.083850,SSTSL2 J054414.87+090808.1,86.061972,9.135597,[DM99] 243,86.0619789858,+9.1355747529,0.000,0.000,90,Or*,23,05 44 14.87496,+09 08 08.0691,A,2020yCat.1350....0G,OrionV*,*|Em*|NIR|Or*|Y*?|Y*O,29.102,0.022,0.0000971,0.0000001,,,2.5497,0.0409,1.588,-2.323,0.050,0.031,90,,,,,17.050,15.860,12.671,11.967,11.673,,,,,,,,
0.150998,SSTSL2 J052938.81-011917.9,82.41174,-1.321666,CVSO 1189,82.4117057793,-1.3216902663,0.000,0.000,90,TT*,9,05 29 38.80939,-01 19 18.0850,A,2020yCat.1350....0G,TTauri*,*|NIR|TT*|Y*O,,,,,M3e,,2.9133,0.0476,1.541,-1.513,0.047,0.041,90,,,,,,,13.698,12.782,12.385,,,,,,,,
0.113283,SSTSL2 J162418.75-244847.4,246.078126,-24.813169,BKLT J162418-244846,246.0781605736,-24.8131713205,0.000,0.000,90,Y*O,17,16 24 18.75854,-24 48 47.4168,A,2020yCat.1350....0G,YSO,*|Em*|IR|NIR|Y*?|Y*O,,,,,M3.25,,6.1946,0.1019,-9.269,-21.238,0.113,0.077,90,,,,,,,12.653,11.521,10.977,,,,,,,,
0.220513,SSTSL2 J162526.32-234442.1,246.359705,-23.745041,2MASS J16252632-2344418,246.3597021903,-23.7449798003,0.000,0.000,90,Y*O,11,16 25 26.32853,-23 44 41.9273,A,2020yCat.1350....0G,YSO,*|Em*|MIR|NIR|Y*O,,,,,M5,,6.9707,0.1157,-6.303,-26.206,0.141,0.088,90,,,,,,,12.291,,,,,,,,,,
0.019681,SSTSL2 J053552.90-040807.3,83.970438,-4.135385,2MASS J05355290-0408073,83.9704393453,-4.1353797003,0.000,0.000,90,Y*O,25,05 35 52.90544,-04 08 07.3669,A,2020yCat.1350....0G,YSO,*|MIR|NIR|SB*|Y*?|Y*O,28.583,0.094,0.0000953,0.0000003,M2.5,,2.5594,0.0429,0.996,0.388,0.038,0.031,90,,,,,,,13.124,12.471,12.206,,,,,,,,
0.127294,SSTSL2 J053606.59-063142.9,84.027483,-6.528609,[FHM2008] F31-ap211,84.0274480980,-6.5286020793,0.000,0.000,90,TT*,20,05 36 06.58754,-06 31 42.9675,A,2020yCat.1350....0G,TTauri*,*|MIR|NIR|Opt|Or*|TT*|X|Y*?|Y*O,22.560,1.550,0.0000753,0.0000052,M3.5,,2.6171,0.0439,1.248,0.447,0.041,0.034,90,,,,,17.647,,13.352,12.665,12.398,20.890,18.279,16.904,15.522,14.779,,,
0.177543,SSTSL2 J053152.95-013933.9,82.970632,-1.659424,2MASS J05315294-0139338,82.9705863047,-1.6594054011,0.000,0.000,90,TT*,11,05 31 52.94071,-01 39 33.8594,A,2020yCat.1350....0G,TTauri*,*|Em*|ev|MIR|NIR|Opt|TT*|Y*?,,,,,M4,,2.4319,0.0412,0.047,-0.535,0.043,0.036,90,,,,,,,13.358,12.630,12.342,19.558,17.913,16.491,15.370,14.731,,,
0.169236,SSTSL2 J185141.09-001749.6,282.921237,-0.297128,ZTF J185141.09-001749.7,282.9211900000,-0.2971270000,0.070,0.060,4,RS*,3,18 51 41.08560,-00 17 49.6572,C,2003yCat.2246....0C,RSCVnV*,MIR|NIR|RS*|Y*?,,,,,,,,,,,,,,,,,,,,12.283,11.436,10.968,,16.206,14.930,,,,,
0.337854,SSTSL2 J221600.85+591951.0,334.003548,59.330837,ZTF J221600.81+591951.0,334.0033640623,+59.3308348179,0.000,0.000,90,BY*,6,22 16 00.80737,+59 19 51.0053,A,2020yCat.1350....0G,BYDraV*,*|BY*|Em*|MIR|NIR|Y*O,,,,,,,2.1855,0.0381,3.458,0.268,0.045,0.041,90,,,,,,,13.206,12.412,12.134,,18.659,16.811,15.196,,,,
0.118939,SSTSL2 J053318.13-042243.1,83.325545,-4.378666,Kiso A-0976  35,83.3255773203,-4.3786732819,0.000,0.000,90,TT*,26,05 33 18.13856,-04 22 43.2238,A,2020yCat.1350....0G,TTauri*,*|Em*|MIR|NIR|TT*|Y*?|Y*O,27.789,0.063,0.0000927,0.0000002,K9.6,,2.5557,0.0447,0.545,0.526,0.040,0.031,90,,,,,16.800,,12.928,12.309,11.997,,,,,,,,
0.464947,SSTSL2 J053444.92-004350.5,83.687181,-0.730696,2MASS J05344491-0043501,83.6871343117,-0.7305755808,0.000,0.000,90,Y*O,9,05 34 44.91223,-00 43 50.0721,A,2020yCat.1350....0G,YSO,*|LM*|NIR|Y*?|Y*O,,,,,,,2.8343,0.0501,1.903,-1.104,0.055,0.044,90,,,,,,16.360,13.131,12.334,11.994,,,,,,,,
0.635220,SSTSL2 J054239.79-092146.4,85.665794,-9.362902,2MASS J05423983-0921460,85.6659542635,-9.3628237058,0.000,0.000,90,Y*O,23,05 42 39.82902,-09 21 46.1653,A,2020yCat.1350....0G,YSO,*|MIR|NIR|Y*O,23.005,0.057,0.0000767,0.0000002,M1.9,,2.3012,0.0410,0.266,-0.706,0.039,0.034,90,,,,,,,12.736,11.745,11.295,,,,,,,,
0.076094,SSTSL2 J053348.22-051326.1,83.450952,-5.223934,V* V1900 Ori,83.4509345014,-5.2239220369,0.000,0.000,90,TT*,39,05 33 48.22428,-05 13 26.1193,A,2020yCat.1350....0G,TTauri*,*|Em*|ev|MIR|NIR|Or*|TT*|TT?|V*|Y*O,25.382,0.079,0.0000847,0.0000003,M2.6,,2.6471,0.0476,0.585,-0.578,0.043,0.034,90,,,,,16.740,,12.988,12.175,11.875,,,,,,,,
0.102602,SSTSL2 J054259.12-080923.6,85.746359,-8.156562,2MASS J05425913-0809236,85.7463877069,-8.1565598141,0.000,0.000,90,Or*,32,05 42 59.13305,-08 09 23.6153,A,2020yCat.1350....0G,OrionV*,*|Em*|MIR|NIR|Or*|X|Y*O,23.156,0.058,0.0000772,0.0000002,M1,,2.3047,0.0417,-0.003,-0.124,0.039,0.036,90,,,,,17.708,,13.065,12.023,11.591,,,,,,,,
0.072595,SSTSL2 J053453.97-061051.9,83.724885,-6.181093,V* V2072 Ori,83.7248652758,-6.1810977018,0.000,0.000,90,TT*,22,05 34 53.96767,-06 10 51.9517,A,2020yCat.1350....0G,TTauri*,*|MIR|NIR|Or*|TT*|V*|X|Y*?|Y*O,,,,,M3.5,,2.5626,0.0464,1.318,0.635,0.041,0.037,90,,,,,17.734,,13.509,12.797,12.475,,,,,,,,
0.577953,SSTSL2 J004151.36-712355.6,10.464014,-71.398793,2MASS J00415123-7123555,10.4635120249,-71.3987813568,0.000,0.000,90,*,1,00 41 51.24289,-71 23 55.6129,A,2020yCat.1350....0G,Star,*|MIR|NIR|RB?,,,,,,,2.7333,0.0496,22.560,9.766,0.057,0.065,90,,,,19.150,17.720,,14.343,13.668,13.407,,,,,,,,
0.053898,SSTSL2 J053537.34-062119.2,83.905592,-6.355334,[FHM2008] F31-ap228,83.9056068484,-6.3553314750,0.000,0.000,90,TT*,32,05 35 37.34564,-06 21 19.1933,A,2020yCat.1350....0G,TTauri*,*|MIR|NIR|Opt|Or*|TT*|X|Y*?|Y*O,25.774,0.065,0.0000860,0.0000002,M4.7,,2.6102,0.0474,0.504,-0.313,0.042,0.037,90,,,,,17.918,,13.162,12.500,12.178,20.330,18.512,17.180,15.596,14.711,,,
0.485929,SSTSL2 J064137.26+094506.9,100.405289,9.751929,EM* LkHA   74,100.4053953869,+9.7518439927,0.000,0.000,90,TT*,62,06 41 37.29489,+09 45 06.6384,A,2020yCat.1350....0G,TTauri*,*|Em*|NIR|Opt|Or*|TT*|V*|X|Y*O,18.236,0.033,0.0000608,0.0000001,K4,,1.3897,0.0255,-2.096,-3.260,0.028,0.025,90,,,,16.580,15.394,14.640,12.933,12.236,11.950,18.091,15.959,14.911,14.480,14.197,,,
0.121136,SSTSL2 J053519.86-012026.7,83.83279,-1.340769,Gaia DR3 3217569771933895808,83.8328145534,-1.3407920152,0.000,0.000,90,Y*?,5,05 35 19.87549,-01 20 26.8513,A,2020yCat.1350....0G,YSO_Candidate,*|Y*?,,,,,,,2.6771,0.0491,1.618,-1.211,0.055,0.041,90,,,,,,,,,,,,,,,,,
0.255681,SSTSL2 J015201.24-740921.8,28.005188,-74.15608,UCAC4 080-002667,28.0051348830,-74.1561495261,0.000,0.000,90,*,2,01 52 01.23237,-74 09 22.1383,A,2020yCat.1350....0G,Star,*|MIR|NIR,6.291,0.466,0.0000210,0.0000016,,,5.4926,0.1011,27.899,38.147,0.118,0.111,90,,,,15.188,13.910,13.578,11.407,10.785,10.637,,14.568,13.366,12.844,,,,
0.073519,SSTSL2 J053528.46+100227.5,83.868589,10.040985,[BSM2011] C69EI1-14424,83.8685970466,+10.0409661778,0.000,0.000,90,LM*,28,05 35 28.46329,+10 02 27.4782,A,2020yCat.1350....0G,Low-Mass*,*|Em*|LM*|NIR|Or*|X|Y*?|Y*O,26.300,0.300,0.0000877,0.0000010,M3.5,,2.6234,0.0484,0.530,-1.717,0.053,0.037,90,,,,,,,13.151,12.446,12.157,,,,,,,,
0.252468,SSTSL2 J053354.87-005229.9,83.478654,-0.874999,[SE2005]  16,83.4786587082,-0.8749290281,0.000,0.000,90,LM*,7,05 33 54.87809,-00 52 29.7445,A,2020yCat.1350....0G,Low-Mass*,*|LM*|NIR|Y*?,,,,,,,2.8800,0.0532,2.003,-1.185,0.055,0.045,90,,,,,,16.610,13.424,12.740,12.503,,,,,,,,
0.157566,SSTSL2 J053555.84+095621.7,83.982696,9.939383,[DM99]  48,83.9827361883,+9.9393643272,0.000,0.000,90,Or*,40,05 35 55.85669,+09 56 21.7116,A,2020yCat.1350....0G,OrionV*,*|NIR|Or*|Y*?|Y*O,26.497,0.032,0.0000884,0.0000001,M3.5,,2.5293,0.0469,0.881,-1.793,0.045,0.033,90,,,,,16.850,15.690,13.011,12.237,11.940,,17.363,16.120,14.928,,,,
0.052776,SSTSL2 J043355.97+261538.9,68.483224,26.260814,Gaia DR3 151128324210038528,68.4832176914,+26.2608004756,0.000,0.000,90,*,1,04 33 55.97225,+26 15 38.8817,A,2020yCat.1350....0G,Star,*,,,,,,,3.4896,0.0651,-2.449,-5.694,0.080,0.055,90,,,,,,,,,,,,,,,,,
0.095673,SSTSL2 J054240.17-021125.6,85.667412,-2.190466,2MASS J05424017-0211256,85.6674285750,-2.1904867835,0.000,0.000,90,Y*O,13,05 42 40.18286,-02 11 25.7524,A,2020yCat.1350....0G,YSO,*|Em*|NIR|Y*O,27.709,0.025,0.0000924,0.0000001,,,2.4929,0.0468,1.312,0.061,0.045,0.041,90,,,,,16.600,,12.730,11.999,11.783,,,,,,,,
0.175086,SSTSL2 J051455.33-712648.5,78.730573,-71.446811,MACHO  37.5588.49,78.7306750000,-71.4468472222,0.060,0.060,90,*,1,  05 14 55.362,  -71 26 48.65,C,2003yCat.2246....0C,Star,*|NIR,,,,,,,,,,,,,,,,,,,16.980,13.988,13.350,13.173,,,,,,,,
0.526571,SSTSL2 J054116.14-093017.1,85.317285,-9.504776,ATO J085.3174-09.5047,85.3174307452,-9.5047489381,0.000,0.000,90,Y*O,24,05 41 16.18338,-09 30 17.0962,A,2020yCat.1350....0G,YSO,*|Em*|MIR|NIR|Opt|V*|Y*O,20.718,0.042,0.0000691,0.0000001,M1.6,,2.2542,0.0430,0.649,-1.730,0.037,0.034,90,,,,,,,12.653,11.781,11.496,,,,,,,,
0.092289,SSTSL2 J053406.95-063207.8,83.528972,-6.535516,V* V1925 Ori,83.5289905373,-6.5355338330,0.000,0.000,90,Or*,23,05 34 06.95773,-06 32 07.9218,A,2020yCat.1350....0G,OrionV*,*|MIR|NIR|Opt|Or*|TT*|V*|Y*?|Y*O,,,,,M0.0,,2.5026,0.0487,0.863,0.266,0.043,0.033,90,,,,,,,13.295,12.552,12.305,20.920,18.223,16.813,15.447,14.705,,,
0.131365,SSTSL2 J164702.64-093234.3,251.761023,-9.542886,Gaia DR3 4337952157629589760,251.7610252458,-9.5428495771,0.000,0.000,90,Y*?,2,16 47 02.64606,-09 32 34.2585,A,2020yCat.1350....0G,YSO_Candidate,*|V*|Y*?,,,,,,,3.1477,0.0621,-3.276,-21.403,0.074,0.047,90,,,,,,,,,,,,,,,,,
0.112863,SSTSL2 J054256.93-082250.2,85.737241,-8.380625,2MASS J05425694-0822502,85.7372679771,-8.3806414493,0.000,0.000,90,Or*,33,05 42 56.94431,-08 22 50.3092,A,2020yCat.1350....0G,OrionV*,*|MIR|NIR|Or*|X|Y*O,20.479,0.047,0.0000683,0.0000002,M0.2,,2.3566,0.0466,0.104,-0.462,0.038,0.037,90,,,,,17.423,,12.884,11.997,11.365,,,,,,,,
0.382375,SSTSL2 J125040.95-785108.9,192.670631,-78.852476,Gaia DR3 5787973352015690624,192.6711803161,-78.8524776433,0.000,0.000,90,Em*,1,12 50 41.08328,-78 51 08.9195,A,2020yCat.1350....0G,EmLine*,*|Em*,,,,,,,1.9900,0.0395,-2.587,-9.079,0.043,0.048,90,,,,,,,,,,,,,,,,,
0.230878,SSTSL2 J021607.40-750831.1,34.030866,-75.141974,2MASS J02160746-7508310,34.0311128000,-75.1419636110,0.000,0.000,90,*,1,02 16 07.46707,-75 08 31.0690,A,2020yCat.1350....0G,Star,*|MIR|NIR|RB?,,,,,,,2.0112,0.0400,-13.085,5.453,0.049,0.045,90,,,,,,,14.163,13.461,13.259,,,,,,,,
1.195087,SSTSL2 J043621.48+271912.4,69.089518,27.320113,SSTtau 043621.4+271912,69.0891666667,+27.3200000000,0.300,0.300,90,Y*?,1,    04 36 21.4,     +27 19 12,D,2010ApJS..186..259R,YSO_Candidate,Y*?,,,,,,,,,,,,,,,,,,,,,,,,,,,,,,
0.187321,SSTSL2 J022657.13-742016.3,36.738049,-74.337886,2MASS J02265717-7420163,36.7382410646,-74.3378903628,0.000,0.000,90,*,1,02 26 57.17786,-74 20 16.4053,A,2020yCat.1350....0G,Star,*|NIR,24.200,3.100,0.0000807,0.0000103,,,1.5673,0.0320,2.585,-2.320,0.045,0.035,90,,,,,,,14.341,13.782,13.636,,,,,,,,
0.116444,SSTSL2 J053217.88-003141.4,83.07452,-0.528181,2MASS J05321787-0031415,83.0745051567,-0.5282097389,0.000,0.000,90,Y*O,14,05 32 17.88124,-00 31 41.5551,A,2020yCat.1350....0G,YSO,*|Em*|NIR|Opt|Y*O,31.525,0.048,0.0001052,0.0000002,M2V,,2.4935,0.0515,0.914,-0.208,0.051,0.041,90,,,,,,,13.124,12.179,11.677,20.274,18.760,17.061,15.902,15.066,,,
0.065636,SSTSL2 J053337.43-041015.9,83.405999,-4.171101,2MASS J05333744-0410159,83.4060010331,-4.1710828810,0.000,0.000,90,Y*O,10,05 33 37.44025,-04 10 15.8984,A,2020yCat.1350....0G,YSO,*|Em*|G|MIR|NIR|Y*?|Y*O,,,,,,,2.4932,0.0517,0.623,0.762,0.047,0.035,90,,,,,,,13.285,12.594,12.303,,,,,,,,
0.152836,SSTSL2 J053218.49-001910.1,83.077042,-0.319473,Gaia DR3 3220755675593348992,83.0770706950,-0.3195042892,0.000,0.000,90,*,4,05 32 18.49697,-00 19 10.2154,A,2020yCat.1350....0G,Star,*,,,,,,,2.7624,0.0578,1.265,-0.607,0.058,0.047,90,,,,,,,,,,,,,,,,,
0.072060,SSTSL2 J064104.46+095318.3,100.26859,9.888436,V* V423 Mon,100.2686100616,+9.8884328267,0.000,0.000,90,TT*,51,06 41 04.46641,+09 53 18.3582,A,2020yCat.1350....0G,TTauri*,*|G|NIR|Or*|TT*|V*|X|Y*?|Y*O,25.325,0.027,0.0000845,0.0000001,M0,,1.3611,0.0290,-1.373,-3.588,0.033,0.027,90,,,,17.344,16.400,15.450,12.979,12.266,11.980,,,,,,,,
0.215615,SSTSL2 J183022.41+012044.0,277.593382,1.345569,2MASS J18302240+0120439,277.5933471112,+1.3455203109,0.000,0.000,90,Or*,20,18 30 22.40331,+01 20 43.8731,A,2020yCat.1350....0G,OrionV*,*|IR|MIR|NIR|Or*|X|Y*?|Y*O,,,,,M1.0,,2.3314,0.0498,2.770,-9.236,0.049,0.044,90,,,,,,,13.100,12.237,11.906,,,,,,,,
0.101887,SSTSL2 J054418.65+095151.9,86.077739,9.864434,Gaia DR3 3336474807652948992,86.0777296395,+9.8644072426,0.000,0.000,90,Y*?,8,05 44 18.65511,+09 51 51.8661,A,2020yCat.1350....0G,YSO_Candidate,*|Y*?,,,,,,,2.4550,0.0531,1.884,-2.140,0.062,0.042,90,,,,,,,,,,,,,,,,,
0.092868,SSTSL2 J064153.15+095047.4,100.471478,9.846514,Cl* NGC 2264    RMS    4820,100.4714997388,+9.8464996225,0.000,0.000,90,TT*,56,06 41 53.15994,+09 50 47.3986,A,2020yCat.1350....0G,TTauri*,*|Em*|NIR|Opt|Or*|TT*|V*|Y*O,21.785,0.034,0.0000727,0.0000001,K5,,1.4067,0.0306,-1.430,-3.654,0.033,0.026,90,,,,,15.482,15.070,12.959,12.302,12.003,18.785,16.205,15.052,14.273,,,,
0.093484,SSTSL2 J054253.60-082022.5,85.723337,-8.339602,2MASS J05425359-0820226,85.7233474140,-8.3396258359,0.000,0.000,90,Or*,35,05 42 53.60338,-08 20 22.6530,A,2020yCat.1350....0G,OrionV*,*|MIR|NIR|Or*|X|Y*?|Y*O,22.733,0.053,0.0000758,0.0000002,K5.6,,2.3591,0.0515,0.099,-0.196,0.045,0.043,90,,,,,17.888,,12.802,11.766,11.352,,,,,,,,
0.080443,SSTSL2 J054350.66+091225.0,85.961107,9.206948,2MASS J05435067+0912250,85.9611207130,+9.2069302214,0.000,0.000,90,Y*O,16,05 43 50.66897,+09 12 24.9488,A,2020yCat.1350....0G,YSO,*|Em*|MIR|NIR|Y*O,26.500,0.300,0.0000884,0.0000010,,,2.4314,0.0537,2.422,-2.415,0.065,0.040,90,,,,,,,13.330,12.370,11.821,,,,,,,,
0.022454,SSTSL2 J034220.34+320530.9,55.584764,32.09194,Cl* IC  348     CB       1,55.5847566385,+32.0919400883,0.000,0.000,90,Or*,29,03 42 20.34159,+32 05 30.9843,A,2020yCat.1350....0G,OrionV*,*|IR|MIR|NIR|Or*|V*|Y*?|Y*O,15.214,0.013,0.0000507,0.0000000,M2.0,,3.2314,0.0731,4.429,-6.986,0.073,0.056,90,,,,,,,13.039,11.962,11.470,,,17.250,,,,,
0.171565,SSTSL2 J063933.97+094920.9,99.891581,9.822491,Cl* NGC 2264    RMS     729,99.8915972488,+9.8224461130,0.000,0.000,90,TT*,34,06 39 33.98334,+09 49 20.8060,A,2020yCat.1350....0G,TTauri*,*|Em*|NIR|TT*|V*|Y*?|Y*O,20.526,0.029,0.0000685,0.0000001,M0.0,,1.4021,0.0323,-1.826,-3.612,0.037,0.032,90,,,,,,15.410,13.036,12.266,12.093,19.554,16.932,15.354,14.444,,,,
0.168609,SSTSL2 J013623.44-731903.5,24.097672,-73.31766,2MASS J01362340-7319034,24.0975482045,-73.3176294927,0.000,0.000,90,*,2,01 36 23.41157,-73 19 03.4662,A,2020yCat.1350....0G,Star,*|MIR|NIR|s?r,,,,,,,4.4020,0.1033,9.428,-16.798,0.142,0.104,90,,,,,,,12.536,11.831,11.672,,,,,,,,
0.117599,SSTSL2 J053012.39+014821.4,82.551654,1.805949,CVSO 1241,82.5516863434,+1.8059443066,0.000,0.000,90,TT*,12,05 30 12.40472,+01 48 21.3995,A,2020yCat.1350....0G,TTauri*,*|Em*|NIR|TT*|TT?|V*,,,,,M2e,,2.7744,0.0652,-0.494,0.814,0.058,0.051,90,,,,,17.500,16.470,13.687,12.794,12.096,,,,,,,,
0.232011,SSTSL2 J043803.60+253052.3,69.515007,25.514535,Gaia DR3 148343845372612736,69.5150783552,+25.5145324288,0.000,0.000,90,*,1,04 38 03.61881,+25 30 52.3167,A,2020yCat.1350....0G,Star,*,,,,,,,3.2164,0.0763,3.865,-10.324,0.109,0.077,90,,,,,,,,,,,,,,,,,
0.076954,SSTSL2 J054205.58-080105.6,85.523284,-8.018223,2MASS J05420559-0801055,85.5232933369,-8.0182037267,0.000,0.000,90,Or*,35,05 42 05.59040,-08 01 05.5334,A,2020yCat.1350....0G,OrionV*,*|Em*|G|MIR|NIR|Or*|X|Y*?|Y*O,22.410,0.026,0.0000748,0.0000001,M2,,2.2570,0.0539,0.114,-0.443,0.045,0.043,90,,,,,17.837,,13.373,12.446,12.145,,,,,,,,
0.320781,SSTSL2 J053826.79-065054.9,84.611634,-6.848585,ESO-HA 1667,84.6116341799,-6.8486741056,0.000,0.000,90,Or*,29,05 38 26.79220,-06 50 55.2268,A,2020yCat.1350....0G,OrionV*,*|Em*|G|IR|MIR|NIR|Opt|Or*|X|Y*O,21.814,0.096,0.0000728,0.0000003,M3.0,,2.4933,0.0602,-0.120,-0.802,0.051,0.044,90,,,,,18.171,,13.314,12.349,11.979,22.030,19.576,17.499,16.073,15.160,,,
0.080021,SSTSL2 J054356.58+091816.9,85.985789,9.304701,[DM99] 238,85.9857790232,+9.3046810714,0.000,0.000,90,Or*,22,05 43 56.58697,+09 18 16.8519,A,2020yCat.1350....0G,OrionV*,*|Em*|NIR|Or*|Y*O,29.664,0.042,0.0000990,0.0000001,,,2.6502,0.0646,2.388,-2.181,0.062,0.044,90,,,,,17.300,16.070,12.854,12.036,11.672,,,,,,,,
0.090300,SSTSL2 J064020.09+092828.5,100.08371,9.474603,V* V667 Mon,100.0836846462,+9.4746049431,0.000,0.000,90,TT*,38,06 40 20.08432,+09 28 28.5778,A,2020yCat.1350....0G,TTauri*,*|EB*|Em*|Er*|NIR|Opt|Or*|TT*|V*|X|Y*O,5.560,0.040,0.0000185,0.0000001,K7.0,,1.3842,0.0341,-2.789,-3.676,0.039,0.035,90,,,,17.380,16.030,15.200,13.150,12.503,12.240,19.046,16.620,15.404,14.581,14.459,,,
0.045087,SSTSL2 J064059.68+092843.7,100.248672,9.478815,V* LV Mon,100.2486634526,+9.4788242616,0.000,0.000,90,TT*,49,06 40 59.67923,+09 28 43.7673,A,2020yCat.1350....0G,TTauri*,*|Em*|NIR|Or*|TT*|V*|X|Y*O,24.610,0.320,0.0000821,0.0000011,M1,,1.4027,0.0347,-2.454,-3.647,0.037,0.031,90,,,,17.050,15.900,15.130,13.188,12.407,12.084,17.151,16.193,15.229,14.613,,,,
0.288915,SSTSL2 J053243.71-015810.6,83.182137,-1.969631,CVSO 1369,83.1821175237,-1.9697088578,0.000,0.000,90,TT*,8,05 32 43.70821,-01 58 10.9519,A,2020yCat.1350....0G,TTauri*,*|NIR|TT*|Y*O,,,,,M3e,,2.5086,0.0643,-0.052,-0.026,0.064,0.052,90,,,,,,,13.693,12.998,12.759,,,,,,,,
0.332222,SSTSL2 J162809.20+364506.0,247.038369,36.751683,[V92]  3.0-133,247.0383029470,+36.7517586001,0.000,0.000,90,*,1,16 28 09.19271,+36 45 06.3310,A,2020yCat.1350....0G,Star,*|NIR,,,,,,,2.5968,0.0668,20.467,-17.233,0.069,0.082,90,,,,,14.680,,12.492,11.875,11.749,,,,,,,,
0.253043,SSTSL2 J050127.49-712357.8,75.364549,-71.399391,UCAC4 094-005525,75.3643304027,-71.3993821150,0.000,0.000,90,*,4,05 01 27.43930,-71 23 57.7756,A,2020yCat.1350....0G,Star,*|NIR,-29.740,0.028,-0.0000992,0.0000001,,,5.7102,0.1471,37.722,-21.242,0.178,0.209,90,,,,14.756,13.485,12.971,10.987,10.330,10.207,,14.161,12.916,12.423,,,,
0.157957,SSTSL2 J163019.77-240256.3,247.582402,-24.049,2MASS J16301976-2402563,247.5824497336,-24.0489949918,0.000,0.000,90,Y*?,14,16 30 19.78794,-24 02 56.3820,A,2020yCat.1350....0G,YSO_Candidate,*|IR|MIR|NIR|Y*?,,,,,M3.5,,6.7269,0.1735,-10.153,-23.269,0.245,0.185,90,,,,,,,13.287,12.035,11.468,,,,,,,,
0.718246,SSTSL2 J131516.80-621114.0,198.820014,-62.187248,2MASS J13151674-6211140,198.8196128845,-62.1871788719,0.000,0.000,90,Y*?,2,13 15 16.70709,-62 11 13.8439,A,2020yCat.1350....0G,YSO_Candidate,*|MIR|NIR|Y*?,,,,,,,2.2203,0.0585,-4.908,20.702,0.041,0.055,90,,,,,,,14.258,13.276,12.621,,,,,,,,
0.194100,SSTSL2 J054625.88+000932.0,86.607859,0.158914,2MASS J05462588+0009319,86.6078555253,+0.1588601955,0.000,0.000,90,TT*,25,05 46 25.88533,+00 09 31.8967,A,2020yCat.1350....0G,TTauri*,*|Em*|ev|MIR|NIR|Or*|TT*|Y*?|Y*O,28.252,0.021,0.0000942,0.0000001,M3.5,,2.4424,0.0644,0.102,-0.295,0.067,0.055,90,,,,,,,13.190,12.186,11.643,,,,,,,,
0.055211,SSTSL2 J223829.60+751426.6,339.623358,75.240745,2MASS J22382962+7514266,339.6234018967,+75.2407345050,0.000,0.000,90,Y*O,12,22 38 29.61646,+75 14 26.6442,A,2020yCat.1350....0G,YSO,*|Em*|MIR|NIR|Y*?|Y*O,,,,,,,2.9704,0.0790,6.195,1.087,0.087,0.095,90,,,,,,,13.284,12.320,11.863,,,,,,,,
0.224247,SSTSL2 J215329.21+623459.4,328.371721,62.583168,ZTF J215329.21+623459.6,328.3717494029,+62.5832289023,0.000,0.000,90,EB*,7,21 53 29.21986,+62 34 59.6240,A,2020yCat.1350....0G,EclBin,*|EB*|Y*?,,,,,,,1.0314,0.0275,-3.463,-1.502,0.034,0.029,90,,,,,,,,,,,17.063,15.761,,,,,
0.687495,SSTSL2 J054109.11-091404.7,85.28799,-9.234641,2MASS J05410916-0914045,85.2881801193,-9.2346055681,0.000,0.000,90,Y*O,22,05 41 09.16323,-09 14 04.5800,A,2020yCat.1350....0G,YSO,*|MIR|NIR|Y*O,21.606,0.060,0.0000721,0.0000002,M1.4,,2.3258,0.0622,0.298,-0.974,0.050,0.049,90,,,,,,,13.239,11.914,11.552,,,,,,,,
0.118442,SSTSL2 J022739.64+725054.7,36.91517,72.848539,2MASS J02273962+7250548,36.9151119459,+72.8485670954,0.000,0.000,90,Or*,5,02 27 39.62687,+72 50 54.8415,A,2020yCat.1350....0G,OrionV*,*|Em*|MIR|NIR|Or*|Y*O,,,,,K3,,1.0474,0.0285,-1.057,-1.905,0.028,0.031,90,,,,17.622,16.238,15.375,13.410,12.681,12.516,,,,,,,,
0.106812,SSTSL2 J182852.19-020739.1,277.21749,-2.127529,2MASS J18285219-0207390,277.2174605946,-2.1275248977,0.000,0.000,90,Y*?,3,18 28 52.19054,-02 07 39.0896,A,2020yCat.1350....0G,YSO_Candidate,*|NIR|Y*?,,,,,,,2.1405,0.0584,0.685,-7.118,0.071,0.055,90,,,,,,,12.664,11.600,11.239,,,,,,,,
0.063465,SSTSL2 J210347.18+501127.6,315.946596,50.191026,2MASS J21034719+5011279,315.9466136724,+50.1910395193,0.000,0.000,90,Y*O,8,21 03 47.18728,+50 11 27.7423,A,2020yCat.1350....0G,YSO,*|Em*|NIR|Y*?|Y*O,,,,,,,1.5942,0.0435,0.958,-3.627,0.051,0.049,90,,,,,,,13.739,12.876,12.590,,,17.066,15.638,,,,
0.194753,SSTSL2 J230020.79+614644.2,345.086644,61.778962,Gaia DR3 2206943523140947200,345.0867456776,+61.7789867958,0.000,0.000,90,*,1,23 00 20.81896,+61 46 44.3525,A,2020yCat.1350....0G,Star,*,,,,,,,1.2305,0.0340,-0.876,-2.716,0.038,0.041,90,,,,,,,,,,,,,,,,,
0.412303,SSTSL2 J053407.27-001626.8,83.530325,-0.274127,Gaia DR3 3220798797065131776,83.5303410307,-0.2740135989,0.000,0.000,90,Y*?,6,05 34 07.28185,-00 16 26.4490,A,2020yCat.1350....0G,YSO_Candidate,*|Em*|Y*?,,,,,,,2.7382,0.0767,1.786,-0.837,0.069,0.058,90,,,,,,,,,,,,,,,,,
0.104894,SSTSL2 J053405.98-060611.7,83.524923,-6.103269,V* V1923 Ori,83.5249504728,-6.1032588632,0.000,0.000,90,Or*,18,05 34 05.98811,-06 06 11.7319,A,2020yCat.1350....0G,OrionV*,*|Em*|G|MIR|NIR|Or*|TT*|V*|Y*O,,,,,M4.6,,2.7261,0.0767,1.432,0.590,0.075,0.065,90,,,,,18.805,,13.986,13.399,13.147,,,,,,,,
0.142095,SSTSL2 J043003.92+255003.0,67.51634,25.834176,V* V923 Tau,67.5163798017,+25.8341594291,0.000,0.000,90,Er*,3,04 30 03.93115,+25 50 02.9739,A,2020yCat.1350....0G,Eruptive*,*|Er*|NIR|V*,,,,,,,1.4524,0.0412,1.349,-4.498,0.049,0.038,90,,,,15.900,,,13.825,13.264,13.188,,,,,,,,
0.651586,SSTSL2 J054128.16-092340.7,85.367345,-9.394648,2MASS J05412819-0923404,85.3675118126,-9.3945726702,0.000,0.000,90,Y*O,13,05 41 28.20284,-09 23 40.4616,A,2020yCat.1350....0G,YSO,*|Em*|MIR|NIR|Y*?|Y*O,,,,,,,2.3177,0.0658,0.849,-1.249,0.051,0.048,90,,,,,18.300,,13.404,12.547,12.229,,,,,,,,
0.211966,SSTSL2 J050558.32-653347.4,76.493026,-65.563175,UCAC4 123-005430,76.4931043370,-65.5631258415,0.000,0.000,90,PM*,4,05 05 58.34504,-65 33 47.2530,A,2020yCat.1350....0G,HighPM*,*|MIR|NIR|PM*,43.102,0.101,0.0001438,0.0000003,,,4.4592,0.1269,-9.811,-51.636,0.171,0.162,90,,,,13.751,12.811,12.579,10.996,10.472,10.392,,13.269,12.468,12.173,,,,
0.125179,SSTSL2 J004808.20-710944.6,12.034199,-71.162404,2MASS J00480824-7109446,12.0343064242,-71.1624064468,0.000,0.000,90,*,1,00 48 08.23354,-71 09 44.6632,A,2020yCat.1350....0G,Star,*|FIR|MIR|NIR,,,,,,,1.4222,0.0406,21.169,-11.074,0.044,0.042,90,,,,,,,14.493,13.878,13.721,,,,,,,,
0.771387,SSTSL2 J214211.97+660025.9,325.549896,66.007218,V* V983 Cep,325.5501144465,+66.0070230040,0.000,0.000,90,Or*,3,21 42 12.02747,+66 00 25.2828,A,2020yCat.1350....0G,OrionV*,*|MIR|NIR|Or*|V*|Y*O,,,,,,,1.0965,0.0316,-1.735,-3.413,0.043,0.036,90,,,,,,16.130,13.714,12.927,12.663,,,,,,,,
0.837884,SSTSL2 J054239.66-085450.5,85.665276,-8.914042,2MASS J05423972-0854501,85.6654811458,-8.9139275616,0.000,0.000,90,Y*O,13,05 42 39.71548,-08 54 50.1392,A,2020yCat.1350....0G,YSO,*|Em*|MIR|NIR|Y*?|Y*O,,,,,,,2.3551,0.0679,0.472,-0.387,0.062,0.054,90,,,,,,,13.505,12.659,12.350,,,,,,,,
0.438150,SSTSL2 J205130.93+440659.2,312.878885,44.116449,2MASS J20513089+4406594,312.8787528917,+44.1165252726,0.000,0.000,90,Or*,9,20 51 30.90069,+44 06 59.4910,A,2020yCat.1350....0G,OrionV*,*|NIR|Or*|V*|Y*?|Y*O,,,,,K4.0,,1.1729,0.0339,-1.250,-3.468,0.035,0.036,90,,,,,,,13.564,12.696,12.168,,,15.970,,,,,
0.565125,SSTSL2 J053731.92-001917.3,84.383024,-0.321487,CVSO 1770,84.3829623523,-0.3213426319,0.000,0.000,90,TT*,6,05 37 31.91096,-00 19 16.8335,A,2020yCat.1350....0G,TTauri*,*|NIR|TT*,,,,,M2.5e,,2.3925,0.0699,-0.255,-0.690,0.071,0.059,90,,,,,,,13.474,12.644,12.232,,,,,,,,
0.301332,SSTSL2 J205054.49+434623.8,312.72707,43.773304,2MASS J20505446+4346238,312.7269570451,+43.7732851918,0.000,0.000,90,Or*,7,20 50 54.46969,+43 46 23.8267,A,2020yCat.1350....0G,OrionV*,*|Em*|NIR|Or*|Y*?|Y*O,,,,,K8.2,,1.3981,0.0412,-0.945,-3.604,0.043,0.048,90,,,,,,,14.001,13.210,12.968,,,16.616,15.593,,,,
0.263788,SSTSL2 J231221.59+622119.1,348.089988,62.355306,Gaia DR3 2015290606246354944,348.0901457461,+62.3553025280,0.000,0.000,90,Em*,3,23 12 21.63498,+62 21 19.0891,A,2020yCat.1350....0G,EmLine*,*|Em*,,,,,,,1.2521,0.0371,-1.260,-2.249,0.040,0.040,90,,,,,,,,,,,,16.175,15.044,,,,
0.057723,SSTSL2 J054410.03+090840.7,86.041814,9.144648,2MASS J05441003+0908407,86.0418207516,+9.1446334172,0.000,0.000,90,Y*?,6,05 44 10.03698,+09 08 40.6803,A,2020yCat.1350....0G,YSO_Candidate,*|Em*|NIR|Y*?,,,,,,,2.3778,0.0718,1.884,-2.221,0.090,0.052,90,,,,,,,13.846,13.116,12.638,,,,,,,,
0.072292,SSTSL2 J054238.31-084101.7,85.659628,-8.683824,2MASS J05423831-0841017,85.6596369233,-8.6838420400,0.000,0.000,90,Or*,28,05 42 38.31286,-08 41 01.8313,A,2020yCat.1350....0G,OrionV*,*|Em*|MIR|NIR|Or*|Y*O,21.450,0.645,0.0000716,0.0000022,M1.7,,2.2904,0.0694,0.092,-0.788,0.066,0.060,90,,,,,19.577,,14.454,12.074,11.382,,,,,,,,
0.017745,SSTSL2 J054249.79-081210.2,85.707479,-8.202854,2MASS J05424979-0812103,85.7074741833,-8.2028552525,0.000,0.000,90,Or*,35,05 42 49.79380,-08 12 10.2789,A,2020yCat.1350....0G,OrionV*,*|Em*|MIR|NIR|Or*|X|Y*O,27.221,0.058,0.0000908,0.0000002,K7.0,,2.2367,0.0680,0.593,-0.409,0.062,0.055,90,,,,,19.024,,13.060,11.929,11.490,,,,,,,,
0.332171,SSTSL2 J004337.13-734709.9,10.904709,-73.78609,2MASS J00433706-7347101,10.9043810350,-73.7861012961,0.000,0.000,90,*,1,00 43 37.05145,-73 47 09.9647,A,2020yCat.1350....0G,Star,*|FIR|MIR|NIR,,,,,,,1.5421,0.0470,20.323,16.409,0.055,0.053,90,,,,,,,14.677,13.962,13.878,,,,,,,,
0.082104,SSTSL2 J063959.24+092724.5,99.99686,9.456825,V* QW Mon,99.9968410397,+9.4568119478,0.000,0.000,90,Or*,34,06 39 59.24185,+09 27 24.5230,A,2020yCat.1350....0G,OrionV*,*|Em*|G|NIR|Or*|TT*|V*|Y*O,20.130,0.170,0.0000671,0.0000006,,,1.3772,0.0426,-2.220,-4.746,0.043,0.037,90,,,,,16.340,15.900,13.227,12.458,12.065,19.258,17.019,15.482,14.723,,,,
0.056381,SSTSL2 J030646.01+594311.0,46.691746,59.719735,Gaia DR3 462841794835774720,46.6917650458,+59.7197473716,0.000,0.000,90,*,1,03 06 46.02361,+59 43 11.0905,A,2020yCat.1350....0G,Star,*|Ro*,,,,,,,1.4115,0.0439,0.408,1.813,0.047,0.047,90,,,,,,,,,,,,,,,,,
0.078882,SSTSL2 J054214.59-075857.8,85.560833,-7.982748,ESO-HA 1788,85.5608127891,-7.9827390828,0.000,0.000,90,Or*,26,05 42 14.59507,-07 58 57.8607,A,2020yCat.1350....0G,OrionV*,*|Em*|G|MIR|NIR|Or*|X|Y*O,21.259,0.048,0.0000709,0.0000002,M3.5,,2.2282,0.0694,1.669,-1.003,0.060,0.054,90,,,,,18.278,,12.758,11.849,11.402,,,,,,,,
0.268163,SSTSL2 J205312.30+433828.6,313.301251,43.641279,ZTF J205312.27+433828.6,313.3011524636,+43.6413005371,0.000,0.000,90,Or*,8,20 53 12.27659,+43 38 28.6819,A,2020yCat.1350....0G,OrionV*,*|NIR|Or*|RS*|Y*?|Y*O,,,,,K6.4,,1.3061,0.0408,-0.694,-3.430,0.043,0.049,90,,,,19.174,17.399,,13.682,12.769,12.372,,18.500,16.717,,,,,
0.241718,SSTSL2 J221708.36+613106.4,334.284866,61.518446,2MASS J22170839+6131063,334.2850016738,+61.5184639515,0.000,0.000,90,Or*,4,22 17 08.40040,+61 31 06.4702,A,2020yCat.1350....0G,OrionV*,*|Em*|MIR|NIR|Or*|Y*O,,,,,,,1.1632,0.0364,-1.213,-2.432,0.041,0.040,90,,,,,,,13.397,,,,,,,,,,
0.189942,SSTSL2 J203357.43+381854.7,308.489319,38.315219,ZTF J203357.42+381854.8,308.4892522368,+38.3152253086,0.000,0.000,90,RS*,5,20 33 57.42054,+38 18 54.8111,A,2020yCat.1350....0G,RSCVnV*,*|Em*|MIR|NIR|RS*|Y*?,,,,,,,0.9515,0.0307,-2.497,-3.510,0.031,0.033,90,,,,,,,13.249,12.448,11.893,,17.380,16.133,15.198,,,,
0.121113,SSTSL2 J125624.79-621034.0,194.103307,-62.17612,SPICY 15104,194.1033500000,-62.1761470000,0.300,0.300,90,Y*?,1,  12 56 24.804,  -62 10 34.13,C,2021ApJS..254...33K,YSO_Candidate,MIR|Y*?,,,,,,,,,,,,,,,,,,,,,,,,,,,,,,
0.164456,SSTSL2 J202041.51+404859.1,305.172961,40.816439,2MASS J20204150+4048591,305.1729008618,+40.8164429283,0.000,0.000,90,Y*?,3,20 20 41.49621,+40 48 59.1945,A,2020yCat.1350....0G,YSO_Candidate,*|Em*|MIR|NIR|Y*?,,,,,,,1.0588,0.0347,-1.557,-7.106,0.037,0.040,90,,,,,,,13.867,13.018,12.711,,,16.328,15.343,,,,
0.148581,SSTSL2 J054339.58+091040.9,85.914937,9.178036,2MASS J05433958+0910408,85.9149788050,+9.1780364696,0.000,0.000,90,Y*?,11,05 43 39.59491,+09 10 40.9313,A,2020yCat.1350....0G,YSO_Candidate,*|Em*|NIR|Y*?,27.832,0.299,0.0000928,0.0000010,,,2.6422,0.0869,2.170,-2.299,0.103,0.065,90,,,,,,,13.336,12.656,12.351,,,,,,,,
0.293538,SSTSL2 J054247.45-080405.2,85.697723,-8.068121,2MASS J05424743-0804054,85.6976622670,-8.0681760697,0.000,0.000,90,Or*,19,05 42 47.43894,-08 04 05.4339,A,2020yCat.1350....0G,OrionV*,*|Em*|MIR|NIR|Or*|X|Y*O,,,,,M2.5,,2.3474,0.0775,-0.053,-0.257,0.071,0.064,90,,,,,19.162,,13.716,12.957,12.605,,,,,,,,
0.198584,SSTSL2 J022700.34+724743.8,36.751438,72.795512,2MASS J02270033+7247439,36.7513422077,+72.7955593295,0.000,0.000,90,Or*,6,02 27 00.32213,+72 47 44.0136,A,2020yCat.1350....0G,OrionV*,*|Em*|MIR|NIR|Or*|Y*O,,,,,K3,,1.1485,0.0380,-1.326,-1.816,0.037,0.041,90,,,,17.949,16.489,15.598,13.578,12.875,12.630,,,,,,,,
0.132526,SSTSL2 J053031.60+125027.1,82.631681,12.840881,2MASS J05303160+1250271,82.6317044360,+12.8408521373,0.000,0.000,90,Y*O,3,05 30 31.60906,+12 50 27.0677,A,2020yCat.1350....0G,YSO,*|Em*|MIR|NIR|Y*O,,,,,,,2.5153,0.0835,0.405,0.096,0.078,0.055,90,,,,,,,13.258,12.377,11.891,,,,,,,,
0.103783,SSTSL2 J215232.11+624330.3,328.133806,62.725098,Gaia DR2 2216381730960621568,328.1338447288,+62.7250752823,0.000,0.000,90,Y*?,3,21 52 32.12273,+62 43 30.2710,A,2020yCat.1350....0G,YSO_Candidate,*|Y*?,,,,,,,1.1170,0.0372,-3.488,-1.388,0.045,0.036,90,,,,,,,,,,,,,,,,,
0.286617,SSTSL2 J210145.40+680420.9,315.439192,68.072496,2MASS J21014537+6804208,315.4390768195,+68.0724290026,0.000,0.000,90,Y*O,7,21 01 45.37844,+68 04 20.7444,A,2020yCat.1350....0G,YSO,*|NIR|Y*?|Y*O,,,,,,,2.9998,0.0999,7.642,-0.946,0.141,0.126,90,,,,,,,13.281,11.923,11.352,,,,,,,,
0.089042,SSTSL2 J053527.10-064548.5,83.862928,-6.763483,V* V2461 Ori,83.8629269756,-6.7634582870,0.000,0.000,90,Or*,26,05 35 27.10247,-06 45 48.4498,A,2020yCat.1350....0G,OrionV*,*|Em*|G|MIR|NIR|Opt|Or*|V*|Y*O,20.925,0.059,0.0000698,0.0000002,M4.3,,2.4638,0.0830,-1.383,-0.154,0.077,0.063,90,,,,,19.551,,13.174,12.310,11.944,22.590,20.646,18.507,16.505,15.302,,,
0.112296,SSTSL2 J061525.14-062537.5,93.854751,-6.42711,Gaia DR2 3007802740267745408,93.8547727224,-6.4271325184,0.000,0.000,90,*,2,06 15 25.14545,-06 25 37.6771,A,2020yCat.1350....0G,Star,*,,,,,,,1.1631,0.0394,-3.980,0.820,0.045,0.049,90,,,,,,,,,,,,,,,,,
0.263683,SSTSL2 J053716.38-071146.3,84.318289,-7.196206,CRTS J053716.3-071146,84.3183618560,-7.1962178401,0.000,0.000,90,Y*O,13,05 37 16.40685,-07 11 46.3842,A,2020yCat.1350....0G,YSO,*|EB*|Em*|MIR|NIR|Y*O,,,,,,,2.6628,0.0914,0.159,0.526,0.079,0.065,90,,,,17.910,17.430,,14.583,14.026,13.607,,,,,,,,
0.400568,SSTSL2 J205726.69+433529.9,314.361243,43.591659,ZTF J205726.69+433529.5,314.3612363370,+43.5915478358,0.000,0.000,90,Or*,8,20 57 26.69672,+43 35 29.5722,A,2020yCat.1350....0G,OrionV*,*|NIR|Or*|RS*|Y*?|Y*O,,,,,K7.0,,1.3315,0.0459,-1.478,-3.687,0.049,0.050,90,,,,,,,13.410,12.396,12.010,,19.567,17.203,,,,,
0.288149,SSTSL2 J205122.78+443342.5,312.844941,44.561821,2MASS J20512281+4433426,312.8450480032,+44.5618453768,0.000,0.000,90,Or*,9,20 51 22.81152,+44 33 42.6434,A,2020yCat.1350....0G,OrionV*,*|Em*|NIR|Or*|Y*?|Y*O,,,,,K8.4,,1.2727,0.0444,-2.157,-3.099,0.042,0.046,90,,,,19.146,17.597,,13.801,12.908,12.445,,,16.868,15.616,,,,
0.065547,SSTSL2 J054310.75-083355.3,85.794796,-8.565377,[FKV2013] 935,85.7947933885,-8.5653950234,0.000,0.000,90,Y*O,13,05 43 10.75041,-08 33 55.4221,A,2020yCat.1350....0G,YSO,*|Em*|MIR|NIR|Y*O,,,,,M,,2.4543,0.0858,0.393,-0.461,0.071,0.065,90,,,,,,,14.050,13.097,12.503,,,,,,,,
0.012134,SSTSL2 J053544.04-041602.1,83.933527,-4.26725,2MASS J05354404-0416021,83.9335241008,-4.2672517326,0.000,0.000,90,Y*O,11,05 35 44.04578,-04 16 02.1062,A,2020yCat.1350....0G,YSO,*|Em*|G|MIR|NIR|Y*O,,,,,,,2.4792,0.0874,1.060,0.938,0.077,0.062,90,,,,,,,14.109,13.515,13.199,,,,,,,,
0.156317,SSTSL2 J054308.48-081132.3,85.78534,-8.192315,2MASS J05430849-0811323,85.7853831131,-8.1923069741,0.000,0.000,90,Or*,18,05 43 08.49195,-08 11 32.3051,A,2020yCat.1350....0G,OrionV*,*|MIR|NIR|Or*|Y*O,,,,,M2,,2.2548,0.0798,-0.085,-0.229,0.073,0.064,90,,,,,18.688,,13.702,12.860,12.346,,,,,,,,
0.036334,SSTSL2 J053216.47-012741.2,83.068666,-1.46147,2MASS J05321647-0127412,83.0686630135,-1.4614796411,0.000,0.000,90,Y*?,6,05 32 16.47912,-01 27 41.3267,A,2020yCat.1350....0G,YSO_Candidate,*|Em*|IR|NIR|Y*?,,,,,,,2.2091,0.0787,-0.533,-0.536,0.077,0.068,90,,,,,17.680,,13.615,12.963,12.640,,,,,,,,
0.034765,SSTSL2 J064134.55+093632.4,100.393996,9.609022,NGC  2264   499,100.3939869330,+9.6090183480,0.000,0.000,90,TT*,40,06 41 34.55686,+09 36 32.4661,A,2020yCat.1350....0G,TTauri*,*|Em*|G|NIR|Opt|Or*|TT*|V*|X|Y*O,20.898,0.041,0.0000697,0.0000001,M1,,1.3828,0.0493,-2.506,-3.718,0.053,0.046,90,,,,18.820,17.330,16.310,13.707,13.001,12.813,19.227,17.611,16.302,15.189,15.011,,,
0.173161,SSTSL2 J205557.09+441535.7,313.98791,44.259922,2MASS J20555710+4415358,313.9879373672,+44.2599659258,0.000,0.000,90,Or*,8,20 55 57.10497,+44 15 35.8773,A,2020yCat.1350....0G,OrionV*,*|Em*|NIR|Or*|Y*?|Y*O,,,,,K7.0,,1.3329,0.0481,-1.190,-3.351,0.049,0.047,90,,,,,,,13.427,12.403,11.912,,,17.172,15.798,,,,
0.249465,SSTSL2 J220754.31+584852.8,331.976324,58.814694,2MASS J22075428+5848528,331.9761970335,+58.8146721002,0.000,0.000,90,Y*O,2,22 07 54.28729,+58 48 52.8196,A,2020yCat.1350....0G,YSO,*|MIR|NIR|Y*O,,,,,,,2.1219,0.0774,2.844,-0.170,0.091,0.088,90,,,,,,,13.967,13.122,12.751,,,,,,,,
0.049166,SSTSL2 J053558.92-060239.6,83.995508,-6.044351,V* V654 Ori,83.9954965670,-6.0443585666,0.000,0.000,90,Or*,31,05 35 58.91918,-06 02 39.6908,A,2020yCat.1350....0G,OrionV*,*|Em*|Er*|MIR|NIR|Opt|Or*|V*|X|Y*O,28.261,0.263,0.0000943,0.0000009,M4.7,,2.7931,0.1029,1.437,0.045,0.084,0.069,90,,,,,18.110,,14.679,13.940,13.646,19.189,18.779,17.829,17.125,16.270,,,
0.144426,SSTSL2 J033430.80+311324.2,53.628345,31.223402,2MASS J03343079+3113243,53.6283022936,+31.2234186056,0.000,0.000,90,Or*,21,03 34 30.79255,+31 13 24.3070,A,2020yCat.1350....0G,OrionV*,*|Em*|IR|MIR|NIR|Or*|Y*?|Y*O,15.263,0.017,0.0000509,0.0000001,M3.2,,3.3263,0.1238,5.325,-7.927,0.122,0.097,90,,,,,,,12.941,11.987,11.550,,,18.230,,,,,
0.173962,SSTSL2 J054234.70-075840.7,85.644597,-7.977973,2MASS J05423470-0758406,85.6445767899,-7.9779290168,0.000,0.000,90,Or*,10,05 42 34.69843,-07 58 40.5445,A,2020yCat.1350....0G,OrionV*,*|Em*|G|NIR|Or*|Y*?|Y*O,,,,,M5.0,,2.2231,0.0828,0.168,0.212,0.073,0.065,90,,,,,18.941,,13.522,12.784,12.398,,,,,,,,
0.021670,SSTSL2 J003252.51+393142.3,8.218813,39.528426,2MASS J00325251+3931424,8.2188052006,+39.5284257934,0.000,0.000,90,*,2,00 32 52.51325,+39 31 42.3329,A,2020yCat.1350....0G,Star,*|NIR|Ro*,,,,,,,3.8955,0.1462,10.699,-10.291,0.113,0.110,90,,,,,15.336,14.000,12.760,12.144,11.960,,,,,,,,
0.115213,SSTSL2 J053831.98-065239.0,84.633251,-6.877521,Haro 4-451,84.6332334585,-6.8774941498,0.000,0.000,90,Or*,29,05 38 31.97603,-06 52 38.9789,A,2020yCat.1350....0G,OrionV*,*|Em*|MIR|NIR|Opt|Or*|X|Y*O,22.885,0.024,0.0000763,0.0000001,M2.1,,2.7311,0.1047,0.387,-0.714,0.086,0.074,90,,,,19.410,17.235,,12.464,11.565,11.184,19.249,17.685,16.216,14.921,14.099,,,
0.152456,SSTSL2 J053040.95+124416.2,82.670659,12.737833,2MASS J05304096+1244161,82.6706842442,+12.7377985450,0.000,0.000,90,Y*O,11,05 30 40.96422,+12 44 16.0748,A,2020yCat.1350....0G,YSO,*|Em*|NIR|Y*O,26.614,0.079,0.0000888,0.0000003,M2.6,,2.3783,0.0915,0.463,0.077,0.082,0.061,90,,,,,,,12.866,11.832,11.349,,,,,,,,
0.134857,SSTSL2 J043157.81+243610.7,67.990903,24.602995,Gaia DR3 147858509772511744,67.9908782632,+24.6029650431,0.000,0.000,90,*,1,04 31 57.81078,+24 36 10.6742,A,2020yCat.1350....0G,Star,*,,,,,,,3.2316,0.1248,17.592,-4.285,0.140,0.110,90,,,,,,,,,,,,,,,,,
0.103219,SSTSL2 J054614.48+002024.3,86.56035,0.34011,2MASS J05461447+0020243,86.5603723515,+0.3400920414,0.000,0.000,90,TT*,11,05 46 14.48936,+00 20 24.3313,A,2020yCat.1350....0G,TTauri*,*|NIR|Or*|TT*|Y*?|Y*O,,,,,M4,,2.4557,0.0950,-0.178,-0.173,0.110,0.082,90,,,,,,,14.057,13.149,12.752,,,,,,,,
0.531378,SSTSL2 J054204.07-090842.5,85.516991,-9.145158,2MASS J05420411-0908424,85.5171351072,-9.1451186944,0.000,0.000,90,Y*O,11,05 42 04.11243,-09 08 42.4273,A,2020yCat.1350....0G,YSO,*|Em*|MIR|NIR|Y*O,,,,,,,2.1537,0.0837,0.255,-1.214,0.083,0.073,90,,,,,,,13.752,12.735,12.225,,,,,,,,
0.039300,SSTSL2 J053854.92-070710.8,84.728868,-7.119671,2MASS J05385492-0707109,84.7288781650,-7.1196668244,0.000,0.000,90,Or*,13,05 38 54.93076,-07 07 10.8006,A,2020yCat.1350....0G,OrionV*,*|MIR|NIR|Opt|Or*|X|Y*O,,,,,M3.5,,2.4348,0.0953,0.003,-1.119,0.083,0.075,90,,,,,19.814,,13.506,12.440,11.892,23.900,21.330,18.912,17.082,15.812,,,
0.221598,SSTSL2 J230259.59+621132.2,345.748304,62.192297,Gaia DR3 2207344776166265216,345.7484342353,+62.1923068887,0.000,0.000,90,Em*,1,23 02 59.62422,+62 11 32.3048,A,2020yCat.1350....0G,EmLine*,*|Em*,,,,,,,1.3157,0.0517,0.090,-1.928,0.059,0.052,90,,,,,,,,,,,,17.158,15.750,,,,
0.180991,SSTSL2 J202109.05+403256.6,305.287715,40.549062,ATO J305.2876+40.5490,305.2876523685,+40.5490782094,0.000,0.000,90,Y*?,5,20 21 09.03657,+40 32 56.6816,A,2020yCat.1350....0G,YSO_Candidate,*|Em*|MIR|NIR|Opt|V*|Y*?,,,,,,,0.9345,0.0368,-2.663,-6.814,0.043,0.047,90,,,,,,,13.737,12.600,11.753,,,17.031,15.765,,,,
0.129348,SSTSL2 J205334.33+440740.5,313.393079,44.12792,FHK 491,313.3930435422,+44.1279453614,0.000,0.000,90,Or*,13,20 53 34.33045,+44 07 40.6033,A,2020yCat.1350....0G,OrionV*,*|Em*|Or*|RS*|Y*?|Y*O,,,,,K7.0,,1.2002,0.0474,-1.319,-2.482,0.052,0.053,90,,,,19.916,17.993,,13.850,12.900,12.330,,18.798,17.178,15.867,,,,
0.044926,SSTSL2 J225203.62+620557.9,343.015097,62.099438,Gaia DR3 2207108759125540480,343.0151235744,+62.0994390500,0.000,0.000,90,Em*,3,22 52 03.62966,+62 05 57.9806,A,2020yCat.1350....0G,EmLine*,*|Em*|V*,,,,,,,1.2347,0.0490,-1.194,-3.405,0.057,0.052,90,,,,,,,,,,,,17.112,15.806,,,,
0.210104,SSTSL2 J061449.09-062142.9,93.704577,-6.361929,ATO J093.7045-06.3618,93.7046090354,-6.3618800871,0.000,0.000,90,V*,3,06 14 49.10617,-06 21 42.7683,A,2020yCat.1350....0G,Variable*,*|Opt|V*,,,,,,,1.1776,0.0475,-3.883,0.425,0.055,0.058,90,,,,,,,,,,,,,,,,,
0.318110,SSTSL2 J060920.85+135720.1,92.336899,13.955585,Gaia DR3 3344440494518098816,92.3369876538,+13.9555648556,0.000,0.000,90,Em*,1,06 09 20.87704,+13 57 20.0335,A,2020yCat.1350....0G,EmLine*,*|Em*,,,,,,,0.9878,0.0407,-1.968,-1.587,0.047,0.035,90,,,,,,,,,,,,15.501,14.802,,,,
0.389680,SSTSL2 J225300.69+620723.9,343.25288,62.123326,Gaia DR3 2207109755557965952,343.2531029549,+62.1233551445,0.000,0.000,90,V*,2,22 53 00.74471,+62 07 24.0785,A,2020yCat.1350....0G,Variable*,*|V*,,,,,,,1.3363,0.0551,-0.613,-2.309,0.063,0.064,90,,,,,,,,,,,,,,,,,
0.128518,SSTSL2 J214331.79+660850.6,325.882481,66.147393,V* V997 Cep,325.8825621447,+66.1473789393,0.000,0.000,90,Or*,14,21 43 31.81491,+66 08 50.5642,A,2020yCat.1350....0G,OrionV*,*|Em*|IR|MIR|NIR|Or*|V*|X|Y*O,,,,,,,1.1465,0.0475,-1.724,-2.968,0.057,0.056,90,,,,,18.120,17.040,13.935,12.894,12.295,,,,,,,,
0.121256,SSTSL2 J205206.71+442755.3,313.027988,44.465375,2MASS J20520672+4427553,313.0280119777,+44.4654040113,0.000,0.000,90,Or*,10,20 52 06.72287,+44 27 55.4544,A,2020yCat.1350....0G,OrionV*,*|Em*|NIR|Or*|Y*?|Y*O,,,,,K9.2,,1.3114,0.0547,-1.593,-3.020,0.054,0.056,90,,,,,,,13.697,12.764,12.243,,,17.234,15.877,,,,
0.125324,SSTSL2 J054107.07-074622.5,85.279484,-7.772923,2MASS J05410708-0746224,85.2795180065,-7.7729142473,0.000,0.000,90,Or*,14,05 41 07.08432,-07 46 22.4913,A,2020yCat.1350....0G,OrionV*,*|Em*|G|MIR|NIR|Or*|Y*O,,,,,M3.5,,2.3208,0.0977,0.126,-1.080,0.086,0.079,90,,,,,19.363,,13.402,12.493,12.034,,,,,,,,
0.162943,SSTSL2 J202129.05+404920.3,305.371058,40.822332,2MASS J20212904+4049204,305.3710345909,+40.8223736514,0.000,0.000,90,Y*?,5,20 21 29.04830,+40 49 20.5451,A,2020yCat.1350....0G,YSO_Candidate,*|Em*|MIR|NIR|Y*?,-3.796,0.127,-0.0000127,0.0000004,,,0.9382,0.0398,-2.608,-6.626,0.041,0.050,90,,,,,,,14.039,13.038,12.438,,,16.498,15.447,,,,
0.717004,SSTSL2 J054305.01-100102.4,85.770898,-10.017341,2MASS J05430506-1001025,85.7710927003,-10.0173949131,0.000,0.000,90,Y*O,12,05 43 05.06225,-10 01 02.6217,A,2020yCat.1350....0G,YSO,*|Em*|MIR|NIR|Y*?|Y*O,,,,,,,2.2207,0.0948,0.731,-1.686,0.087,0.080,90,,,,,,,13.541,12.448,11.631,,,,,,,,
0.070902,SSTSL2 J224659.35+604129.4,341.747318,60.691511,2MASS J22465933+6041293,341.7472855861,+60.6915226677,0.000,0.000,90,Y*O,3,22 46 59.34854,+60 41 29.4816,A,2020yCat.1350....0G,YSO,*|Em*|MIR|NIR|Y*?|Y*O,,,,,,,1.2320,0.0528,-0.312,-2.320,0.061,0.054,90,,,,,,,13.768,12.695,11.915,,,17.230,15.956,,,,
0.001372,SSTSL2 J064102.85+100711.9,100.261892,10.119978,ESO-HA  468,100.2618922992,+10.1199782419,0.000,0.000,90,TT*,30,06 41 02.85415,+10 07 11.9217,A,2020yCat.1350....0G,TTauri*,*|EB*|Em*|G|NIR|TT*|V*|Y*O,21.250,0.290,0.0000709,0.0000010,M1:,,1.3967,0.0599,-1.649,-3.494,0.057,0.051,90,,,,17.920,,16.260,13.978,13.218,12.874,20.489,17.976,16.539,15.266,,,,
0.131037,SSTSL2 J222230.45+630428.4,335.626889,63.074557,Gaia DR3 2205379158614885376,335.6268955077,+63.0745207203,0.000,0.000,90,Em*,3,22 22 30.45492,+63 04 28.2746,A,2020yCat.1350....0G,EmLine*,*|Em*,,,,,,,1.0684,0.0462,-1.148,-2.057,0.058,0.055,90,,,,,,,,,,,,16.938,15.768,,,,
0.377200,SSTSL2 J231334.97+620943.8,348.395735,62.162194,IPHAS J231334.92+620944.1,348.3955155030,+62.1622157353,0.000,0.000,90,TT*,3,23 13 34.92372,+62 09 43.9766,A,2020yCat.1350....0G,TTauri*,*|NIR|TT*,,,,,,,1.2961,0.0563,-1.502,-2.675,0.072,0.063,90,,,,,,,14.130,13.210,12.900,,,17.120,15.910,,,,
0.094088,SSTSL2 J054146.68-023205.3,85.444525,-2.534807,2MASS J05414667-0232053,85.4445271733,-2.5348330452,0.000,0.000,90,Y*O,5,05 41 46.68652,-02 32 05.3990,A,2020yCat.1350....0G,YSO,*|Em*|IR|NIR|Y*?|Y*O,,,,,,,2.2772,0.0994,-2.691,0.055,0.102,0.088,90,,,,,,,13.534,12.447,11.908,,,,,,,,
0.578624,SSTSL2 J054137.82-092618.8,85.407587,-9.438575,2MASS J05413785-0926185,85.4077229938,-9.4384864742,0.000,0.000,90,Y*O,8,05 41 37.85352,-09 26 18.5513,A,2020yCat.1350....0G,YSO,*|MIR|NIR|Y*O,,,,,,,2.4345,0.1063,0.661,-1.563,0.087,0.084,90,,,,,,,13.558,12.609,12.226,,,,,,,,
0.163415,SSTSL2 J021106.53-745713.7,32.777246,-74.953808,2MASS J02110655-7457138,32.7772853220,-74.9538522303,0.000,0.000,90,*,1,02 11 06.54848,-74 57 13.8680,A,2020yCat.1350....0G,Star,*|MIR|NIR|RB?,,,,,,,1.0086,0.0443,13.706,8.049,0.058,0.051,90,,,,,,,14.997,14.452,14.357,,,,,,,,
0.028100,SSTSL2 J210348.88+501005.0,315.95368,50.168082,2MASS J21034889+5010051,315.9536916283,+50.1680796658,0.000,0.000,90,Y*O,8,21 03 48.88599,+50 10 05.0868,A,2020yCat.1350....0G,YSO,*|Em*|NIR|Y*?|Y*O,,,,,,,1.5924,0.0702,1.002,-3.650,0.082,0.080,90,,,,,19.330,17.940,14.023,12.997,12.510,,,18.160,16.482,,,,
0.145182,SSTSL2 J205331.37+441334.4,313.380718,44.226236,2MASS J20533137+4413345,313.3807714925,+44.2262485307,0.000,0.000,90,Or*,11,20 53 31.38516,+44 13 34.4947,A,2020yCat.1350....0G,OrionV*,*|Em*|NIR|Or*|Y*?|Y*O,,,,,K6.6,,1.2847,0.0569,-1.184,-3.115,0.066,0.064,90,,,,20.328,18.282,,13.524,12.289,11.575,,,17.361,15.937,,,,
0.204775,SSTSL2 J221425.37+583755.3,333.605713,58.632031,ZTF J221425.34+583755.3,333.6056100000,+58.6320500000,,,172,BY*,2,   22 14 25.35,   +58 37 55.4,C,2020ApJS..249...18C,BYDraV*,BY*,,,,,,,,,,,,,,,,,,,,,,,,19.266,17.482,,,,,
0.112905,SSTSL2 J183008.51+010137.4,277.535459,1.027068,2MASS J18300851+0101373,277.5354537503,+1.0270370800,0.000,0.000,90,Or*,15,18 30 08.50890,+01 01 37.3335,A,2020yCat.1350....0G,OrionV*,*|Em*|IR|MIR|NIR|Or*|Y*?|Y*O,,,,,K7-M0e,,2.6015,0.1163,3.025,-9.352,0.100,0.093,90,,,,,,,13.540,12.340,11.671,,,,,,,,
0.109049,SSTSL2 J084254.66-480738.3,130.727751,-48.127307,Gaia DR3 5329109525844927744,130.7277941368,-48.1272975902,0.000,0.000,90,V*,5,08 42 54.67059,-48 07 38.2713,A,2020yCat.1350....0G,Variable*,*|V*,,,,,,,1.3542,0.0607,-4.434,3.114,0.063,0.076,90,,,,,,,,,,,,,,,,,
0.129422,SSTSL2 J225010.23+610129.8,342.542655,61.024963,2MASS J22501024+6101299,342.5427241532,+61.0249760465,0.000,0.000,90,Y*O,4,22 50 10.25380,+61 01 29.9138,A,2020yCat.1350....0G,YSO,*|Em*|MIR|NIR|Y*?|Y*O,,,,,,,1.1784,0.0532,-0.571,-2.939,0.055,0.052,90,,,,,,,14.023,13.055,12.611,,,17.189,16.038,,,,
0.108763,SSTSL2 J225159.60+620755.3,342.998352,62.13205,Gaia DR3 2207111988941136128,342.9984154653,+62.1320557185,0.000,0.000,90,*,1,22 51 59.61971,+62 07 55.4006,A,2020yCat.1350....0G,Star,*,,,,,,,1.2868,0.0584,-0.582,-2.052,0.064,0.063,90,,,,,,,,,,,,,,,,,
0.204016,SSTSL2 J064118.29+094406.8,100.326243,9.73523,KHA 124,100.3262990182,+9.7352172204,0.000,0.000,90,TT*,36,06 41 18.31176,+09 44 06.7820,A,2020yCat.1350....0G,TTauri*,*|Em*|gD*|NIR|Opt|TT*|V*|X|Y*O,20.690,0.200,0.0000690,0.0000007,M1.5,,1.3017,0.0595,-2.291,-3.329,0.067,0.057,90,,,,19.150,17.610,16.560,14.004,13.319,13.032,20.921,18.358,16.935,15.938,15.359,,,
0.073749,SSTSL2 J060647.65-062809.3,91.698576,-6.46927,[DCD2013] CSS J060647.6-062809,91.6985698134,-6.4692895417,0.000,0.000,90,RR*,2,06 06 47.65676,-06 28 09.4424,A,2020yCat.1350....0G,RRLyrae,*|RR*,,,,,,,1.1848,0.0542,-3.000,1.216,0.050,0.059,90,,,,,15.780,,,,,,,,,,,,
0.139657,SSTSL2 J061030.04-061926.0,92.625185,-6.323892,2MASS J06103004-0619258,92.6251799006,-6.3238535389,0.000,0.000,90,Y*?,5,06 10 30.04318,-06 19 25.8727,A,2020yCat.1350....0G,YSO_Candidate,*|MIR|NIR|V*|X|Y*?,,,,,,,1.2246,0.0564,-3.579,0.399,0.054,0.059,90,,,,,,,13.783,12.932,12.363,,,,,,,,
0.179533,SSTSL2 J005125.35-741747.1,12.85565,-74.296417,2MASS J00512537-7417470,12.8557506313,-74.2963752244,0.000,0.000,90,*,1,00 51 25.38015,-74 17 46.9508,A,2020yCat.1350....0G,Star,*|MIR|NIR|RB?,,,,,,,0.9751,0.0451,10.327,-4.234,0.060,0.047,90,,,,18.060,16.910,,15.083,14.489,14.265,,,,,,,,
0.499897,SSTSL2 J054245.01-083336.0,85.687556,-8.560014,2MASS J05424500-0833358,85.6874605598,-8.5599121415,0.000,0.000,90,Or*,27,05 42 44.99053,-08 33 35.6837,A,2020yCat.1350....0G,OrionV*,*|MIR|NIR|Or*|X|Y*O,21.364,0.076,0.0000713,0.0000003,M2.6,,2.5924,0.1200,0.511,-0.497,0.109,0.098,90,,,,,19.813,,13.500,12.202,11.398,,,,,,,,
0.258987,SSTSL2 J230044.29+624701.4,345.184568,62.783741,Gaia DR3 2207237883023719040,345.1844109318,+62.7837448969,0.000,0.000,90,Em*,2,23 00 44.25862,+62 47 01.4816,A,2020yCat.1350....0G,EmLine*,*|Em*,,,,,,,1.1185,0.0519,-1.465,-2.704,0.053,0.057,90,,,,,,,,,,,,17.174,15.861,,,,
0.048377,SSTSL2 J223829.46+585533.1,339.622762,58.925874,2MASS J22382946+5855333,339.6227759779,+58.9258853372,0.000,0.000,90,Y*O,2,22 38 29.46623,+58 55 33.1872,A,2020yCat.1350....0G,YSO,*|Em*|MIR|NIR|Y*O,,,,,,,1.0987,0.0511,-0.680,-2.902,0.057,0.046,90,,,,,,,14.213,13.386,13.149,,,16.975,15.893,,,,
0.043400,SSTSL2 J182947.27+003955.6,277.446967,0.665452,2MASS J18294727+0039555,277.4469776150,+0.6654462843,0.000,0.000,90,Or*,16,18 29 47.27463,+00 39 55.6066,A,2020yCat.1350....0G,OrionV*,*|Em*|IR|MIR|NIR|Or*|Y*?|Y*O,,,,,M0:,,2.1709,0.1014,3.654,-8.876,0.102,0.086,90,,,,,,,13.557,12.601,12.135,,,,,,,,
0.048748,SSTSL2 J054219.56-080507.6,85.581524,-8.085448,2MASS J05421956-0805075,85.5815150117,-8.0854377937,0.000,0.000,90,Or*,15,05 42 19.56360,-08 05 07.5761,A,2020yCat.1350....0G,OrionV*,*|MIR|NIR|Or*|Y*O,,,,,M2.5,,2.3550,0.1146,0.302,-0.501,0.101,0.095,90,,,,,19.810,,13.805,12.943,12.314,,,,,,,,
0.069800,SSTSL2 J034227.13+314432.9,55.613069,31.742472,2MASS J03422713+3144329,55.6130861430,+31.7424592178,0.000,0.000,90,Y*O,19,03 42 27.14067,+31 44 32.8532,A,2020yCat.1350....0G,YSO,*|IR|MIR|NIR|Y*?|Y*O,16.354,0.014,0.0000546,0.0000000,M1.5,,3.7730,0.1837,5.791,-7.075,0.235,0.161,90,,,,,,,13.384,11.870,11.149,,,,,,,,
0.086985,SSTSL2 J061036.03-061109.8,92.650155,-6.186067,2MASS J06103603-0611099,92.6501506991,-6.1860432188,0.000,0.000,90,Y*O,7,06 10 36.03617,-06 11 09.7556,A,2020yCat.1350....0G,YSO,*|MIR|NIR|V*|X|Y*O,,,,,,,1.2465,0.0607,-3.460,0.676,0.063,0.064,90,,,,,,,13.495,12.421,11.733,,,,,,,,
0.168406,SSTSL2 J213734.59+572047.5,324.394149,57.346555,Gaia DR3 2178389618498468352,324.3941874685,+57.3465130774,0.000,0.000,90,Y*O,7,21 37 34.60499,+57 20 47.4471,A,2020yCat.1350....0G,YSO,*|Em*|Y*O,,,,,,,1.1220,0.0547,-2.862,-5.087,0.073,0.062,90,,,,,,,,,,,,17.354,16.064,,,,
0.304987,SSTSL2 J213524.48+573300.9,323.852035,57.550261,[SHB2004] Trumpler 37 73-311,323.8521583112,+57.5503139111,0.000,0.000,90,TT*,16,21 35 24.51799,+57 33 01.1301,A,2020yCat.1350....0G,TTauri*,*|Em*|MIR|NIR|Or*|TT*|TT?|Y*O,,,,,M1.5,,1.1804,0.0575,-3.065,-4.882,0.070,0.061,90,,,,,18.380,17.130,14.051,13.211,12.826,,,17.401,16.063,,,,
0.104786,SSTSL2 J205236.46+441146.3,313.151949,44.1962,ZTF J205236.47+441146.3,313.1519725425,+44.1962237135,0.000,0.000,90,Or*,12,20 52 36.47341,+44 11 46.4054,A,2020yCat.1350....0G,OrionV*,*|Em*|NIR|Or*|RS*|Y*?|Y*O,,,,,K9.4,,1.2203,0.0595,-1.316,-3.450,0.067,0.068,90,,,,,,,14.438,13.226,12.618,,19.450,17.445,15.985,,,,
0.381433,SSTSL2 J054058.71-092237.9,85.244661,-9.377208,2MASS J05405874-0922377,85.2447610138,-9.3771694128,0.000,0.000,90,Y*O,17,05 40 58.74264,-09 22 37.8099,A,2020yCat.1350....0G,YSO,*|Em*|NIR|Y*O,22.905,0.053,0.0000764,0.0000002,M1.5,,2.2844,0.1119,-0.271,-1.371,0.105,0.093,90,,,,,,,13.091,11.770,11.302,,,,,,,,
0.044141,SSTSL2 J225944.05+625945.0,344.933574,62.995848,Gaia DR3 2207301169362750464,344.9336008449,+62.9958493296,0.000,0.000,90,*,1,22 59 44.06420,+62 59 45.0576,A,2020yCat.1350....0G,Star,*,,,,,,,1.1851,0.0584,-1.614,-2.381,0.067,0.060,90,,,,,,,,,,,,,,,,,
0.178009,SSTSL2 J172449.49-361859.5,261.206226,-36.316534,2MASS J17244950-3618596,261.2062540000,-36.3165780000,0.060,0.060,90,Y*?,1,17 24 49.50096,-36 18 59.6808,C,2003yCat.2246....0C,YSO_Candidate,MIR|NIR|Y*?,,,,,,,,,,,,,,,,,,,,13.071,12.175,11.569,,,,,,,,
0.037867,SSTSL2 J053529.31-040410.5,83.872166,-4.069605,2MASS J05352931-0404105,83.8721695580,-4.0695950982,0.000,0.000,90,Y*O,5,05 35 29.32069,-04 04 10.5424,A,2020yCat.1350....0G,YSO,*|MIR|NIR|Y*O,,,,,,,0.6672,0.0331,2.178,-1.962,0.027,0.023,90,,,,,,,13.454,12.802,12.650,,,,,,,,
0.108908,SSTSL2 J183023.12+012009.5,277.596338,1.335999,2MASS J18302312+0120097,277.5963678189,+1.3360041484,0.000,0.000,90,Or*,12,18 30 23.12828,+01 20 09.6149,A,2020yCat.1350....0G,OrionV*,*|IR|MIR|NIR|Or*|X|Y*?|Y*O,,,,,M3.5,,2.0550,0.1020,2.429,-9.657,0.104,0.093,90,,,,19.500,,16.800,13.338,12.564,12.195,,,,,,,,
0.047757,SSTSL2 J182906.15+001944.3,277.275657,0.328983,2MASS J18290615+0019442,277.2756543257,+0.3289700066,0.000,0.000,90,Or*,19,18 29 06.15704,+00 19 44.2920,A,2020yCat.1350....0G,OrionV*,*|Em*|IR|MIR|NIR|Or*|Y*?|Y*O,,,,,M3:,,2.1626,0.1076,3.257,-8.514,0.114,0.100,90,,,,,,18.800,13.410,12.252,11.846,,,,,,,,
0.466992,SSTSL2 J205906.72+441823.4,314.778026,44.306508,2MASS J20590670+4418238,314.7779289343,+44.3066175555,0.000,0.000,90,Or*,7,20 59 06.70294,+44 18 23.8232,A,2020yCat.1350....0G,OrionV*,*|Em*|NIR|Or*|Y*?|Y*O,,,,,K9.6,,1.1391,0.0567,-2.864,-3.099,0.069,0.065,90,,,,19.197,17.733,17.200,14.223,13.291,12.753,,,17.298,16.102,,,,
0.168938,SSTSL2 J213724.10+572411.5,324.350429,57.403212,[BVD2011] 44,324.3504257840,+57.4031651047,0.000,0.000,90,TT*,15,21 37 24.10219,+57 24 11.3944,A,2020yCat.1350....0G,TTauri*,*|Em*|LP?|NIR|Or*|TT*|TT?|Y*O,,,,,K5.5e,,1.1263,0.0562,-2.742,-5.082,0.080,0.070,90,,,,,,,14.198,13.293,12.821,,,17.461,16.158,,,,
0.242455,SSTSL2 J204127.01+393729.7,310.362543,39.624928,Gaia DR3 2063735775762434176,310.3625876739,+39.6249858950,0.000,0.000,90,Em*,1,20 41 27.02104,+39 37 29.9492,A,2020yCat.1350....0G,EmLine*,*|Em*,,,,,,,1.0375,0.0519,-2.000,-3.202,0.050,0.058,90,,,,,,,,,,,,17.038,15.868,,,,
0.051385,SSTSL2 J204832.86+441159.6,312.136943,44.1999,2MASS J20483286+4411596,312.1369533477,+44.1999121945,0.000,0.000,90,Or*,8,20 48 32.86880,+44 11 59.6839,A,2020yCat.1350....0G,OrionV*,*|Em*|NIR|Or*|Y*?|Y*O,,,,,M3.8,,1.3638,0.0683,-2.692,-3.475,0.074,0.074,90,,,,,,,14.165,13.226,12.748,,,17.923,16.393,,,,
0.143934,SSTSL2 J205059.47+441938.9,312.747802,44.327495,2MASS J20505948+4419390,312.7478461039,+44.3275195588,0.000,0.000,90,TT*,12,20 50 59.48306,+44 19 39.0704,A,2020yCat.1350....0G,TTauri*,*|Em*|NIR|Or*|TT*|V*|Y*?|Y*O,,,,,M3.2,,1.3511,0.0677,-1.095,-3.925,0.072,0.076,90,,,,20.560,18.585,17.256,13.754,12.689,12.076,,,17.686,16.156,,,,
0.130406,SSTSL2 J022638.02+730457.5,36.65842,73.08265,2MASS J02263797+7304575,36.6583107059,+73.0826326595,0.000,0.000,90,Or*,8,02 26 37.99457,+73 04 57.4776,A,2020yCat.1350....0G,OrionV*,*|Em*|MIR|NIR|Or*|Y*O,,,,,K4,,1.1144,0.0558,-1.337,-1.433,0.048,0.063,90,,,,16.509,15.648,15.084,14.210,13.400,13.034,,,,,,,,
0.183339,SSTSL2 J053521.14+100558.4,83.838089,10.099557,2MASS J05352114+1005584,83.8380974904,+10.0996072367,0.000,0.000,90,*,1,05 35 21.14340,+10 05 58.5861,A,2020yCat.1350....0G,Star,*|NIR,,,,,,,2.9410,0.1479,-4.649,-3.640,0.159,0.121,90,,,,,,,15.260,14.660,14.550,,,,,,,,
0.265498,SSTSL2 J173936.78-333229.8,264.903264,-33.54162,2MASS J17393679-3332300,264.9033100000,-33.5416830000,0.060,0.060,45,Y*?,1,17 39 36.79440,-33 32 30.0588,C,2003yCat.2246....0C,YSO_Candidate,MIR|NIR|Y*?,,,,,,,,,,,,,,,,,,,,13.690,12.721,12.290,,,,,,,,
0.063431,SSTSL2 J225214.69+610810.5,343.06121,61.136256,2MASS J22521469+6108105,343.0612450000,+61.1362610000,0.060,0.060,90,Y*O,1,22 52 14.69880,+61 08 10.5396,C,2003yCat.2246....0C,YSO,MIR|NIR|Y*O,,,,,,,,,,,,,,,,,,,,13.718,12.673,12.212,,,,,,,,
0.223171,SSTSL2 J194849.05+241147.9,297.204385,24.196667,SPICY 107015,297.2044220000,+24.1966150000,0.300,0.300,90,Y*?,1,  19 48 49.061,  +24 11 47.81,C,2021ApJS..254...33K,YSO_Candidate,MIR|NIR|Y*?,,,,,,,,,,,,,,,,,,,,13.523,12.721,12.283,,,,,,,,
0.091098,SSTSL2 J231457.10+621741.8,348.737937,62.294947,Gaia DR3 2015233740878192128,348.7379912040,+62.2949447038,0.000,0.000,90,Em*,3,23 14 57.11789,+62 17 41.8009,A,2020yCat.1350....0G,EmLine*,*|Em*,,,,,,,1.3160,0.0681,-1.081,-2.368,0.074,0.066,90,,,,,,,,,,,,17.916,16.405,,,,
0.533190,SSTSL2 J054052.41-092727.0,85.218397,-9.457507,2MASS J05405244-0927266,85.2185045085,-9.4574036073,0.000,0.000,90,Y*O,9,05 40 52.44108,-09 27 26.6530,A,2020yCat.1350....0G,YSO,*|Em*|MIR|NIR|Y*O,,,,,,,2.2503,0.1166,0.458,-2.897,0.100,0.095,90,,,,,,,13.767,12.712,12.204,,,,,,,,
0.534120,SSTSL2 J054210.35-095838.2,85.543155,-9.977303,2MASS J05421039-0958381,85.5433020783,-9.9772709071,0.000,0.000,90,Y*O,16,05 42 10.39250,-09 58 38.1753,A,2020yCat.1350....0G,YSO,*|Em*|MIR|NIR|Y*O,20.896,0.076,0.0000697,0.0000003,,,2.0566,0.1069,0.551,-1.144,0.093,0.087,90,,,,,,,13.000,11.711,11.053,,,,,,,,
0.072471,SSTSL2 J230026.92+624830.9,345.112176,62.808584,Gaia DR3 2207238089181878656,345.1121331137,+62.8085886026,0.000,0.000,90,Em*,2,23 00 26.91195,+62 48 30.9190,A,2020yCat.1350....0G,EmLine*,*|Em*,,,,,,,1.3044,0.0678,-1.433,-2.995,0.072,0.075,90,,,,,,,,,,,,17.736,16.370,,,,
0.164046,SSTSL2 J230048.27+611839.3,345.201138,61.310928,ZTF J230048.29+611839.3,345.2012309294,+61.3109372899,0.000,0.000,90,LP*,3,23 00 48.29542,+61 18 39.3742,A,2020yCat.1350....0G,LongPeriodV*,*|Em*|LP*,,,,,,,0.8546,0.0450,-3.044,-3.063,0.048,0.038,90,,,,,,,,,,,19.056,17.169,15.896,,,,
0.458338,SSTSL2 J205315.67+434422.6,313.315316,43.739627,2MASS J20531564+4344227,313.3151586438,+43.7396843098,0.000,0.000,90,Or*,10,20 53 15.63807,+43 44 22.8635,A,2020yCat.1350....0G,OrionV*,*|Em*|NIR|Or*|Y*?|Y*O,,,,,M2.4,,1.2862,0.0678,-0.813,-3.280,0.068,0.071,90,,,,18.940,17.769,17.500,14.068,13.215,12.542,,,17.789,16.437,,,,
0.064861,SSTSL2 J223631.69+614102.8,339.132052,61.684117,2MASS J22363168+6141028,339.1320170000,+61.6841240000,0.060,0.060,90,Y*O,1,22 36 31.68408,+61 41 02.8464,C,2003yCat.2246....0C,YSO,MIR|NIR|Y*O,,,,,,,,,,,,,,,,,,,,14.183,13.209,12.838,,,,,,,,
0.057264,SSTSL2 J053448.04-041455.3,83.700183,-4.248699,2MASS J05344804-0414553,83.7001989496,-4.2486988347,0.000,0.000,90,Y*O,11,05 34 48.04775,-04 14 55.3158,A,2020yCat.1350....0G,YSO,*|Em*|G|MIR|NIR|Y*O,29.278,0.365,0.0000977,0.0000012,,,2.6663,0.1411,2.019,-0.329,0.115,0.080,90,,,,,,,12.089,11.345,11.158,,,,,,,,
0.040570,SSTSL2 J061216.45-062236.1,93.068545,-6.376713,Gaia DR3 3019731655450975744,93.0685379550,-6.3767041692,0.000,0.000,90,*,2,06 12 16.44911,-06 22 36.1350,A,2020yCat.1350....0G,Star,*,,,,,,,1.2117,0.0643,-3.893,0.801,0.065,0.066,90,,,,,,,,,,,,,,,,,
0.639428,SSTSL2 J213903.16+571554.7,324.763198,57.265218,ZTF J213903.21+571555.2,324.7633920495,+57.2653613096,0.000,0.000,90,Or*,14,21 39 03.21409,+57 15 55.3007,A,2020yCat.1350....0G,OrionV*,*|BY*|Em*|NIR|Or*|Y*O,,,,,M1.0e,,1.1461,0.0611,-2.349,-4.789,0.079,0.072,90,,,,,,,14.283,13.500,13.180,,19.247,17.658,16.306,,,,
0.081331,SSTSL2 J065314.14-235112.8,103.308939,-23.853573,Gaia DR2 2922556298094520960,103.3089142983,-23.8535729374,0.000,0.000,90,*,3,06 53 14.13943,-23 51 12.8626,A,2020yCat.1350....0G,Star,*,,,,,,,1.2023,0.0645,-2.813,3.745,0.043,0.063,90,,,,,,,,,,,,,,,,,
0.071544,SSTSL2 J225820.70+630748.0,344.586279,63.130001,ZTF J225820.70+630748.0,344.5863169034,+63.1299909265,0.000,0.000,90,BY*,3,22 58 20.71606,+63 07 47.9673,A,2020yCat.1350....0G,BYDraV*,*|BY*|NIR|Y*O,,,,,,,1.3683,0.0736,-0.062,-2.181,0.081,0.076,90,,,,,,,14.249,13.360,12.999,,19.931,17.915,,,,,
0.233303,SSTSL2 J202512.97+390656.4,306.304066,39.115683,ZTF J202512.95+390656.6,306.3039925950,+39.1157139226,0.000,0.000,90,RS*,8,20 25 12.95822,+39 06 56.5701,A,2020yCat.1350....0G,RSCVnV*,*|Em*|MIR|NIR|RS*|Y*?,-14.001,0.142,-0.0000467,0.0000005,,,1.0408,0.0567,-1.589,-3.653,0.051,0.063,90,,,,,,,13.604,12.402,11.719,,19.386,17.451,15.984,,,,
0.059137,SSTSL2 J225538.35+630231.5,343.909809,63.042085,2MASS J22553834+6302315,343.9097731761,+63.0420825305,0.000,0.000,90,Y*O,4,22 55 38.34556,+63 02 31.4971,A,2020yCat.1350....0G,YSO,*|Em*|NIR|Y*O,,,,,,,1.1650,0.0635,-2.604,-2.418,0.070,0.063,90,,,,,,,14.162,13.166,12.791,,,17.511,16.233,,,,
0.059625,SSTSL2 J060740.99-054416.1,91.920794,-5.737825,ATO J091.9207-05.7378,91.9207837878,-5.7378119208,0.000,0.000,90,V*,2,06 07 40.98811,-05 44 16.1229,A,2020yCat.1350....0G,Variable*,*|NIR|Opt|V*,,,,,,,1.2577,0.0691,-1.578,0.723,0.070,0.068,90,,,,,,,13.804,12.967,12.543,,,,,,,,
0.200080,SSTSL2 J053358.15-043624.7,83.492318,-4.606887,2MASS J05335816-0436248,83.4923559575,-4.6068462888,0.000,0.000,90,Y*O,7,05 33 58.16543,-04 36 24.6466,A,2020yCat.1350....0G,YSO,*|Em*|G|MIR|NIR|Y*O,,,,,,,2.4240,0.1343,0.828,-0.440,0.120,0.104,90,,,,,,,14.276,13.460,13.088,,,,,,,,
0.043104,SSTSL2 J204851.69+435101.3,312.215403,43.850373,ZTF J204851.69+435101.4,312.2154041186,+43.8503849462,0.000,0.000,90,Or*,11,20 48 51.69699,+43 51 01.3858,A,2020yCat.1350....0G,OrionV*,*|BY*|NIR|Or*|Y*?|Y*O,,,,,K8.8,,1.2316,0.0687,-1.561,-1.786,0.070,0.077,90,,,,,,,14.111,13.049,12.649,,20.203,18.026,,,,,
0.655296,SSTSL2 J054245.05-092042.6,85.687715,-9.345174,2MASS J05424509-0920422,85.6878700902,-9.3450754356,0.000,0.000,90,Y*O,9,05 42 45.08882,-09 20 42.2716,A,2020yCat.1350....0G,YSO,*|Lev|LP?|MIR|NIR|Y*O,,,,,,,2.0273,0.1133,0.525,-1.689,0.113,0.097,90,,,,,,,13.783,12.630,12.137,,,,,,,,
0.123212,SSTSL2 J032613.89+590103.0,51.557907,59.017521,ATO J051.5578+59.0175,51.5578423433,+59.0175130263,0.000,0.000,90,Y*O,5,03 26 13.88216,+59 01 03.0469,A,2020yCat.1350....0G,YSO,*|EB*|Em*|NIR|Opt|V*|Y*O,,,,,,,0.9496,0.0533,0.272,-1.392,0.062,0.057,90,,,,,,,13.670,12.820,12.500,,18.533,16.764,15.603,,,,
0.130654,SSTSL2 J203803.42+385415.4,309.514273,38.904289,ZTF J203803.43+385415.4,309.5143189268,+38.9042826903,0.000,0.000,90,EB*,6,20 38 03.43654,+38 54 15.4177,A,2020yCat.1350....0G,EclBin,*|EB*|Em*|LP?|MIR|NIR|V*|Y*?,,,,,,,1.0625,0.0601,-1.708,-3.494,0.055,0.068,90,,,,,,,14.235,13.382,12.783,,19.277,17.589,16.381,,,,
0.020460,SSTSL2 J061151.11-063023.1,92.962979,-6.506435,Gaia DR3 3019724233747584000,92.9629773828,-6.5064295486,0.000,0.000,90,*,2,06 11 51.11457,-06 30 23.1464,A,2020yCat.1350....0G,Star,*,,,,,,,1.1587,0.0656,-3.852,0.426,0.061,0.058,90,,,,,,,,,,,,,,,,,
0.051064,SSTSL2 J061500.09-062654.8,93.750408,-6.44857,Gaia DR3 3007803156882155776,93.7504205785,-6.4485767063,0.000,0.000,90,*,1,06 15 00.10094,-06 26 54.8761,A,2020yCat.1350....0G,Star,*,,,,,,,1.2621,0.0718,-3.855,0.582,0.095,0.081,90,,,,,,,,,,,,,,,,,
0.125554,SSTSL2 J202009.22+410742.7,305.038455,41.128547,Gaia DR3 2068364681051887616,305.0384130965,+41.1285618362,0.000,0.000,90,*,1,20 20 09.21914,+41 07 42.8226,A,2020yCat.1350....0G,Star,*,,,,,,,0.9392,0.0536,-2.069,-5.824,0.056,0.060,90,,,,,,,,,,,,,,,,,
0.056971,SSTSL2 J054304.56-081639.2,85.769029,-8.277561,2MASS J05430457-0816392,85.7690443951,-8.2775567169,0.000,0.000,90,Or*,26,05 43 04.57065,-08 16 39.2042,A,2020yCat.1350....0G,OrionV*,*|MIR|NIR|Or*|Y*O,21.896,0.078,0.0000730,0.0000003,M0.6,,2.2260,0.1273,-0.138,-0.142,0.115,0.104,90,,,,,21.275,,13.688,12.454,11.983,,,,,,,,
0.407599,SSTSL2 J204419.68+412944.8,311.082036,41.495802,2MASS J20441972+4129447,311.0821810000,+41.4957700000,0.080,0.060,0,Y*?,1,20 44 19.72344,+41 29 44.7720,C,2003yCat.2246....0C,YSO_Candidate,MIR|NIR|Y*?,,,,,,,,,,,,,,,,,,,,13.741,12.670,12.233,,,,,,,,
0.072335,SSTSL2 J060717.84-063119.4,91.82437,-6.522066,[OCG2023] 5875.0,91.8243706596,-6.5220860823,0.000,0.000,90,Y*O,2,06 07 17.84896,-06 31 19.5099,A,2020yCat.1350....0G,YSO,*|Em*|Y*O,,,,,M0e,,1.1685,0.0678,-2.690,1.203,0.068,0.061,90,,,,,,,,,,,,,,,,,
0.188847,SSTSL2 J182941.22+004901.8,277.421767,0.817183,2MASS J18294122+0049020,277.4217640675,+0.8172353754,0.000,0.000,90,Or*,13,18 29 41.22338,+00 49 02.0474,A,2020yCat.1350....0G,OrionV*,*|IR|MIR|NIR|Or*|Y*?|Y*O,,,,,K7:,,4.0657,0.2364,2.280,-9.167,0.223,0.188,90,,,,,,19.300,13.763,12.486,11.888,,,,,,,,
0.739815,SSTSL2 J054234.49-085338.8,85.643731,-8.894112,2MASS J05423454-0853385,85.6439191926,-8.8940244670,0.000,0.000,90,Or*,9,05 42 34.54061,-08 53 38.4881,A,2020yCat.1350....0G,OrionV*,*|MIR|NIR|Or*|Y*O,,,,,M3.0,,2.5577,0.1496,0.510,-0.685,0.141,0.127,90,,,,,,,14.397,13.300,12.878,,,,,,,,
0.210954,SSTSL2 J213925.69+572945.5,324.857067,57.495987,2MASS J21392570+5729455,324.8571755609,+57.4959814614,0.000,0.000,90,TT*,13,21 39 25.72213,+57 29 45.5333,A,2020yCat.1350....0G,TTauri*,*|Em*|NIR|TT*|X|Y*O,,,,,,,1.1299,0.0662,-2.366,-4.457,0.082,0.063,90,,,,,18.270,,13.940,13.000,12.700,,,,16.350,,,,
0.584523,SSTSL2 J053452.78-003259.4,83.71995,-0.549847,CVSO 137,83.7199753708,-0.5496866267,0.000,0.000,90,TT*,12,05 34 52.79409,-00 32 58.8719,A,2020yCat.1350....0G,TTauri*,*|NIR|Or*|TT*|Y*O,31.105,0.031,0.0001038,0.0000001,M1,,2.1080,0.1236,0.823,1.158,0.116,0.099,90,,,,,15.840,,12.896,12.173,11.987,,,,,,,,
0.085779,SSTSL2 J064015.11+100551.6,100.062982,10.097674,ZTF J064015.12+100551.6,100.0630060330,+10.0976768145,0.000,0.000,90,LP*,21,06 40 15.12145,+10 05 51.6365,A,2020yCat.1350....0G,LongPeriodV*,*|LP*|NIR|V*|Y*O,21.325,0.089,0.0000711,0.0000003,M4.4,,1.4512,0.0852,-1.655,-3.314,0.086,0.069,90,,,,,,16.690,13.998,13.138,12.853,,18.548,17.011,16.033,,,,
0.354240,SSTSL2 J023119.81+724114.4,37.832556,72.687346,2MASS J02311975+7241146,37.8322664828,+72.6873935362,0.000,0.000,90,Or*,6,02 31 19.74396,+72 41 14.6167,A,2020yCat.1350....0G,OrionV*,*|Em*|MIR|NIR|Or*|Y*O,,,,,K8,,1.0726,0.0635,-1.387,-1.546,0.060,0.065,90,,,,20.100,18.282,17.055,13.819,12.759,12.246,,,,,,,,
0.063312,SSTSL2 J042337.47+263519.5,65.906152,26.58876,Gaia DR3 152077786861831168,65.9061453620,+26.5887434455,0.000,0.000,90,*,1,04 23 37.47489,+26 35 19.4764,A,2020yCat.1350....0G,Star,*,,,,,,,3.0304,0.1799,3.859,-6.804,0.233,0.153,90,,,,,,,,,,,,,,,,,
0.149162,SSTSL2 J022744.83+724211.9,36.936802,72.70332,2MASS J02274486+7242119,36.9369235472,+72.7033402681,0.000,0.000,90,Or*,6,02 27 44.86165,+72 42 12.0250,A,2020yCat.1350....0G,OrionV*,*|Em*|MIR|NIR|Or*|Y*O,,,,,M0,,1.1293,0.0673,-1.427,-1.507,0.064,0.069,90,,,,19.749,18.285,17.262,14.361,13.479,13.009,,,,,,,,
0.248053,SSTSL2 J213930.12+572651.0,324.875535,57.447527,2MASS J21393012+5726514,324.8755781764,+57.4475918690,0.000,0.000,90,Or*,5,21 39 30.13876,+57 26 51.3307,A,2020yCat.1350....0G,OrionV*,*|NIR|Or*|Y*O,,,,,M0.5e,,1.1935,0.0715,-2.342,-4.719,0.088,0.074,90,,,,,,,13.783,12.839,12.509,,,,,,,,
0.030204,SSTSL2 J060846.52-060607.4,92.193847,-6.102063,Gaia DR3 3019975364777870592,92.1938390007,-6.1020656696,0.000,0.000,90,*,3,06 08 46.52136,-06 06 07.4364,A,2020yCat.1350....0G,Star,*,,,,,,,1.1473,0.0690,-3.277,0.454,0.079,0.076,90,,,,,,,,,,,,,,,,,
0.867613,SSTSL2 J054212.34-100211.2,85.551437,-10.036471,2MASS J05421240-1002114,85.5516779066,-10.0365135376,0.000,0.000,90,Y*O,15,05 42 12.40270,-10 02 11.4487,A,2020yCat.1350....0G,YSO,*|MIR|NIR|Y*O,21.021,0.051,0.0000701,0.0000002,,,2.1315,0.1285,0.493,-1.893,0.107,0.102,90,,,,,,,13.321,12.284,11.814,,,,,,,,
0.171453,SSTSL2 J213728.92+573604.3,324.370522,57.60122,2MASS J21372894+5736042,324.3706103963,+57.6012249915,0.000,0.000,90,TT*,16,21 37 28.94650,+57 36 04.4100,A,2020yCat.1350....0G,TTauri*,*|Em*|NIR|Or*|TT*|Y*O,,,,,M0,,1.1838,0.0717,-2.536,-4.579,0.115,0.088,90,,,,,18.399,16.874,13.990,13.030,12.630,,,17.540,16.071,,,,
0.205533,SSTSL2 J053914.84-074944.1,84.811862,-7.828934,ESO-HA 1700,84.8119125745,-7.8289066277,0.000,0.000,90,Or*,22,05 39 14.85902,-07 49 44.0639,A,2020yCat.1350....0G,OrionV*,*|Em*|G|MIR|NIR|Or*|Y*O,19.271,0.062,0.0000643,0.0000002,M4.5,,2.4914,0.1521,1.185,0.951,0.133,0.120,90,,,,,17.489,,12.806,12.171,11.823,,,,,,,,
0.119351,SSTSL2 J205009.91+441521.1,312.541298,44.255883,ZTF J205009.91+441521.2,312.5413183751,+44.2559127685,0.000,0.000,90,Or*,9,20 50 09.91641,+44 15 21.2860,A,2020yCat.1350....0G,OrionV*,*|LP*|NIR|Or*|Y*?|Y*O,,,,,M1.4,,1.3387,0.0820,-2.226,-3.537,0.099,0.112,90,,,,,,,14.276,13.123,12.646,,20.295,18.064,,,,,
0.377006,SSTSL2 J205253.43+441936.2,313.222641,44.326731,2MASS J20525343+4419365,313.2226449383,+44.3268356860,0.000,0.000,90,Or*,8,20 52 53.43479,+44 19 36.6085,A,2020yCat.1350....0G,OrionV*,*|NIR|Or*|Y*?|Y*O,,,,,,,1.3364,0.0823,-0.984,-3.732,0.089,0.085,90,,,,,,17.900,13.019,11.797,11.183,,,,,,,,
0.174325,SSTSL2 J230951.49+621536.3,347.464562,62.260086,Gaia DR3 2015198208609292800,347.4646428602,+62.2601164679,0.000,0.000,90,Em*,1,23 09 51.51429,+62 15 36.4193,A,2020yCat.1350....0G,EmLine*,*|Em*,,,,,,,1.2015,0.0746,-0.822,-1.890,0.089,0.072,90,,,,,,,,,,,,17.921,16.353,,,,
0.103363,SSTSL2 J225337.11+621050.9,343.404649,62.180817,Gaia DR3 2207203798161868288,343.4046804091,+62.1807923116,0.000,0.000,90,Em*,2,22 53 37.12330,+62 10 50.8523,A,2020yCat.1350....0G,EmLine*,*|Em*,,,,,,,1.2167,0.0756,-0.473,-2.066,0.081,0.078,90,,,,,,,,,,,,17.891,16.360,,,,
0.239525,SSTSL2 J215233.22+471050.5,328.138426,47.180702,Cl* IC 5146      W V2,328.1385235794,+47.1807072952,0.000,0.000,90,Or*,11,21 52 33.24566,+47 10 50.5463,A,2020yCat.1350....0G,OrionV*,*|Em*|NIR|Or*|V*|Y*?|Y*O,,,,,,,1.4052,0.0881,-2.729,-3.241,0.101,0.093,90,,,,21.360,19.860,,14.220,13.380,12.926,,20.120,18.643,17.017,,,,
0.067618,SSTSL2 J202406.61+383816.3,306.02758,38.637868,Gaia DR3 2061155256331600256,306.0275811234,+38.6378867623,0.000,0.000,90,Em*,3,20 24 06.61947,+38 38 16.3923,A,2020yCat.1350....0G,EmLine*,*|Em*,,,,,,,0.9680,0.0609,-1.822,-3.933,0.070,0.071,90,,,,,,,,,,,,17.438,16.500,,,,
0.195871,SSTSL2 J003121.18-740243.0,7.838259,-74.045288,2MASS J00312114-7402428,7.8380922138,-74.0452587006,0.000,0.000,90,*,1,00 31 21.14213,-74 02 42.9313,A,2020yCat.1350....0G,Star,*|MIR|NIR|RB?,,,,,,,1.8533,0.1167,17.269,-13.306,0.130,0.147,90,,,,20.900,19.300,,15.648,15.111,14.854,,,,,,,,
0.185751,SSTSL2 J213934.05+573331.7,324.891903,57.558807,2MASS J21393407+5733316,324.8919942542,+57.5587906902,0.000,0.000,90,TT*,19,21 39 34.07862,+57 33 31.6465,A,2020yCat.1350....0G,TTauri*,*|Em*|NIR|Or*|TT*|Y*O,,,,,M0.5,,1.0168,0.0641,-2.282,-4.557,0.084,0.062,90,,,,,17.941,16.396,14.057,13.120,12.704,,,17.105,15.876,,,,
0.526630,SSTSL2 J054238.01-100344.0,85.658392,-10.062224,2MASS J05423805-1003436,85.6585141714,-10.0621407569,0.000,0.000,90,Y*O,5,05 42 38.04340,-10 03 43.7067,A,2020yCat.1350....0G,YSO,*|MIR|NIR|Y*O,,,,,,,1.9959,0.1261,0.062,-1.227,0.130,0.112,90,,,,,,,13.725,12.630,11.895,,,,,,,,
0.123022,SSTSL2 J202449.20+421756.1,306.205022,42.29894,ZTF J202449.19+421756.2,306.2049954813,+42.2989679831,0.000,0.000,90,Or*,9,20 24 49.19892,+42 17 56.2847,A,2020yCat.1350....0G,OrionV*,*|Em*|MIR|NIR|Or*|RS*|Y*?,-9.705,0.152,-0.0000324,0.0000005,,,0.8975,0.0567,-2.465,-6.548,0.060,0.063,90,,,,17.980,17.120,16.550,13.857,13.049,12.520,,18.702,17.298,15.973,,,,
0.470430,SSTSL2 J073337.66-464245.8,113.406928,-46.712742,2MASS J07333769-4642460,113.4071129398,-46.7127735661,0.000,0.000,90,Y*O,1,07 33 37.70711,-46 42 45.9848,A,2020yCat.1350....0G,YSO,*|NIR|Y*?|Y*O,,,,,,,0.8755,0.0556,-11.581,7.789,0.063,0.063,90,,,,18.830,17.580,16.850,15.431,14.854,14.622,,,,,,,,
0.160054,SSTSL2 J225057.62+622456.5,342.740096,62.4157,2MASS J22505765+6224564,342.7401737672,+62.4156739252,0.000,0.000,90,Y*O,2,22 50 57.64170,+62 24 56.4261,A,2020yCat.1350....0G,YSO,*|NIR|Y*O,,,,,,,1.3124,0.0835,-0.524,-2.338,0.096,0.084,90,,,,,,,14.142,13.021,12.520,,,,,,,,
0.093569,SSTSL2 J173044.40-354758.6,262.685023,-35.799623,2MASS J17304439-3547586,262.6849960000,-35.7996370000,0.060,0.060,90,Y*?,1,17 30 44.39904,-35 47 58.6932,C,2003yCat.2246....0C,YSO_Candidate,MIR|NIR|Y*?,,,,,,,,,,,,,,,,,,,,14.047,13.149,12.787,,,,,,,,
0.127312,SSTSL2 J202251.76+412614.1,305.715702,41.437254,Gaia DR3 2068440238117189120,305.7156878602,+41.4372202617,0.000,0.000,90,Em*,1,20 22 51.76509,+41 26 13.9929,A,2020yCat.1350....0G,EmLine*,*|Em*,,,,,,,0.8739,0.0557,-2.051,-2.977,0.063,0.064,90,,,,,,,,,,,,17.143,15.957,,,,
0.048946,SSTSL2 J004334.68+415914.3,10.894516,41.987317,[DMM2009] J004334.70+415914.5,10.8945097506,+41.9873042220,0.000,0.000,90,*,1,00 43 34.68234,+41 59 14.2952,A,2020yCat.1350....0G,Star,*|NIR,-59.900,,-0.0001998,,,,1.2353,0.0791,3.106,-6.788,0.076,0.065,90,,,,18.970,17.600,,15.150,14.436,14.280,,,,,,,,
0.532023,SSTSL2 J004334.68+415914.3,10.894516,41.987317,[B90] 151,10.8944375000,+41.9874527778,,,172,Rad,1,  00 43 34.665,  +41 59 14.83,E,,Radio,Rad,,,,,,,,,,,,,,,,,,,,,,,,,,,,,,
0.146065,SSTSL2 J224518.09+613049.9,341.32541,61.513863,2MASS J22451808+6130499,341.3253285495,+61.5138512914,0.000,0.000,90,Y*O,3,22 45 18.07885,+61 30 49.8646,A,2020yCat.1350....0G,YSO,*|Em*|MIR|NIR|Y*?|Y*O,,,,,,,1.0265,0.0658,-1.010,-2.668,0.072,0.070,90,,,,,,,14.316,13.357,12.741,,,17.368,16.328,,,,
0.083679,SSTSL2 J213943.45+573634.6,324.93108,57.609637,2MASS J21394345+5736345,324.9310906529,+57.6096144671,0.000,0.000,90,Or*,9,21 39 43.46176,+57 36 34.6121,A,2020yCat.1350....0G,OrionV*,*|Em*|NIR|Or*|Y*O,,,,,M0.0e,,1.0706,0.0687,-2.432,-4.706,0.082,0.064,90,,,,,,,14.472,13.601,13.271,,,17.796,16.360,,,,
0.127804,SSTSL2 J183008.92+004721.9,277.537199,0.789437,2MASS J18300893+0047219,277.5372341327,+0.7894318757,0.000,0.000,90,Or*,14,18 30 08.93619,+00 47 21.9548,A,2020yCat.1350....0G,OrionV*,*|Em*|IR|MIR|NIR|Or*|Y*?|Y*O,,,,,,,2.4328,0.1564,3.467,-8.466,0.148,0.104,90,,,,,,17.700,13.505,12.437,12.051,,,,,,,,
0.096828,SSTSL2 J230029.02+624413.9,345.120939,62.737221,ZTF J230029.02+624414.1,345.1209423032,+62.7372478541,0.000,0.000,90,RS*,4,23 00 29.02615,+62 44 14.0923,A,2020yCat.1350....0G,RSCVnV*,*|Em*|RS*,,,,,,,1.2381,0.0798,-1.122,-2.081,0.088,0.088,90,,,,,,,,,,,20.135,18.065,16.734,,,,
0.076059,SSTSL2 J222535.14+625816.8,336.396447,62.971355,Gaia DR3 2205179734695047040,336.3964015257,+62.9713506048,0.000,0.000,90,Em*,1,22 25 35.13637,+62 58 16.8622,A,2020yCat.1350....0G,EmLine*,*|Em*,,,,,,,1.2598,0.0812,-1.156,-1.786,0.089,0.081,90,,,,,,,,,,,,17.456,16.250,,,,
0.162968,SSTSL2 J061523.62-064116.2,93.848425,-6.687849,Gaia DR3 3007778207415477376,93.8484486740,-6.6878876834,0.000,0.000,90,*,1,06 15 23.62768,-06 41 16.3957,A,2020yCat.1350....0G,Star,*,,,,,,,1.2051,0.0779,-3.912,0.452,0.081,0.087,90,,,,,,,,,,,,,,,,,
0.178738,SSTSL2 J225922.25+614625.4,344.842728,61.773739,ZTF J225922.27+614625.5,344.8428100000,+61.7737700000,,,172,RS*,2,   22 59 22.27,   +61 46 25.6,C,2020ApJS..249...18C,RSCVnV*,RS*,,,,,,,,,,,,,,,,,,,,,,,,20.041,17.834,,,,,
0.215742,SSTSL2 J205636.16+432132.7,314.150675,43.359084,2MASS J20563617+4321325,314.1507574083,+43.3590852032,0.000,0.000,90,Or*,9,20 56 36.18178,+43 21 32.7067,A,2020yCat.1350....0G,OrionV*,*|NIR|Or*|Y*?|Y*O,,,,,M3.8,,1.2105,0.0784,-1.507,-2.956,0.089,0.095,90,,,,20.664,19.108,,14.388,13.346,12.807,,,18.210,16.680,,,,
0.139836,SSTSL2 J225214.34+622549.6,343.059779,62.430464,ZTF J225214.32+622549.5,343.0597080805,+62.4304432290,0.000,0.000,90,RS*,4,22 52 14.32994,+62 25 49.5956,A,2020yCat.1350....0G,RSCVnV*,*|NIR|RS*|Y*O,,,,,,,1.2220,0.0793,-2.043,-3.110,0.085,0.086,90,,,,,,,14.169,13.207,12.904,,20.074,17.814,,,,,
0.027105,SSTSL2 J053618.20-054953.2,84.075865,-5.831454,V* V2658 Ori,84.0758676203,-5.8314469366,0.000,0.000,90,Or*,14,05 36 18.20823,-05 49 53.2090,A,2020yCat.1350....0G,OrionV*,*|Em*|G|MIR|NIR|Or*|V*|Y*O,28.332,0.182,0.0000945,0.0000006,,,2.5329,0.1646,1.493,1.119,0.131,0.116,90,,,,,,,14.053,13.092,12.506,,,,,,,,
0.066825,SSTSL2 J053452.03-045501.3,83.716795,-4.91703,V* V2065 Ori,83.7168055692,-4.9170147134,0.000,0.000,90,Or*,23,05 34 52.03334,-04 55 01.2530,A,2020yCat.1350....0G,OrionV*,*|MIR|NIR|Or*|V*|Y*O,31.520,0.076,0.0001051,0.0000003,M2.2,,2.9757,0.1942,1.613,-1.059,0.170,0.150,90,,,,,,,13.879,12.417,11.580,,,,,,,,
0.053132,SSTSL2 J064124.01+101432.0,100.350068,10.242243,KHA 125,100.3500828818,+10.2422411680,0.000,0.000,90,TT*,25,06 41 24.01989,+10 14 32.0682,A,2020yCat.1350....0G,TTauri*,*|Em*|NIR|Opt|TT*|V*|Y*?|Y*O,19.746,0.039,0.0000659,0.0000001,M0.7,,1.4330,0.0936,-1.439,-3.272,0.071,0.058,90,,,,17.930,,16.480,14.011,13.313,13.104,19.625,18.216,16.462,15.436,15.387,,,
0.087216,SSTSL2 J053812.56-065103.3,84.552342,-6.85092,2MASS J05381257-0651032,84.5523648532,-6.8509284908,0.000,0.000,90,Y*O,7,05 38 12.56756,-06 51 03.3426,A,2020yCat.1350....0G,YSO,*|MIR|NIR|Opt|X|Y*O,,,,,,,2.4078,0.1579,0.146,-0.819,0.146,0.129,90,,,,,,,13.850,12.610,12.027,24.750,22.780,19.849,17.753,16.394,,,
0.064198,SSTSL2 J230334.75+615022.1,345.894792,61.839483,ZTF J230334.74+615022.2,345.8947592155,+61.8394741335,0.000,0.000,90,RS*,3,23 03 34.74221,+61 50 22.1069,A,2020yCat.1350....0G,RSCVnV*,*|RS*,,,,,,,1.2849,0.0850,-1.050,-2.252,0.104,0.093,90,,,,,,,,,,,20.536,18.238,,,,,
0.087430,SSTSL2 J182936.35+003355.9,277.401492,0.565547,2MASS J18293634+0033559,277.4014725104,+0.5655614915,0.000,0.000,90,Y*O,8,18 29 36.35340,+00 33 56.0214,A,2020yCat.1350....0G,YSO,*|IR|MIR|NIR|Y*?|Y*O,,,,,,,2.3805,0.1576,3.293,-8.151,0.178,0.143,90,,,,,,21.400,13.813,12.286,11.617,,,,,,,,
0.127624,SSTSL2 J205152.25+441821.3,312.967709,44.305922,2MASS J20515226+4418213,312.9677529603,+44.3059383436,0.000,0.000,90,Or*,8,20 51 52.26071,+44 18 21.3780,A,2020yCat.1350....0G,OrionV*,*|Em*|NIR|Or*|Y*?|Y*O,,,,,M2.2,,1.2877,0.0857,-0.437,-5.088,0.091,0.092,90,,,,,,,14.231,13.171,12.564,,,18.298,16.667,,,,
0.131946,SSTSL2 J224740.79+620520.5,341.919966,62.089036,2MASS J22474080+6205206,341.9199920676,+62.0890705608,0.000,0.000,90,Y*O,1,22 47 40.79810,+62 05 20.6540,A,2020yCat.1350....0G,YSO,*|NIR|Y*O,,,,,,,1.3608,0.0905,-0.302,-3.135,0.100,0.093,90,,,,,,,14.100,12.790,12.170,,,,,,,,
0.090203,SSTSL2 J022654.73+724040.8,36.728063,72.678026,SSTSL2 J022654.73+724040.8,36.7281164519,+72.6780453529,0.000,0.000,90,Y*O,3,02 26 54.74795,+72 40 40.9633,A,2020yCat.1350....0G,YSO,*|MIR|Y*O,,,,,,,1.1257,0.0749,-1.322,-1.427,0.068,0.074,90,,,,,,,,,,,,,,,,,
0.204833,SSTSL2 J213935.60+571822.0,324.898354,57.306112,2MASS J21393561+5718220,324.8984413591,+57.3060802075,0.000,0.000,90,TT*,19,21 39 35.62593,+57 18 21.8887,A,2020yCat.1350....0G,TTauri*,*|Em*|NIR|Or*|TT*|TT?|Y*O,,,,,M0,,1.0652,0.0713,-2.295,-5.000,0.090,0.083,90,,,,,18.723,17.138,14.500,13.580,13.220,,,17.731,16.444,,,,
0.157784,SSTSL2 J203503.77+401118.7,308.765734,40.188544,2MASS J20350376+4011188,308.7656874285,+40.1885695974,0.000,0.000,90,Y*?,2,20 35 03.76498,+40 11 18.8506,A,2020yCat.1350....0G,YSO_Candidate,*|Em*|MIR|NIR|Y*?,,,,,,,1.0090,0.0676,-2.116,-3.576,0.064,0.077,90,,,,,,,13.770,12.852,12.446,,,17.313,15.913,,,,
0.319238,SSTSL2 J014940.37-740844.5,27.418223,-74.145703,2MASS J01494038-7408448,27.4181680197,-74.1457903960,0.000,0.000,90,*,1,01 49 40.36032,-74 08 44.8454,A,2020yCat.1350....0G,Star,*|FIR|MIR|NIR,,,,,,,1.7361,0.1163,15.824,9.087,0.130,0.141,90,,,,,,,15.551,14.896,14.819,,,,,,,,
0.035309,SSTSL2 J060758.61-062856.0,91.994217,-6.482224,CRTS J060758.5-062855,91.9942082937,-6.4822193780,0.000,0.000,90,EB*,4,06 07 58.60999,-06 28 55.9898,A,2020yCat.1350....0G,EclBin,*|EB*|NIR|X,,,,,,,1.2064,0.0809,-2.281,1.237,0.074,0.071,90,,,,,16.890,,14.200,13.259,13.026,,,,,,,,
0.103618,SSTSL2 J182907.76+005403.7,277.282362,0.901031,2MASS J18290776+0054036,277.2823711101,+0.9010036966,0.000,0.000,90,Or*,16,18 29 07.76907,+00 54 03.6133,A,2020yCat.1350....0G,OrionV*,*|IR|MIR|NIR|Or*|Y*?|Y*O,,,,,M1:,,1.9433,0.1305,3.606,-9.351,0.148,0.131,90,,,,,,,13.459,12.362,11.934,,,,,,,,
0.069329,SSTSL2 J060842.09-061022.1,92.175379,-6.172809,Gaia DR3 3019973891604291840,92.1753716869,-6.1727911672,0.000,0.000,90,*,2,06 08 42.08920,-06 10 22.0482,A,2020yCat.1350....0G,Star,*,,,,,,,1.0955,0.0736,-3.457,0.195,0.084,0.084,90,,,,,,,,,,,,,,,,,
0.090350,SSTSL2 J214246.12+661345.9,325.692177,66.229419,2MASS J21424613+6613460,325.6921157230,+66.2294234509,0.000,0.000,90,Or*,6,21 42 46.10777,+66 13 45.9244,A,2020yCat.1350....0G,OrionV*,*|Em*|NIR|Or*|Y*O,,,,,,,1.1183,0.0752,-1.652,-3.441,0.086,0.092,90,,,,,,,14.670,13.960,13.550,,,,,,,,
0.311842,SSTSL2 J215319.78+623400.7,328.33242,62.566869,ZTF J215319.80+623400.5,328.3325591740,+62.5668107572,0.000,0.000,90,BY*,11,21 53 19.81420,+62 34 00.5187,A,2020yCat.1350....0G,BYDraV*,*|BY*|NIR|Y*O,,,,,M1.5,,1.1509,0.0775,-3.575,-1.308,0.099,0.096,90,,,,,18.570,17.370,14.930,14.080,13.760,,19.478,18.002,16.919,,,,
0.049470,SSTSL2 J064011.10+092127.1,100.046273,9.357535,KHA  67,100.0462606241,+9.3575286975,0.000,0.000,90,TT*,23,06 40 11.10255,+09 21 27.1033,A,2020yCat.1350....0G,TTauri*,*|Em*|MIR|NIR|Opt|Or*|TT*|V*|Y*O,16.285,0.188,0.0000543,0.0000006,M3,,1.4938,0.1007,-2.010,-3.714,0.089,0.078,90,,,,18.530,,17.290,14.479,13.765,13.512,19.605,18.790,17.452,16.119,15.860,,,
0.167673,SSTSL2 J054234.30-080212.1,85.642933,-8.036705,2MASS J05423431-0802121,85.6429791912,-8.0366962038,0.000,0.000,90,Or*,9,05 42 34.31501,-08 02 12.1063,A,2020yCat.1350....0G,OrionV*,*|MIR|NIR|Or*|Y*O,,,,,M5,,1.9743,0.1334,0.511,-0.285,0.116,0.106,90,,,,,20.176,,14.131,13.454,13.057,,,,,,,,
0.134422,SSTSL2 J205228.79+441829.5,313.119996,44.308217,ZTF J205228.80+441829.7,313.1200316589,+44.3082442599,0.000,0.000,90,Or*,11,20 52 28.80760,+44 18 29.6793,A,2020yCat.1350....0G,OrionV*,*|BY*|Em*|NIR|Or*|Y*?|Y*O,,,,,M2.8,,1.2942,0.0880,-1.475,-3.265,0.098,0.088,90,,,,,,,14.135,13.029,12.492,,20.280,18.720,17.048,,,,
0.077938,SSTSL2 J060718.27-052116.5,91.826152,-5.354586,CRTS J060718.2-052116,91.8261419761,-5.3546052118,0.000,0.000,90,EB*,1,06 07 18.27407,-05 21 16.5788,A,2020yCat.1350....0G,EclBin,*|EB*,,,,,,,1.2175,0.0828,-1.779,0.792,0.096,0.087,90,,,,,17.190,,,,,,,,,,,,
0.861877,SSTSL2 J185231.38+021525.5,283.130778,2.257088,2MASS J18523140+0215256,283.1310099164,+2.2570278709,0.000,0.000,90,Y*?,3,18 52 31.44238,+02 15 25.3003,A,2020yCat.1350....0G,YSO_Candidate,*|Em*|ev|MIR|NIR|Y*?,,,,,,,1.8426,0.1260,1.634,-5.885,0.129,0.119,90,,,,,,,13.782,12.339,11.525,,,18.906,16.800,,,,
0.140782,SSTSL2 J053656.18-062752.9,84.234109,-6.464716,V* V2717 Ori,84.2341395139,-6.4646913021,0.000,0.000,90,Or*,15,05 36 56.19348,-06 27 52.8887,A,2020yCat.1350....0G,OrionV*,*|MIR|NIR|Opt|Or*|V*|X|Y*O,,,,,M2.0,,2.0512,0.1405,-0.471,-0.491,0.117,0.101,90,,,,,20.374,,14.006,12.761,12.321,26.910,21.180,18.955,17.160,16.006,,,
0.256942,SSTSL2 J203807.47+391352.1,309.531149,39.231149,2MASS J20380745+3913521,309.5310578065,+39.2311592113,0.000,0.000,90,Y*?,2,20 38 07.45387,+39 13 52.1732,A,2020yCat.1350....0G,YSO_Candidate,*|Em*|MIR|NIR|Y*?,,,,,,,0.9273,0.0637,-1.836,-3.337,0.067,0.067,90,,,,,,,14.251,13.164,12.553,,,17.402,16.146,,,,
0.142995,SSTSL2 J061037.78-061033.1,92.657447,-6.175882,2MASS J06103779-0610333,92.6574790221,-6.1759057528,0.000,0.000,90,Y*O,4,06 10 37.79497,-06 10 33.2607,A,2020yCat.1350....0G,YSO,*|MIR|NIR|V*|X|Y*O,,,,,,,1.0228,0.0706,-3.958,0.590,0.070,0.072,90,,,,,,,13.568,12.520,11.960,,,,,,,,
0.097486,SSTSL2 J063206.68+045530.6,98.027875,4.925167,2MASS J06320669+0455305,98.0279020553,+4.9251695892,0.000,0.000,90,Or*,12,06 32 06.69649,+04 55 30.6105,A,2020yCat.1350....0G,OrionV*,*|IR|MIR|NIR|Or*|V*|X|Y*?|Y*O,31.570,0.107,0.0001053,0.0000004,,,1.1675,0.0808,-1.518,0.409,0.069,0.065,90,,,,18.200,17.011,15.880,13.570,12.725,12.449,,17.779,16.446,15.594,,,,
0.279376,SSTSL2 J213516.85+573242.3,323.820243,57.545103,[BVD2011] 11,323.8203749696,+57.5450712663,0.000,0.000,90,Or*,9,21 35 16.88999,+57 32 42.2566,A,2020yCat.1350....0G,OrionV*,*|Em*|MIR|NIR|Or*|TT?|Y*O,,,,,,,1.0159,0.0704,-3.233,-4.825,0.091,0.086,90,,,,,,,14.333,13.442,12.829,,,17.980,16.550,,,,
0.435195,SSTSL2 J231411.63+621759.9,348.548459,62.299998,Gaia DR3 2015228827435570176,348.5487184931,+62.3000059879,0.000,0.000,90,Em*,2,23 14 11.69244,+62 18 00.0216,A,2020yCat.1350....0G,EmLine*,*|Em*,,,,,,,1.2565,0.0871,-1.661,-2.337,0.100,0.088,90,,,,,,,,,,,,18.360,16.683,,,,
0.062358,SSTSL2 J060815.10-061404.8,92.062938,-6.234677,[OCG2023] 1472.0,92.0629438363,-6.2346606788,0.000,0.000,90,Y*O,2,06 08 15.10652,-06 14 04.7784,A,2020yCat.1350....0G,YSO,*|Y*O,,,,,M0,,1.1684,0.0825,-2.770,1.102,0.111,0.113,90,,,,,,,,,,,,,,,,,
0.034927,SSTSL2 J060748.58-062928.7,91.952458,-6.491306,ATO J091.9524-06.4913,91.9524497474,-6.4913111856,0.000,0.000,90,*,4,06 07 48.58794,-06 29 28.7203,A,2020yCat.1350....0G,Star,*|NIR|Opt|V*|X,,,,,,,1.1654,0.0824,-2.967,1.455,0.070,0.068,90,,,,,,,13.843,12.834,12.271,,,,,,,,
0.046818,SSTSL2 J172710.28-331957.4,261.792849,-33.332612,2MASS J17271028-3319573,261.7928430000,-33.3326000000,0.060,0.060,90,Y*?,1,17 27 10.28232,-33 19 57.3600,C,2003yCat.2246....0C,YSO_Candidate,MIR|NIR|Y*?,,,,,,,,,,,,,,,,,,,,13.813,12.775,12.209,,,,,,,,
0.007024,SSTSL2 J034249.19+315011.0,55.704993,31.836411,2MASS J03424919+3150110,55.7049948403,+31.8364098327,0.000,0.000,90,Y*O,19,03 42 49.19876,+31 50 11.0754,A,2020yCat.1350....0G,YSO,*|BD*|IR|MIR|NIR|Y*?|Y*O,15.932,0.014,0.0000531,0.0000000,M2.1,,2.8047,0.1992,4.839,-6.603,0.235,0.187,90,,,,,,,13.067,11.670,11.119,,,,,,,,
0.099638,SSTSL2 J064049.66+101701.0,100.206949,10.283613,ESO-HA  417,100.2069770682,+10.2836111793,0.000,0.000,90,BY*,18,06 40 49.67450,+10 17 01.0002,A,2020yCat.1350....0G,BYDraV*,*|BY*|Em*|G|NIR|V*|Y*O,19.770,0.390,0.0000659,0.0000013,M3.9,,1.4882,0.1063,-1.642,-3.375,0.084,0.070,90,,,,19.240,,17.170,14.295,13.622,13.245,,18.963,17.508,,,,,
0.224311,SSTSL2 J164139.33-484024.8,250.413907,-48.673556,Gaia DR2 5940960705610994944,250.4138911898,-48.6736174277,0.000,0.000,90,*,2,16 41 39.33389,-48 40 25.0227,A,2020yCat.1350....0G,Star,*,,,,,,,0.8578,0.0613,1.409,-3.563,0.066,0.043,90,,,,,,,,,,,,,,,,,
0.130237,SSTSL2 J213747.96+573242.2,324.449864,57.54507,[BVD2011] 54,324.4498840559,+57.5451045389,0.000,0.000,90,Or*,13,21 37 47.97217,+57 32 42.3763,A,2020yCat.1350....0G,OrionV*,*|Em*|NIR|Or*|TT?|Y*O,,,,,M1.0e,,1.1185,0.0800,-2.590,-4.453,0.102,0.091,90,,,,,,,14.150,13.140,12.767,,,18.020,16.430,,,,
0.105253,SSTSL2 J023049.21+723925.7,37.705059,72.65715,2MASS J02304920+7239258,37.7050342523,+72.6571782909,0.000,0.000,90,Or*,6,02 30 49.20822,+72 39 25.8418,A,2020yCat.1350....0G,OrionV*,*|Em*|MIR|NIR|Or*|Y*O,,,,,M1,,1.0966,0.0786,-1.561,-1.532,0.078,0.085,90,,,,20.793,18.942,17.686,14.286,13.348,12.899,,,,,,,,
0.113061,SSTSL2 J204857.80+434955.0,312.240846,43.831965,ZTF J204857.78+434955.1,312.2408072036,+43.8319792501,0.000,0.000,90,Or*,9,20 48 57.79373,+43 49 55.1253,A,2020yCat.1350....0G,OrionV*,*|NIR|Or*|RS*|Y*?|Y*O,,,,,M5.4,,1.2762,0.0916,-1.268,-2.433,0.106,0.109,90,,,,,,,13.604,12.262,11.399,,20.270,18.450,16.850,,,,
0.201676,SSTSL2 J215412.56+471435.3,328.552357,47.243141,2MASS J21541257+4714353,328.5524390573,+47.2431469159,0.000,0.000,90,Y*O,6,21 54 12.58537,+47 14 35.3289,A,2020yCat.1350....0G,YSO,*|NIR|V*|Y*?|Y*O,,,,,,,1.5933,0.1144,-3.095,-3.116,0.129,0.106,90,,,,,,,15.110,14.224,13.662,,19.931,18.624,17.388,,,,
0.177547,SSTSL2 J205247.47+441541.8,313.197801,44.261634,2MASS J20524748+4415420,313.1978590665,+44.2616605145,0.000,0.000,90,Or*,8,20 52 47.48618,+44 15 41.9779,A,2020yCat.1350....0G,OrionV*,*|NIR|Or*|Y*?|Y*O,,,,,M3.2,,1.2963,0.0931,-0.950,-3.619,0.099,0.097,90,,,,,,,14.251,13.155,12.714,,,18.510,,,,,
0.078464,SSTSL2 J054011.56-073040.9,85.048175,-7.51137,2MASS J05401156-0730409,85.0481903546,-7.5113855985,0.000,0.000,90,Or*,22,05 40 11.56569,-07 30 40.9882,A,2020yCat.1350....0G,OrionV*,*|MIR|NIR|Opt|Or*|Y*O,22.150,0.845,0.0000739,0.0000028,M3.6,,2.5378,0.1825,0.137,-0.178,0.165,0.150,90,,,,,21.621,,13.781,12.618,11.997,24.650,23.110,20.033,17.818,16.262,,,
0.237597,SSTSL2 J205315.13+443848.3,313.313049,44.646763,2MASS J20531515+4438483,313.3131405576,+44.6467736220,0.000,0.000,90,Or*,7,20 53 15.15373,+44 38 48.3850,A,2020yCat.1350....0G,OrionV*,*|NIR|Or*|Y*?|Y*O,,,,,K7.4,,1.1595,0.0840,-1.421,-2.560,0.090,0.100,90,,,,,,,14.067,12.799,12.091,,,,,,,,
0.357813,SSTSL2 J205218.48+440514.9,313.07704,44.087484,2MASS J20521845+4405151,313.0769148555,+44.0875264139,0.000,0.000,90,Or*,9,20 52 18.45957,+44 05 15.0951,A,2020yCat.1350....0G,OrionV*,*|Em*|NIR|Or*|Y*?|Y*O,,,,,M2.6,,1.1664,0.0850,-1.425,-3.801,0.098,0.095,90,,,,,,,14.175,12.985,12.400,,,18.766,17.025,,,,
0.173097,SSTSL2 J023105.58+730545.1,37.773261,73.095881,SSTSL2 J023105.58+730545.1,37.7733829298,+73.0959134802,0.000,0.000,90,Y*O,4,02 31 05.61190,+73 05 45.2885,A,2020yCat.1350....0G,YSO,*|MIR|Y*O,,,,,,,1.1190,0.0816,-1.308,-1.720,0.068,0.086,90,,,,,,,,,,,,,,,,,
0.477675,SSTSL2 J224605.14+605457.8,341.521435,60.916071,ZTF J224605.07+605457.9,341.5211830000,+60.9161220000,0.060,0.060,90,BY*,3,22 46 05.08392,+60 54 58.0392,C,2003yCat.2246....0C,BYDraV*,BY*|MIR|NIR|Y*O,,,,,,,,,,,,,,,,,,,,14.683,13.666,13.150,,19.938,18.104,,,,,
0.104603,SSTSL2 J202748.30+405617.9,306.95126,40.93831,2MASS J20274830+4056180,306.9512483408,+40.9383376893,0.000,0.000,90,Y*?,3,20 27 48.29960,+40 56 18.0157,A,2020yCat.1350....0G,YSO_Candidate,*|Em*|MIR|NIR|Y*?,,,,,,,0.9000,0.0665,-1.757,-3.019,0.066,0.085,90,,,,,,,14.185,13.239,12.702,,,18.140,16.624,,,,
0.196552,SSTSL2 J022847.76+725442.1,37.199039,72.911709,2MASS J02284780+7254422,37.1992076531,+72.9117319112,0.000,0.000,90,Or*,3,02 28 47.80984,+72 54 42.2349,A,2020yCat.1350....0G,OrionV*,*|Em*|MIR|NIR|Or*|Y*O,,,,,M1,,1.4554,0.1075,-1.795,-1.445,0.100,0.115,90,,,,21.545,19.614,18.262,14.607,13.685,13.336,,,,,,,,
0.130324,SSTSL2 J213524.40+573008.4,323.851675,57.502353,[BVD2011] 15,323.8517403430,+57.5023618344,0.000,0.000,90,Or*,9,21 35 24.41768,+57 30 08.5026,A,2020yCat.1350....0G,OrionV*,*|Em*|NIR|Or*|TT?|Y*O,,,,,,,1.0663,0.0793,-3.243,-4.934,0.112,0.093,90,,,,,,,14.220,13.290,12.890,,,18.144,16.568,,,,
0.279229,SSTSL2 J205220.34+435842.7,313.084787,43.978529,2MASS J20522031+4358427,313.0846793992,+43.9785335570,0.000,0.000,90,Or*,6,20 52 20.32306,+43 58 42.7208,A,2020yCat.1350....0G,OrionV*,*|NIR|Or*|Y*?|Y*O,,,,,M3.2,,1.4469,0.1077,-1.640,-4.340,0.119,0.123,90,,,,,,,14.557,13.553,13.115,,,,,,,,
0.217502,SSTSL2 J180742.64-202736.1,271.927674,-20.460044,2MASS J18074263-2027360,271.9276598092,-20.4599850639,0.000,0.000,90,Y*O,1,18 07 42.63835,-20 27 35.9462,A,2020yCat.1350....0G,YSO,*|NIR|Y*O,,,,,,,0.9528,0.0710,1.315,-0.043,0.075,0.058,90,,,,,,,14.550,13.241,12.452,,,,,,,,
0.089650,SSTSL2 J060803.56-063725.8,92.014844,-6.623837,Gaia DR3 3018443195325459200,92.0148538542,-6.6238141015,0.000,0.000,90,*,1,06 08 03.56493,-06 37 25.7308,A,2020yCat.1350....0G,Star,*,,,,,,,1.0883,0.0813,-2.754,0.740,0.072,0.069,90,,,,,,,,,,,,,,,,,
0.178424,SSTSL2 J213954.60+572354.8,324.977522,57.398582,2MASS J21395461+5723548,324.9776022833,+57.3985578065,0.000,0.000,90,Y*O,9,21 39 54.62455,+57 23 54.8081,A,2020yCat.1350....0G,YSO,*|Em*|NIR|Y*O,,,,,,,1.1044,0.0827,-2.341,-5.071,0.098,0.091,90,,,,,,,14.470,13.730,13.300,,,18.154,16.533,,,,
0.150926,SSTSL2 J213809.78+572942.9,324.540751,57.495258,2MASS J21380979+5729428,324.5407916667,+57.4952222222,0.060,0.060,90,TT*,6,   21 38 09.79,   +57 29 42.8,C,2003yCat.2246....0C,TTauri*,Em*|NIR|TT*|X|Y*O,,,,,,,,,,,,,,,,,,18.790,,14.160,13.360,12.970,,,,16.630,,,,
0.178804,SSTSL2 J213809.78+572942.9,324.540751,57.495258,Gaia DR3 2178395081697083264,324.5407828344,+57.4952113713,0.000,0.000,90,Y*O,3,21 38 09.78788,+57 29 42.7609,A,2020yCat.1350....0G,YSO,*|Y*O,,,,,,,0.9542,0.0716,-2.776,-4.561,0.098,0.078,90,,,,,,,,,,,,,,,,,
0.066871,SSTSL2 J172710.60-322846.6,261.794205,-32.479617,[KW2003]  18,261.7941847618,-32.4796243188,0.000,0.000,90,Em*,1,17 27 10.60434,-32 28 46.6475,A,2020yCat.1350....0G,EmLine*,*|Em*|MIR|NIR,,,,,,,0.8506,0.0639,1.399,-1.391,0.064,0.045,90,,,,,16.600,,13.767,12.973,12.884,,,,,,,,
0.143845,SSTSL2 J224555.56+612208.6,341.481539,61.369065,2MASS J22455555+6122086,341.4814578241,+61.3690741430,0.000,0.000,90,Y*O,4,22 45 55.54988,+61 22 08.6669,A,2020yCat.1350....0G,YSO,*|Em*|MIR|NIR|Y*?|Y*O,,,,,,,1.1984,0.0900,-0.258,-2.496,0.098,0.095,90,,,,,,,14.745,13.680,13.012,,,18.262,16.972,,,,
0.027768,SSTSL2 J225057.20+612640.8,342.738366,61.444686,2MASS J22505721+6126408,342.7383820000,+61.4446870000,0.070,0.060,0,Y*O,1,22 50 57.21168,+61 26 40.8732,C,2003yCat.2246....0C,YSO,MIR|NIR|Y*O,,,,,,,,,,,,,,,,,,,,14.776,13.965,13.678,,,,,,,,
0.167989,SSTSL2 J225053.41+621443.6,342.722578,62.24546,Gaia DR3 2207161226445966720,342.7226710046,+62.2454426312,0.000,0.000,90,*,1,22 50 53.44104,+62 14 43.5935,A,2020yCat.1350....0G,Star,*,,,,,,,1.0928,0.0825,-1.266,-2.612,0.099,0.090,90,,,,,,,,,,,,,,,,,
0.168604,SSTSL2 J213527.21+573130.0,323.863405,57.525019,[BVD2011] 17,323.8634920929,+57.5250215854,0.000,0.000,90,Or*,9,21 35 27.23810,+57 31 30.0777,A,2020yCat.1350....0G,OrionV*,*|Em*|MIR|NIR|Or*|TT?|Y*O,,,,,,,0.9714,0.0733,-3.050,-4.976,0.093,0.079,90,,,,,,,14.386,13.440,12.863,,,18.130,16.519,,,,
0.231879,SSTSL2 J224644.96+605624.1,341.687349,60.940046,2MASS J22464493+6056242,341.6872180000,+60.9400560000,0.060,0.060,90,Y*O,2,22 46 44.93232,+60 56 24.2016,C,2003yCat.2246....0C,YSO,MIR|NIR|Y*?|Y*O,,,,,,,,,,,,,,,,,,,,14.530,13.469,12.917,,,,,,,,
0.030405,SSTSL2 J063203.37+045235.8,98.01405,4.876638,Cl* NGC 2244     PS     245,98.0140417632,+4.8766399948,0.000,0.000,90,Or*,14,06 32 03.37002,+04 52 35.9040,A,2020yCat.1350....0G,OrionV*,*|IR|NIR|Or*|V*|X|Y*O,30.205,0.101,0.0001008,0.0000003,,,1.2330,0.0935,-1.257,0.894,0.090,0.078,90,,,,17.490,16.060,14.870,13.132,12.345,11.971,,16.865,15.694,14.985,,,,
0.118984,SSTSL2 J230505.92+620820.2,346.274674,62.13896,Gaia DR3 2207329692241165312,346.2746748698,+62.1389269513,0.000,0.000,90,Em*,1,23 05 05.92197,+62 08 20.1370,A,2020yCat.1350....0G,EmLine*,*|Em*,,,,,,,1.2863,0.0976,-1.470,-2.703,0.120,0.105,90,,,,,,,,,,,,18.708,17.069,,,,
0.165801,SSTSL2 J210412.67+501600.7,316.0528,50.266872,2MASS J21041266+5016009,316.0528016203,+50.2669180443,0.000,0.000,90,Y*O,1,21 04 12.67239,+50 16 00.9050,A,2020yCat.1350....0G,YSO,*|NIR|Y*O,,,,,,,1.4805,0.1126,1.415,-3.203,0.141,0.110,90,,,,,,,14.550,13.290,12.610,,,,,,,,
0.241550,SSTSL2 J213945.68+572624.2,324.940356,57.440082,2MASS J21394570+5726242,324.9404601742,+57.4400451383,0.000,0.000,90,Or*,14,21 39 45.71044,+57 26 24.1625,A,2020yCat.1350....0G,OrionV*,*|Em*|NIR|Or*|Y*O,,,,,M1.0e,,1.1661,0.0893,-2.546,-4.795,0.107,0.098,90,,,,,19.048,17.610,14.560,13.760,13.220,,,18.092,16.641,,,,
0.095085,SSTSL2 J202220.48+392859.1,305.585353,39.483106,2MASS J20222049+3928591,305.5853870000,+39.4831090000,0.070,0.060,0,Y*?,1,20 22 20.49288,+39 28 59.1924,C,2003yCat.2246....0C,YSO_Candidate,MIR|NIR|Y*?,,,,,,,,,,,,,,,,,,,,13.917,13.031,12.463,,,,,,,,
0.588099,SSTSL2 J163915.95-483256.0,249.816467,-48.548909,Gaia DR3 5940974827464300672,249.8162352259,-48.5489650899,0.000,0.000,90,*,2,16 39 15.89645,-48 32 56.2743,A,2020yCat.1350....0G,Star,*,,,,,,,0.9089,0.0698,1.267,-4.106,0.086,0.060,90,,,,,,,,,,,,,,,,,
0.721893,SSTSL2 J170523.25-424509.9,256.346885,-42.752775,2MASS J17052318-4245097,256.3466240000,-42.7527160000,0.060,0.060,45,Y*?,1,17 05 23.18976,-42 45 09.7776,C,2003yCat.2246....0C,YSO_Candidate,MIR|NIR|Y*?,,,,,,,,,,,,,,,,,,,,14.298,13.469,13.022,,,,,,,,
0.050011,SSTSL2 J043055.02+353056.1,67.729251,35.515608,2MASS J04305501+3530561,67.7292340157,+35.5156066322,0.000,0.000,90,Y*O,8,04 30 55.01616,+35 30 56.1839,A,2020yCat.1350....0G,YSO,*|NIR|Y*?|Y*O,,,,,,,2.2599,0.1743,1.790,-4.565,0.211,0.166,90,,,,,,,13.775,12.877,12.394,,,,,,,,
0.347720,SSTSL2 J014605.87-742113.0,26.524482,-74.353635,2MASS J01460581-7421127,26.5241988030,-74.3535758749,0.000,0.000,90,*,1,01 46 05.80771,-74 21 12.8731,A,2020yCat.1350....0G,Star,*|FIR|MIR|NIR,,,,,,,1.5183,0.1173,22.427,-4.482,0.147,0.139,90,,,,,,,15.635,15.118,14.867,,,,,,,,
0.240504,SSTSL2 J014821.86-744119.1,27.091092,-74.688647,2MASS J01482183-7441190,27.0908810700,-74.6886101118,0.000,0.000,90,*,1,01 48 21.81146,-74 41 18.9964,A,2020yCat.1350....0G,Star,*|FIR|MIR|NIR,,,,,,,0.9969,0.0771,9.177,5.315,0.097,0.095,90,,,,,,,15.794,15.080,14.949,,,,,,,,
0.138561,SSTSL2 J204941.88+435900.5,312.424503,43.983496,2MASS J20494188+4359006,312.4245368617,+43.9835257954,0.000,0.000,90,Y*O,1,20 49 41.88885,+43 59 00.6929,A,2020yCat.1350....0G,YSO,*|NIR|Y*?|Y*O,,,,,,,1.3926,0.1079,-9.735,-11.973,0.116,0.131,90,,,,,,,14.595,13.767,13.344,,,,,,,,
0.273922,SSTSL2 J213734.62+571657.8,324.394258,57.282743,[BVD2011] 47,324.3943796514,+57.2827047078,0.000,0.000,90,Or*,9,21 37 34.65112,+57 16 57.7369,A,2020yCat.1350....0G,OrionV*,*|Em*|NIR|Or*|TT?|Y*O,,,,,M1.0e,,1.0477,0.0812,-2.385,-5.083,0.110,0.092,90,,,,,,,14.760,13.770,13.360,,,18.071,16.700,,,,
0.543584,SSTSL2 J223556.23+593444.1,338.984318,59.578935,2MASS J22355619+5934437,338.9841370000,+59.5788150000,0.080,0.070,5,Y*O,1,22 35 56.19288,+59 34 43.7340,C,2003yCat.2246....0C,YSO,MIR|NIR|Y*O,,,,,,,,,,,,,,,,,,,,15.519,14.813,14.385,,,,,,,,
0.046135,SSTSL2 J054556.73-000025.3,86.486379,-0.007051,2MASS J05455672-0000253,86.4863671541,-0.0070558893,0.000,0.000,90,Or*,6,05 45 56.72812,-00 00 25.4012,A,2020yCat.1350....0G,OrionV*,*|NIR|Or*|X|Y*?|Y*O,,,,,M3,,2.0727,0.1611,0.872,-0.910,0.148,0.133,90,,,,,,,13.831,12.852,12.347,,,,,,,,
0.149445,SSTSL2 J201923.49+411738.3,304.847888,41.293982,Gaia DR3 2068382140097472896,304.8478634055,+41.2940191731,0.000,0.000,90,Em*,1,20 19 23.48722,+41 17 38.4690,A,2020yCat.1350....0G,EmLine*,*|Em*,,,,,,,1.2669,0.0985,-2.030,-5.668,0.089,0.106,90,,,,,,,,,,,,18.696,17.040,,,,
0.204365,SSTSL2 J213830.33+572618.2,324.626403,57.438402,2MASS J21383035+5726182,324.6265065047,+57.4383910748,0.000,0.000,90,Or*,10,21 38 30.36156,+57 26 18.2079,A,2020yCat.1350....0G,OrionV*,*|Em*|NIR|Or*|Y*O,,,,,K7.0e,,1.1021,0.0859,-2.186,-4.633,0.110,0.088,90,,,,,,,14.830,13.864,13.455,,,,17.190,,,,
0.091770,SSTSL2 J222345.29+633213.9,335.938732,63.537207,Gaia DR3 2205443514405100160,335.9386751095,+63.5372096700,0.000,0.000,90,*,1,22 23 45.28203,+63 32 13.9548,A,2020yCat.1350....0G,Star,*,,,,,,,1.1604,0.0911,-0.775,-2.642,0.096,0.109,90,,,,,,,,,,,,,,,,,
0.273145,SSTSL2 J202550.77+395159.3,306.461561,39.86648,2MASS J20255075+3951594,306.4614770000,+39.8665200000,0.130,0.060,0,Y*?,1,20 25 50.75448,+39 51 59.4720,C,2003yCat.2246....0C,YSO_Candidate,MIR|NIR|Y*?,,,,,,,,,,,,,,,,,,,,13.487,12.176,11.609,,,,,,,,
0.995892,SSTSL2 J054041.97-085219.1,85.174888,-8.871992,2MASS J05404201-0852184,85.1750757197,-8.8717867505,0.000,0.000,90,Y*O,6,05 40 42.01817,-08 52 18.4323,A,2020yCat.1350....0G,YSO,*|MIR|NIR|Y*O,,,,,,,2.3163,0.1843,0.130,-1.508,0.151,0.146,90,,,,,,,14.070,12.988,12.483,,,,,,,,
0.284120,SSTSL2 J202005.05+411235.3,305.021077,41.209822,2MASS J20200503+4112352,305.0209778340,+41.2097962488,0.000,0.000,90,Y*?,2,20 20 05.03468,+41 12 35.2665,A,2020yCat.1350....0G,YSO_Candidate,*|Em*|MIR|NIR|Y*?,,,,,,,1.2302,0.0980,-1.970,-5.470,0.093,0.098,90,,,,,,,14.565,13.579,13.027,,,18.567,17.106,,,,
0.339688,SSTSL2 J221604.01+613615.2,334.016749,61.604222,2MASS J22160406+6136151,334.0169463218,+61.6042121120,0.000,0.000,90,Em*,2,22 16 04.06712,+61 36 15.1636,A,2020yCat.1350....0G,EmLine*,*|Em*|MIR|NIR|Y*?,,,,,,,0.9696,0.0774,-1.390,-3.119,0.089,0.079,90,,,,,,,13.931,12.881,12.379,,,18.237,16.492,,,,
0.152871,SSTSL2 J202255.98+394046.4,305.733286,39.679578,2MASS J20225597+3940464,305.7332379724,+39.6795570972,0.000,0.000,90,Y*?,2,20 22 55.97711,+39 40 46.4056,A,2020yCat.1350....0G,YSO_Candidate,*|Em*|MIR|NIR|Y*?,,,,,,,0.8087,0.0646,-2.083,-3.464,0.070,0.074,90,,,,,,,14.349,13.353,12.755,,,17.478,16.262,,,,
0.071503,SSTSL2 J224539.26+621008.4,341.413613,62.16902,2MASS J22453926+6210085,341.4135910000,+62.1690370000,0.060,0.060,0,Y*?,1,22 45 39.26184,+62 10 08.5332,C,2003yCat.2246....0C,YSO_Candidate,MIR|NIR|Y*?,,,,,,,,,,,,,,,,,,,,14.187,13.048,12.400,,,,,,,,
0.137131,SSTSL2 J022854.21+723835.1,37.2259,72.643095,2MASS J02285420+7238352,37.2258309926,+72.6431270500,0.000,0.000,90,Or*,6,02 28 54.19944,+72 38 35.2574,A,2020yCat.1350....0G,OrionV*,*|Em*|MIR|NIR|Or*|Y*O,,,,,K0,,1.2160,0.0974,-1.584,-1.379,0.100,0.107,90,,,,20.139,18.703,17.732,14.538,13.493,12.834,,,,,,,,
0.389403,SSTSL2 J215621.37+622712.7,329.089061,62.453538,ZTF J215621.39+622712.3,329.0891600000,+62.4534400000,,,172,BY*,2,   21 56 21.40,   +62 27 12.4,C,2020ApJS..249...18C,BYDraV*,BY*,,,,,,,,,,,,,,,,,,,,,,,,19.657,17.847,,,,,
0.125774,SSTSL2 J202602.19+392236.9,306.509157,39.376917,2MASS J20260219+3922369,306.5091612160,+39.3769517848,0.000,0.000,90,Y*?,3,20 26 02.19869,+39 22 37.0264,A,2020yCat.1350....0G,YSO_Candidate,*|MIR|NIR|Y*?,,,,,,,1.1549,0.0935,-2.034,-3.905,0.097,0.127,90,,,,,,,13.977,12.794,12.255,,,,,,,,
0.159954,SSTSL2 J060655.31-062851.2,91.730458,-6.480896,Gaia DR3 3018460409553402240,91.7304640120,-6.4809400284,0.000,0.000,90,*,1,06 06 55.31136,-06 28 51.3841,A,2020yCat.1350....0G,Star,*,,,,,,,1.3218,0.1076,-2.835,1.040,0.105,0.100,90,,,,,,,,,,,,,,,,,
0.127834,SSTSL2 J222411.15+632759.4,336.046464,63.466526,Gaia DR3 2205439356876814592,336.0464439147,+63.4664916427,0.000,0.000,90,*,1,22 24 11.14654,+63 27 59.3699,A,2020yCat.1350....0G,Star,*,,,,,,,1.0807,0.0880,-0.255,-2.873,0.092,0.098,90,,,,,,,,,,,,,,,,,
0.021311,SSTSL2 J063217.57+045308.2,98.073222,4.885633,2MASS J06321757+0453082,98.0732270994,+4.8856299624,0.000,0.000,90,Or*,14,06 32 17.57450,+04 53 08.2679,A,2020yCat.1350....0G,OrionV*,*|IR|NIR|Or*|V*|X|Y*?|Y*O,32.932,0.090,0.0001099,0.0000003,,,0.6861,0.0559,-1.572,0.157,0.060,0.057,90,,,,19.080,17.250,,14.002,13.123,12.689,,17.827,16.626,15.816,,,,
0.142671,SSTSL2 J173005.01-324727.4,262.520912,-32.790956,2MASS J17300500-3247275,262.5208700000,-32.7909740000,0.060,0.060,90,Y*?,1,17 30 05.00880,-32 47 27.5064,C,2003yCat.2246....0C,YSO_Candidate,MIR|NIR|Y*?,,,,,,,,,,,,,,,,,,,,13.511,12.598,12.110,,,,,,,,
0.220755,SSTSL2 J205329.67+442356.5,313.373648,44.399043,2MASS J20532968+4423566,313.3737025601,+44.3990903353,0.000,0.000,90,Or*,7,20 53 29.68861,+44 23 56.7252,A,2020yCat.1350....0G,OrionV*,*|NIR|Or*|Y*?|Y*O,,,,,M0.4,,1.0711,0.0875,-0.936,-3.112,0.086,0.087,90,,,,20.930,18.696,,14.237,13.048,12.394,,,,,,,,
0.286800,SSTSL2 J221339.39+582101.6,333.414137,58.350451,2MASS J22133940+5821013,333.4140521252,+58.3503849444,0.000,0.000,90,Y*O,2,22 13 39.37251,+58 21 01.3858,A,2020yCat.1350....0G,YSO,*|MIR|NIR|V*|Y*O,,,,,,,0.9280,0.0758,-0.979,-2.984,0.086,0.075,90,,,,,,,16.109,15.221,14.545,,,,,,,,
0.192445,SSTSL2 J205354.74+441942.0,313.47809,44.32835,2MASS J20535475+4419420,313.4781647287,+44.3283499843,0.000,0.000,90,Or*,9,20 53 54.75953,+44 19 42.0599,A,2020yCat.1350....0G,OrionV*,*|Em*|NIR|Or*|Y*?|Y*O,,,,,M2.2,,1.1713,0.0957,-0.846,-3.241,0.108,0.099,90,,,,,,,14.460,13.246,12.656,,,18.715,17.004,,,,
0.127806,SSTSL2 J164056.65-490100.2,250.23607,-49.016729,Gaia DR2 5940855736612059264,250.2360613159,-49.0167640418,0.000,0.000,90,*,4,16 40 56.65472,-49 01 00.3506,A,2020yCat.1350....0G,Star,*,,,,,,,0.7953,0.0651,1.097,-4.313,0.072,0.048,90,,,,,,,,,,,,,,,,,
0.066066,SSTSL2 J201940.03+391718.1,304.916832,39.288366,2MASS J20194003+3917181,304.9168109013,+39.2883743743,0.000,0.000,90,Y*?,4,20 19 40.03462,+39 17 18.1477,A,2020yCat.1350....0G,YSO_Candidate,*|MIR|NIR|Y*?,-17.191,0.193,-0.0000573,0.0000006,,,0.5914,0.0485,-3.167,-4.949,0.048,0.053,90,,,,,,,13.658,12.787,12.132,,,,,,,,
0.097922,SSTSL2 J205152.89+441557.4,312.970396,44.265948,2MASS J20515289+4415574,312.9704235819,+44.2659667017,0.000,0.000,90,Or*,8,20 51 52.90166,+44 15 57.4801,A,2020yCat.1350....0G,OrionV*,*|NIR|Or*|Y*?|Y*O,,,,,M0.6,,1.1717,0.0962,-0.618,-4.218,0.098,0.093,90,,,,,,,14.878,13.243,12.188,,,20.230,18.190,,,,
0.142211,SSTSL2 J063953.68+090811.3,99.973704,9.136486,ATO J099.9736+09.1364,99.9736643106,+9.1364810049,0.000,0.000,90,BY*,10,06 39 53.67943,+09 08 11.3316,A,2020yCat.1350....0G,BYDraV*,*|BY*|Em*|MIR|NIR|Opt|V*|Y*O,16.500,0.037,0.0000550,0.0000001,,,1.3768,0.1134,-1.492,-2.734,0.074,0.061,90,,,,,,,13.803,13.004,12.774,,18.390,16.669,15.475,,,,
0.149667,SSTSL2 J205331.27+441909.1,313.380304,44.319207,2MASS J20533126+4419089,313.3802925786,+44.3191662367,0.000,0.000,90,Or*,6,20 53 31.27022,+44 19 08.9985,A,2020yCat.1350....0G,OrionV*,*|NIR|Or*|Y*?|Y*O,,,,,M2.8,,1.2287,0.1014,-0.893,-3.467,0.111,0.110,90,,,,,,,14.289,13.329,12.927,,,,,,,,
0.112116,SSTSL2 J221858.82+631811.6,334.745115,63.303229,2MASS J22185884+6318116,334.7451839402,+63.3032322569,0.000,0.000,90,Or*,4,22 18 58.84415,+63 18 11.6361,A,2020yCat.1350....0G,OrionV*,*|Em*|NIR|Or*|Y*O,,,,,,,1.3525,0.1117,-1.896,-2.297,0.146,0.122,90,,,,,,,14.411,13.422,12.754,,,,,,,,
0.186414,SSTSL2 J201832.86+404024.9,304.636958,40.673588,2MASS J20183288+4040249,304.6370262474,+40.6735865451,0.000,0.000,90,Y*?,3,20 18 32.88630,+40 40 24.9116,A,2020yCat.1350....0G,YSO_Candidate,*|MIR|NIR|Y*?,,,,,,,0.9666,0.0806,-2.568,-6.335,0.091,0.092,90,,,,,,,14.440,13.527,12.851,,,,,,,,
0.647947,SSTSL2 J230130.43+624802.9,345.376793,62.800814,ZTF J230130.50+624802.8,345.3771607455,+62.8007496567,0.000,0.000,90,RS*,3,23 01 30.51858,+62 48 02.6988,A,2020yCat.1350....0G,RSCVnV*,*|Em*|RS*,,,,,,,1.2360,0.1033,-1.171,-2.500,0.106,0.108,90,,,,,,,,,,,20.583,18.285,16.795,,,,
0.054477,SSTSL2 J222217.47+633212.1,335.5728,63.536714,Gaia DR3 2205454573941184896,335.5727736045,+63.5367044798,0.000,0.000,90,*,1,22 22 17.46567,+63 32 12.1361,A,2020yCat.1350....0G,Star,*,,,,,,,0.9994,0.0838,-1.307,-2.523,0.087,0.088,90,,,,,,,,,,,,,,,,,
0.095179,SSTSL2 J061303.84-061838.7,93.266033,-6.31077,2MASS J06130384-0618387,93.2660111764,-6.3107548843,0.000,0.000,90,Y*O,1,06 13 03.84268,-06 18 38.7176,A,2020yCat.1350....0G,YSO,*|NIR|Y*O,,,,,,,1.3556,0.1140,-4.076,0.505,0.129,0.106,90,,,,,,,14.461,13.550,13.120,,,,,,,,
0.039277,SSTSL2 J053623.63-052246.2,84.098497,-5.379516,V* V2673 Ori,84.0985030103,-5.3795251230,0.000,0.000,90,Or*,14,05 36 23.64072,-05 22 46.2904,A,2020yCat.1350....0G,OrionV*,*|Em*|G|Ir*|MIR|NIR|Or*|TT?|V*|Y*O,27.248,0.177,0.0000909,0.0000006,,,2.7806,0.2338,1.937,0.493,0.218,0.167,90,,,,,,,15.216,13.441,12.590,,,,,,,,
0.190866,SSTSL2 J225052.46+620953.1,342.71862,62.164759,Gaia DR3 2207159920775932672,342.7187309773,+62.1647477851,0.000,0.000,90,Em*,1,22 50 52.49543,+62 09 53.0920,A,2020yCat.1350....0G,EmLine*,*|Em*,,,,,,,1.2160,0.1023,-0.344,-2.486,0.118,0.103,90,,,,,,,,,,,,18.580,16.841,,,,
0.076256,SSTSL2 J034001.50+311017.2,55.006264,31.17146,2MASS J03400150+3110172,55.0062416434,+31.1714690979,0.000,0.000,90,Y*O,13,03 40 01.49799,+31 10 17.2888,A,2020yCat.1350....0G,YSO,*|IR|MIR|NIR|Y*?|Y*O,21.032,0.027,0.0000702,0.0000001,M1.6,,2.6765,0.2257,2.975,-5.424,0.249,0.181,90,,,,,,,14.012,12.558,11.938,,,,,,,,
0.359448,SSTSL2 J224630.55+603857.1,341.627299,60.649216,ZTF J224630.52+603856.9,341.6271759772,+60.6491364183,0.000,0.000,90,RS*,3,22 46 30.52223,+60 38 56.8911,A,2020yCat.1350....0G,RSCVnV*,*|RS*,,,,,,,1.1407,0.0965,-0.587,-2.583,0.112,0.096,90,,,,,,,,,,,20.494,18.286,,,,,
0.336023,SSTSL2 J054138.37-094640.3,85.409883,-9.777883,2MASS J05413838-0946406,85.4099376061,-9.7779592657,0.000,0.000,90,Y*O,6,05 41 38.38503,-09 46 40.6534,A,2020yCat.1350....0G,YSO,*|MIR|NIR|Y*O,,,,,,,2.1719,0.1839,0.257,-1.623,0.192,0.158,90,,,,,,,14.333,12.960,12.371,,,,,,,,
0.283825,SSTSL2 J224524.44+613522.6,341.351867,61.589616,ZTF J224524.41+613522.5,341.3517031845,+61.5896041236,0.000,0.000,90,RS*,5,22 45 24.40876,+61 35 22.5748,A,2020yCat.1350....0G,RSCVnV*,*|Em*|MIR|NIR|RS*|Y*?|Y*O,,,,,,,0.9844,0.0835,-0.921,-1.478,0.097,0.084,90,,,,,,,13.960,12.986,12.501,,20.077,17.818,16.338,,,,
0.187874,SSTSL2 J205334.08+442017.7,313.392039,44.338261,2MASS J20533410+4420178,313.3920929976,+44.3382960992,0.000,0.000,90,Or*,6,20 53 34.10232,+44 20 17.8660,A,2020yCat.1350....0G,OrionV*,*|NIR|Or*|Y*?|Y*O,,,,,M2.0,,1.2507,0.1064,-0.939,-2.701,0.117,0.112,90,,,,,,,14.763,13.732,13.238,,,,,,,,
0.393885,SSTSL2 J130441.94-771917.3,196.174779,-77.321485,[HL2013] 196.17518-77.32142,196.1751800000,-77.3214200000,,,172,IR,1,   13 04 42.04,   -77 19 17.1,D,2013ApJS..205....5H,Infrared,IR|Y*?,,,,,,,,,,,,,,,,,,,,,,,,,,,,,,
0.026818,SSTSL2 J060913.75-060708.2,92.307309,-6.118947,Gaia DR3 3019986089313018112,92.3073068644,-6.1189398595,0.000,0.000,90,*,1,06 09 13.75365,-06 07 08.1835,A,2020yCat.1350....0G,Star,*,,,,,,,0.9232,0.0795,-3.545,0.135,0.096,0.094,90,,,,,,,,,,,,,,,,,
0.271319,SSTSL2 J213954.03+572933.5,324.975151,57.49265,[BVD2011] 93,324.9752860324,+57.4926296516,0.000,0.000,90,Or*,9,21 39 54.06865,+57 29 33.4667,A,2020yCat.1350....0G,OrionV*,*|Em*|NIR|Or*|TT?|Y*O,,,,,K7.5e,,1.1460,0.0987,-2.427,-4.521,0.111,0.095,90,,,,,,,14.720,13.870,13.283,,,17.833,16.506,,,,
0.219004,SSTSL2 J205234.40+443824.4,313.143365,44.64013,2MASS J20523441+4438246,313.1434331918,+44.6401666958,0.000,0.000,90,Or*,5,20 52 34.42397,+44 38 24.6001,A,2020yCat.1350....0G,OrionV*,*|NIR|Or*|Y*?|Y*O,,,,,M0.0,,1.1655,0.1005,-1.560,-2.638,0.104,0.116,90,,,,,,,14.110,13.033,12.495,,,,,,,,
0.196261,SSTSL2 J043023.83+352112.3,67.599299,35.353429,2MASS J04302380+3521122,67.5992330790,+35.3534380231,0.000,0.000,90,Y*O,6,04 30 23.81594,+35 21 12.3769,A,2020yCat.1350....0G,YSO,*|NIR|Y*?|Y*O,,,,,,,2.0379,0.1771,2.459,-4.896,0.236,0.181,90,,,,,,,,15.867,15.430,,,,,,,,
0.050779,SSTSL2 J060721.50-062936.7,91.839588,-6.493555,2MASS J06072150-0629368,91.8396015446,-6.4935507749,0.000,0.000,90,*,2,06 07 21.50437,-06 29 36.7828,A,2020yCat.1350....0G,Star,*|NIR,,,,,,,1.2010,0.1050,-2.493,1.205,0.100,0.094,90,,,,,,,14.158,13.031,12.352,,,,,,,,
0.159271,SSTSL2 J130115.99-632058.1,195.316665,-63.34948,2MASS J13011599-6320582,195.3166340000,-63.3495220000,0.060,0.060,45,Y*?,1,13 01 15.99216,-63 20 58.2792,C,2003yCat.2246....0C,YSO_Candidate,MIR|NIR|Y*?,,,,,,,,,,,,,,,,,,,,14.221,13.349,12.759,,,,,,,,
0.168252,SSTSL2 J221703.22+613714.8,334.263426,61.620792,ZTF J221703.24+613714.9,334.2635137811,+61.6208130599,0.000,0.000,90,BY*,3,22 17 03.24331,+61 37 14.9270,A,2020yCat.1350....0G,BYDraV*,*|BY*|MIR|NIR|Y*O,,,,,,,1.2974,0.1141,-1.074,-2.917,0.140,0.114,90,,,,,,,14.744,13.673,13.287,,21.261,19.010,,,,,
0.076174,SSTSL2 J230506.78+621157.3,346.278268,62.199262,ZTF J230506.79+621157.3,346.2783100000,+62.1992700000,,,172,BY*,2,   23 05 06.79,   +62 11 57.4,C,2020ApJS..249...18C,BYDraV*,BY*,,,,,,,,,,,,,,,,,,,,,,,,20.937,18.707,,,,,
0.108549,SSTSL2 J205305.93+441538.6,313.27475,44.260741,2MASS J20530594+4415388,313.2747759137,+44.2607647644,0.000,0.000,90,Or*,8,20 53 05.94622,+44 15 38.7532,A,2020yCat.1350....0G,OrionV*,*|Em*|NIR|Or*|Y*?|Y*O,,,,,M2.6,,1.1791,0.1038,-1.051,-3.725,0.116,0.110,90,,,,,,,14.301,13.158,12.582,,,18.822,17.096,,,,
0.230942,SSTSL2 J221721.72+614040.4,334.340539,61.677904,ZTF J221721.75+614040.7,334.3406290846,+61.6779518404,0.000,0.000,90,Or*,5,22 17 21.75098,+61 40 40.6266,A,2020yCat.1350....0G,OrionV*,*|BY*|Em*|MIR|NIR|Or*,,,,,,,1.1437,0.1008,-1.175,-2.845,0.120,0.111,90,,,,,,,14.611,13.702,13.362,,20.678,18.550,,,,,
0.420704,SSTSL2 J205331.44+441245.6,313.381037,44.212676,2MASS J20533148+4412458,313.3811822190,+44.2127291298,0.000,0.000,90,Or*,5,20 53 31.48373,+44 12 45.8249,A,2020yCat.1350....0G,OrionV*,*|NIR|Or*|Y*?|Y*O,,,,,M2.2,,1.4675,0.1295,-1.215,-3.429,0.147,0.156,90,,,,,,,14.347,13.129,12.527,,,,,,,,
0.410758,SSTSL2 J204803.56+440529.1,312.014856,44.09144,2MASS J20480358+4405295,312.0149567680,+44.0915282078,0.000,0.000,90,Y*O,3,20 48 03.58962,+44 05 29.5015,A,2020yCat.1350....0G,YSO,*|Em*|NIR|Y*?|Y*O,,,,,,,1.2168,0.1082,-2.433,-3.585,0.119,0.119,90,,,,,,,14.492,13.566,13.044,,,18.917,17.195,,,,
0.212877,SSTSL2 J054232.73-094506.7,85.636408,-9.751886,2MASS J05423275-0945066,85.6364651704,-9.7518680563,0.000,0.000,90,Y*O,13,05 42 32.75164,-09 45 06.7250,A,2020yCat.1350....0G,YSO,*|MIR|NIR|Y*O,21.185,0.077,0.0000707,0.0000003,,,1.9840,0.1769,-0.096,-1.691,0.151,0.144,90,,,,,,,13.749,12.321,11.463,,,,,,,,
0.042348,SSTSL2 J205305.26+444154.4,313.271948,44.698472,2MASS J20530526+4441545,313.2719583508,+44.6984811784,0.000,0.000,90,Y*O,3,20 53 05.27000,+44 41 54.5322,A,2020yCat.1350....0G,YSO,*|NIR|Y*?|Y*O,,,,,,,1.4372,0.1282,-1.684,-2.860,0.152,0.158,90,,,,,,,14.547,13.404,13.006,,,,,,,,
0.097367,SSTSL2 J230814.41+622554.7,347.060057,62.431887,Gaia DR3 2207364219480957696,347.0601124710,+62.4318955118,0.000,0.000,90,Em*,2,23 08 14.42699,+62 25 54.8238,A,2020yCat.1350....0G,EmLine*,*|Em*,,,,,,,1.2240,0.1097,-0.889,-2.482,0.121,0.102,90,,,,,,,,,,,,18.529,17.088,,,,
0.081253,SSTSL2 J061109.99-060947.5,92.791643,-6.163219,2MASS J06110999-0609475,92.7916538709,-6.1631991857,0.000,0.000,90,Y*O,4,06 11 09.99693,-06 09 47.5171,A,2020yCat.1350....0G,YSO,*|NIR|Y*O,,,,,,,0.9730,0.0873,-4.091,0.266,0.084,0.085,90,,,,,,,14.051,12.765,12.008,,,,,,,,
0.420674,SSTSL2 J043756.70+254623.2,69.486254,25.773116,ITG  1,69.4863168295,+25.7730137572,0.000,0.000,90,Or*,23,04 37 56.71604,+25 46 22.8495,A,2020yCat.1350....0G,OrionV*,*|IR|MIR|NIR|Or*|Y*O,,,,,,,0.9734,0.0877,-3.183,2.129,0.119,0.095,90,,,,,,,14.130,13.260,12.700,,,,,,,,
0.292325,SSTSL2 J202201.36+403315.4,305.50567,40.554283,2MASS J20220134+4033153,305.5055761599,+40.5542441394,0.000,0.000,90,Y*?,5,20 22 01.33828,+40 33 15.2789,A,2020yCat.1350....0G,YSO_Candidate,*|Em*|MIR|NIR|Y*?,,,,,,,0.9510,0.0862,-3.263,-6.595,0.085,0.094,90,,,,,,,14.160,13.010,12.410,,,17.999,16.491,,,,
0.314727,SSTSL2 J205336.28+441626.5,313.401202,44.274053,2MASS J20533630+4416263,313.4012366635,+44.2739691729,0.000,0.000,90,Or*,7,20 53 36.29680,+44 16 26.2890,A,2020yCat.1350....0G,OrionV*,*|NIR|Or*|Y*?|Y*O,,,,,K8.0,,1.1754,0.1065,-0.990,-3.117,0.121,0.114,90,,,,,,,14.177,12.902,12.224,,,18.300,,,,,
0.293704,SSTSL2 J202418.19+383031.9,306.075806,38.508866,Gaia DR3 2061141611213944960,306.0759061112,+38.5088432152,0.000,0.000,90,Em*,3,20 24 18.21747,+38 30 31.8356,A,2020yCat.1350....0G,EmLine*,*|Em*,,,,,,,0.9583,0.0870,-1.621,-3.894,0.080,0.094,90,,,,,,,,,,,,18.241,16.785,,,,
0.096446,SSTSL2 J060035.17+312955.8,90.146573,31.498854,Gaia DR3 3449994156244515072,90.1465431927,+31.4988624738,0.000,0.000,90,Em*,1,06 00 35.17037,+31 29 55.9049,A,2020yCat.1350....0G,EmLine*,*|Em*,,,,,,,0.8600,0.0782,-0.452,-2.600,0.092,0.065,90,,,,,,,,,,,,16.929,15.697,,,,
0.095108,SSTSL2 J053554.75-045820.0,83.978165,-4.972237,V* V2620 Ori,83.9781860271,-4.9722530977,0.000,0.000,90,Or*,18,05 35 54.76465,-04 58 20.1112,A,2020yCat.1350....0G,OrionV*,*|Em*|NIR|Or*|V*|Y*O,29.430,0.172,0.0000982,0.0000006,,,2.0560,0.1872,1.869,1.017,0.181,0.152,90,,,,16.500,,,14.496,13.418,12.608,,,,,,,,
0.170579,SSTSL2 J022945.93+725748.8,37.441405,72.963582,2MASS J02294589+7257489,37.4412463731,+72.9635912343,0.000,0.000,90,Or*,5,02 29 45.89913,+72 57 48.9284,A,2020yCat.1350....0G,OrionV*,*|Em*|MIR|NIR|Or*|Y*O,,,,,M0,,1.0597,0.0965,-1.127,-1.760,0.085,0.097,90,,,,21.426,19.364,17.948,14.490,13.498,13.090,,,,,,,,
0.164539,SSTSL2 J023021.33+723926.5,37.588879,72.657373,SSTSL2 J023021.33+723926.5,37.5889729443,+72.6574091218,0.000,0.000,90,Y*O,2,02 30 21.35351,+72 39 26.6728,A,2020yCat.1350....0G,YSO,*|MIR|Y*O,,,,,,,1.2844,0.1176,-1.641,-1.407,0.117,0.125,90,,,,,,,,,,,,,,,,,
0.100277,SSTSL2 J225403.34+623718.0,343.51393,62.621689,2MASS J22540336+6237180,343.5139841489,+62.6216765170,0.000,0.000,90,Y*O,5,22 54 03.35620,+62 37 18.0355,A,2020yCat.1350....0G,YSO,*|Em*|NIR|X|Y*O,,,,,,,1.0785,0.0988,-1.220,-2.089,0.113,0.120,90,,,,,19.580,,14.520,13.530,13.160,,,18.402,16.763,,,,
0.099672,SSTSL2 J061108.74-060842.9,92.786419,-6.145271,2MASS J06110874-0608430,92.7864418105,-6.1452551195,0.000,0.000,90,Y*O,4,06 11 08.74603,-06 08 42.9184,A,2020yCat.1350....0G,YSO,*|MIR|NIR|V*|X|Y*O,,,,,,,1.1683,0.1075,-3.462,-0.339,0.111,0.106,90,,,,,,,14.379,13.225,12.599,,,,,,,,
0.780161,SSTSL2 J033207.56-312010.7,53.031522,-31.336318,2dFGRS TGS474Z252,53.0314583333,-31.3365277778,,,172,*,1,   03 32 07.55,   -31 20 11.5,D,2001MNRAS.328.1039C,Star,*|G,-29.981,,-0.0001000,,,,,,,,,,,,,,18.928,,17.297,,,,,,,,,,,
0.443433,SSTSL2 J201716.59+385901.0,304.31913,38.983635,2MASS J20171655+3859010,304.3189737593,+38.9836144523,0.000,0.000,90,Y*?,4,20 17 16.55370,+38 59 01.0120,A,2020yCat.1350....0G,YSO_Candidate,*|Em*|MIR|NIR|Y*?,-16.622,0.119,-0.0000554,0.0000004,,,0.6176,0.0576,-4.133,-4.902,0.064,0.075,90,,,,,,,14.148,13.099,12.498,,,17.550,16.299,,,,
0.067470,SSTSL2 J224819.67+614624.3,342.08196,61.773427,ZTF J224819.65+614624.2,342.0819395091,+61.7734109586,0.000,0.000,90,BY*,4,22 48 19.66548,+61 46 24.2795,A,2020yCat.1350....0G,BYDraV*,*|BY*|Em*|MIR|NIR|Y*O,,,,,,,1.1181,0.1046,-2.363,-3.699,0.123,0.120,90,,,,,,,14.621,13.678,13.348,,20.496,18.380,16.744,,,,
0.183553,SSTSL2 J205201.99+432713.2,313.008295,43.453684,2MASS J20520200+4327132,313.0083589238,+43.4537051264,0.000,0.000,90,Y*O,5,20 52 02.00614,+43 27 13.3385,A,2020yCat.1350....0G,YSO,*|Em*|NIR|Y*?|Y*O,,,,,,,1.1293,0.1062,-1.781,-5.386,0.106,0.118,90,,,,,,,14.247,13.265,12.676,,,19.648,17.414,,,,
0.279016,SSTSL2 J205629.48+431453.5,314.122837,43.248208,2MASS J20562950+4314535,314.1229433155,+43.2482111771,0.000,0.000,90,Or*,5,20 56 29.50640,+43 14 53.5602,A,2020yCat.1350....0G,OrionV*,*|NIR|Or*|Y*?|Y*O,,,,,K6.0,,1.4422,0.1359,-1.419,-3.395,0.146,0.168,90,,,,,,,14.038,12.678,11.962,,,,,,,,
0.169462,SSTSL2 J221624.47+615918.8,334.101973,61.988579,2MASS J22162448+6159190,334.1020198381,+61.9886206170,0.000,0.000,90,Or*,3,22 16 24.48476,+61 59 19.0342,A,2020yCat.1350....0G,OrionV*,*|Em*|MIR|NIR|Or*,,,,,,,1.2315,0.1161,-0.751,-3.728,0.135,0.126,90,,,,,,,14.605,13.528,13.118,,,18.568,17.044,,,,
0.328818,SSTSL2 J124548.50-552643.6,191.452084,-55.445459,Gaia DR3 6073365953080133504,191.4522364142,-55.4454295138,0.000,0.000,90,Y*?,1,12 45 48.53674,-55 26 43.5462,A,2020yCat.1350....0G,YSO_Candidate,*|ev|Y*?,,,,,,,0.8936,0.0843,-6.651,-0.203,0.063,0.094,90,,,,,,,,,,,,,,,,,
0.538082,SSTSL2 J054251.72-095741.4,85.715501,-9.961504,2MASS J05425174-0957409,85.7156175783,-9.9614083098,0.000,0.000,90,Y*O,13,05 42 51.74822,-09 57 41.0699,A,2020yCat.1350....0G,YSO,*|MIR|NIR|Y*O,20.457,0.100,0.0000682,0.0000003,,,2.1683,0.2046,0.394,-1.502,0.213,0.175,90,,,,,,,13.806,12.151,11.459,,,,,,,,
0.177301,SSTSL2 J202429.21+383209.2,306.121716,38.535901,Gaia DR3 2061141856033548416,306.1217686843,+38.5358740317,0.000,0.000,90,Em*,2,20 24 29.22448,+38 32 09.1465,A,2020yCat.1350....0G,EmLine*,*|Em*|V*,,,,,,,0.8658,0.0819,-1.975,-3.608,0.085,0.093,90,,,,,,,,,,,,18.597,16.975,,,,
0.264263,SSTSL2 J205914.87+441228.7,314.811977,44.207987,2MASS J20591484+4412286,314.8118997170,+44.2079388377,0.000,0.000,90,Or*,6,20 59 14.85593,+44 12 28.5798,A,2020yCat.1350....0G,OrionV*,*|NIR|Or*|Y*?|Y*O,,,,,K8.6,,1.2500,0.1185,-2.715,-3.266,0.129,0.140,90,,,,,,,,12.934,12.059,,,18.630,,,,,
0.209502,SSTSL2 J205208.93+442154.6,313.037237,44.365174,2MASS J20520895+4421545,313.0373183373,+44.3651763402,0.000,0.000,90,Or*,4,20 52 08.95640,+44 21 54.6348,A,2020yCat.1350....0G,OrionV*,*|NIR|Or*|Y*?|Y*O,,,,,M2.0,,1.4257,0.1357,-1.574,-3.341,0.139,0.144,90,,,,,,,14.429,13.176,12.583,,,,,,,,
0.166148,SSTSL2 J165555.12-450944.9,253.979696,-45.162496,2MASS J16555513-4509448,253.9797310000,-45.1624570000,0.060,0.060,45,Y*?,1,16 55 55.13544,-45 09 44.8452,C,2003yCat.2246....0C,YSO_Candidate,MIR|NIR|Y*?,,,,,,,,,,,,,,,,,,,,14.625,13.793,13.349,,,,,,,,
0.136085,SSTSL2 J225536.80+621115.6,343.90336,62.187687,Gaia DR3 2207195169567985536,343.9034262451,+62.1877087626,0.000,0.000,90,Em*,2,22 55 36.82230,+62 11 15.7515,A,2020yCat.1350....0G,EmLine*,*|Em*|V*,,,,,,,1.1150,0.1065,-1.338,-2.382,0.120,0.126,90,,,,,,,,,,,,18.131,16.718,,,,
0.162876,SSTSL2 J032647.41+585538.2,51.697559,58.927293,2MASS J03264739+5855382,51.6974760444,+58.9273076214,0.000,0.000,90,Y*O,2,03 26 47.39425,+58 55 38.3074,A,2020yCat.1350....0G,YSO,*|Em*|NIR|Y*O,,,,,,,1.0547,0.1013,-0.095,-1.324,0.104,0.108,90,,,,,,,14.050,12.890,12.310,,,18.120,16.651,,,,
0.129603,SSTSL2 J063220.82+050416.5,98.086751,5.071265,2MASS J06322083+0504164,98.0867795039,+5.0712428652,0.000,0.000,90,Or*,10,06 32 20.82708,+05 04 16.4743,A,2020yCat.1350....0G,OrionV*,*|ev|MIR|NIR|Or*|V*|Y*?,29.977,0.117,0.0001000,0.0000004,,,0.7145,0.0687,-1.534,0.594,0.069,0.066,90,,,,19.115,17.281,,13.901,13.037,12.778,,17.772,16.459,15.746,,,,
0.135701,SSTSL2 J061023.84-061419.2,92.599359,-6.238673,2MASS J06102384-0614191,92.5993737204,-6.2386382615,0.000,0.000,90,Y*O,2,06 10 23.84969,-06 14 19.0977,A,2020yCat.1350....0G,YSO,*|NIR|Y*O,,,,,,,1.2862,0.1242,-3.148,0.512,0.129,0.131,90,,,,,,,14.700,13.800,13.340,,,,,,,,
0.178016,SSTSL2 J231610.41+621303.1,349.04339,62.21753,Gaia DR3 2015043211827165056,349.0434911161,+62.2175150407,0.000,0.000,90,Em*,1,23 16 10.43787,+62 13 03.0541,A,2020yCat.1350....0G,EmLine*,*|Em*,,,,,,,1.4928,0.1448,-1.170,-2.589,0.158,0.137,90,,,,,,,,,,,,19.316,17.737,,,,
0.120126,SSTSL2 J061142.05-061100.7,92.925224,-6.183541,Gaia DR3 3019786081276240640,92.9252345086,-6.1835093095,0.000,0.000,90,*,2,06 11 42.05628,-06 11 00.6335,A,2020yCat.1350....0G,Star,*,,,,,,,0.9794,0.0952,-3.903,0.201,0.082,0.087,90,,,,,,,,,,,,,,,,,
0.132277,SSTSL2 J205229.76+442104.5,313.124028,44.351271,2MASS J20522977+4421045,313.1240774671,+44.3512809448,0.000,0.000,90,Or*,5,20 52 29.77859,+44 21 04.6114,A,2020yCat.1350....0G,OrionV*,*|NIR|Or*|Y*?|Y*O,,,,,M3.8,,1.1172,0.1088,-1.425,-3.593,0.118,0.118,90,,,,,,,14.279,13.235,12.709,,,,,,,,
0.171923,SSTSL2 J205638.88+435120.4,314.162031,43.855678,2MASS J20563886+4351204,314.1619691261,+43.8556950307,0.000,0.000,90,Or*,7,20 56 38.87259,+43 51 20.5021,A,2020yCat.1350....0G,OrionV*,*|Em*|NIR|Or*|Y*?|Y*O,,,,,M3.2,,1.2569,0.1230,-1.327,-3.508,0.125,0.142,90,,,,,,,14.330,13.210,12.531,,,19.958,17.936,,,,
0.133306,SSTSL2 J225112.35+622311.7,342.801491,62.386587,Gaia DR3 2207166169950346240,342.8014435411,+62.3866167875,0.000,0.000,90,Em*,1,22 51 12.34645,+62 23 11.8204,A,2020yCat.1350....0G,EmLine*,*|Em*,,,,,,,1.5120,0.1480,-2.905,-3.598,0.167,0.147,90,,,,,,,,,,,,19.604,17.563,,,,
0.426268,SSTSL2 J061211.51-060954.8,93.047971,-6.165229,Gaia DR3 3019879402326012160,93.0478522559,-6.1652381027,0.000,0.000,90,*,3,06 12 11.48454,-06 09 54.8572,A,2020yCat.1350....0G,Star,*,,,,,,,1.0625,0.1050,-3.011,0.306,0.093,0.103,90,,,,,,,,,,,,,,,,,
0.216658,SSTSL2 J182907.65+005222.3,277.281884,0.87287,2MASS J18290765+0052223,277.2819040845,+0.8728132665,0.000,0.000,90,Y*O,12,18 29 07.65698,+00 52 22.1278,A,2020yCat.1350....0G,YSO,*|IR|MIR|NIR|Y*?|Y*O,,,,,,,1.8697,0.1850,3.057,-9.182,0.198,0.189,90,,,,,,,14.489,13.223,12.697,,,,,,,,
0.219002,SSTSL2 J205219.80+442320.3,313.082504,44.388994,2MASS J20521981+4423204,313.0825870718,+44.3890072930,0.000,0.000,90,Y*O,3,20 52 19.82090,+44 23 20.4263,A,2020yCat.1350....0G,YSO,*|NIR|Y*?|Y*O,,,,,,,1.4659,0.1454,-1.740,-2.942,0.149,0.162,90,,,,,,,14.968,13.892,13.494,,,,,,,,
0.173025,SSTSL2 J205219.68+442449.1,313.082003,44.413663,2MASS J20521969+4424491,313.0820702858,+44.4136630469,0.000,0.000,90,Or*,6,20 52 19.69687,+44 24 49.1870,A,2020yCat.1350....0G,OrionV*,*|NIR|Or*|Y*?|Y*O,,,,,M4.0,,1.1906,0.1181,-1.269,-3.438,0.127,0.147,90,,,,,,,14.547,13.504,13.075,,,19.110,17.150,,,,
0.143127,SSTSL2 J221744.90+614130.9,334.437102,61.69194,2MASS J22174489+6141310,334.4371316614,+61.6919771861,0.000,0.000,90,Or*,3,22 17 44.91160,+61 41 31.1179,A,2020yCat.1350....0G,OrionV*,*|Em*|MIR|NIR|Or*|Y*O,,,,,,,1.0943,0.1090,-1.077,-3.042,0.131,0.123,90,,,,,,,14.886,13.729,13.048,,,,,,,,
0.114584,SSTSL2 J205211.02+440810.1,313.045926,44.136148,2MASS J20521101+4408102,313.0458942298,+44.1361702077,0.000,0.000,90,Or*,6,20 52 11.01462,+44 08 10.2127,A,2020yCat.1350....0G,OrionV*,*|Em*|NIR|Or*|Y*?|Y*O,,,,,M2.0,,1.1206,0.1117,-1.433,-3.596,0.120,0.116,90,,,,,,,14.592,13.435,12.915,,,18.825,17.104,,,,
0.109590,SSTSL2 J205331.95+440946.9,313.383166,44.163054,2MASS J20533196+4409470,313.3831970934,+44.1630747165,0.000,0.000,90,Or*,5,20 53 31.96730,+44 09 47.0690,A,2020yCat.1350....0G,OrionV*,*|NIR|Or*|Y*?|Y*O,,,,,K8.0,,1.1999,0.1198,-0.958,-3.638,0.148,0.138,90,,,,,,,14.253,13.127,12.711,,,,,,,,
0.065571,SSTSL2 J202107.50+384846.4,305.281281,38.812912,ZTF J202107.50+384846.3,305.2813020000,+38.8129040000,0.070,0.060,0,BY*,2,20 21 07.51248,+38 48 46.4544,C,2003yCat.2246....0C,BYDraV*,BY*|MIR|NIR|Y*?,,,,,,,,,,,,,,,,,,,,14.368,13.476,13.029,,,17.594,,,,,
0.178499,SSTSL2 J023327.25+724656.8,38.363583,72.782461,2MASS J02332724+7246571,38.3635741699,+72.7825105141,0.000,0.000,90,Or*,3,02 33 27.25780,+72 46 57.0379,A,2020yCat.1350....0G,OrionV*,*|Em*|MIR|NIR|Or*|Y*O,,,,,K2,,1.1514,0.1155,-1.432,-1.352,0.109,0.119,90,,,,20.945,19.213,18.036,14.425,13.013,12.068,,,,,,,,
0.053328,SSTSL2 J225516.45+630131.6,343.818543,63.025461,2MASS J22551646+6301317,343.8185600364,+63.0254736379,0.000,0.000,90,Y*O,1,22 55 16.45441,+63 01 31.7051,A,2020yCat.1350....0G,YSO,*|NIR|Y*O,,,,,,,1.2531,0.1270,-0.932,-2.973,0.152,0.137,90,,,,,,,15.047,14.034,13.538,,,,,,,,
0.093716,SSTSL2 J222021.87+602230.7,335.091148,60.375198,2MASS J22202188+6022306,335.0911840000,+60.3751790000,0.080,0.060,0,Y*O,1,22 20 21.88416,+60 22 30.6444,C,2003yCat.2246....0C,YSO,MIR|NIR|Y*O,,,,,,,,,,,,,,,,,,,,15.184,14.128,13.663,,,,,,,,
0.064759,SSTSL2 J202435.14+383416.2,306.146448,38.571174,2MASS J20243515+3834162,306.1464655904,+38.5711855954,0.000,0.000,90,Y*O,5,20 24 35.15174,+38 34 16.2681,A,2020yCat.1350....0G,YSO,*|MIR|NIR|Y*?|Y*O,-8.600,0.520,-0.0000287,0.0000017,,,1.0564,0.1079,-0.676,-2.451,0.099,0.141,90,,,,,,,13.966,12.760,11.940,,,,,,,,
0.164037,SSTSL2 J032722.23+585140.6,51.842625,58.861285,2MASS J03272220+5851406,51.8425374480,+58.8612901480,0.000,0.000,90,Y*O,5,03 27 22.20899,+58 51 40.6445,A,2020yCat.1350....0G,YSO,*|Em*|NIR|Y*O,,,,,,,0.9394,0.0963,0.940,-1.641,0.110,0.107,90,,,,,,,13.995,12.779,12.063,,,17.954,16.519,,,,
0.904557,SSTSL2 J054443.47-083654.0,86.181128,-8.615015,2MASS J05444352-0836536,86.1813614897,-8.6149158015,0.000,0.000,90,Y*O,13,05 44 43.52676,-08 36 53.6969,A,2020yCat.1350....0G,YSO,*|MIR|NIR|Y*O,24.337,0.062,0.0000812,0.0000002,,,2.9617,0.3052,-0.590,-1.182,0.258,0.234,90,,,,,,,13.419,12.158,11.611,,,,,,,,
0.064943,SSTSL2 J230344.52+621305.8,345.93553,62.21828,Gaia DR3 2207333334373395584,345.9355023014,+62.2182925996,0.000,0.000,90,Em*,1,23 03 44.52055,+62 13 05.8534,A,2020yCat.1350....0G,EmLine*,*|Em*,,,,,,,1.1946,0.1234,-1.326,-2.530,0.145,0.127,90,,,,,,,,,,,,18.678,16.957,,,,
0.142314,SSTSL2 J175552.48-223733.7,268.968687,-22.626033,2MASS J17555248-2237338,268.9686800000,-22.6260720000,0.060,0.060,135,Y*?,1,17 55 52.48320,-22 37 33.8592,C,2003yCat.2246....0C,YSO_Candidate,MIR|NIR|Y*?,,,,,,,,,,,,,,,,,,,,13.924,12.886,12.156,,,,,,,,
0.313421,SSTSL2 J174906.00-311909.8,267.275001,-31.319403,2MASS J17490601-3119100,267.2750800000,-31.3194580000,0.060,0.060,45,Y*?,1,17 49 06.01920,-31 19 10.0488,C,2003yCat.2246....0C,YSO_Candidate,MIR|NIR|Y*?,,,,,,,,,,,,,,,,,,,,14.078,13.107,12.667,,,,,,,,
0.086360,SSTSL2 J122521.72+163132.6,186.340538,16.525737,Gaia DR3 3946004506031196416,186.3405179919,+16.5257514062,0.000,0.000,90,*,1,12 25 21.72432,+16 31 32.7051,A,2020yCat.1350....0G,Star,*|Ro*,,,,,,,1.2570,0.1308,-6.123,-19.213,0.103,0.084,90,,,,,,,,,,,,,,,,,
0.188520,SSTSL2 J202425.74+390742.4,306.107271,39.128463,2MASS J20242576+3907424,306.1073370000,+39.1284520000,0.070,0.060,0,Y*?,1,20 24 25.76088,+39 07 42.4272,C,2003yCat.2246....0C,YSO_Candidate,MIR|NIR|Y*?,,,,,,,,,,,,,,,,,,,,14.438,13.415,12.914,,,,,,,,
0.066266,SSTSL2 J225625.72+624957.4,344.107206,62.832618,2MASS J22562572+6249574,344.1071660791,+62.8326205665,0.000,0.000,90,Y*O,1,22 56 25.71986,+62 49 57.4340,A,2020yCat.1350....0G,YSO,*|NIR|Y*O,,,,,,,1.1341,0.1183,-0.790,-1.426,0.126,0.127,90,,,,,20.270,,14.681,13.725,13.506,,,,,,,,
0.042784,SSTSL2 J205218.39+442502.1,313.076634,44.417252,2MASS J20521839+4425020,313.0766413664,+44.4172626562,0.000,0.000,90,Or*,8,20 52 18.39393,+44 25 02.1456,A,2020yCat.1350....0G,OrionV*,*|Em*|NIR|Or*|Y*?|Y*O,,,,,K4.0,,1.3318,0.1391,-1.061,-3.339,0.150,0.156,90,,,,,,,15.475,14.191,13.238,,,18.452,17.340,,,,
0.044342,SSTSL2 J053610.12-055008.7,84.042204,-5.835755,2MASS J05361012-0550086,84.0421965166,-5.8357451871,0.000,0.000,90,Y*O,10,05 36 10.12716,-05 50 08.6827,A,2020yCat.1350....0G,YSO,*|Em*|G|G?|MIR|NIR|Y*O,,,,,,,2.5534,0.2669,1.305,0.806,0.214,0.187,90,,,,,,,15.680,14.570,14.060,,,,,,,,
0.272231,SSTSL2 J202538.39+392738.8,306.409967,39.460782,2MASS J20253840+3927389,306.4100558473,+39.4608138279,0.000,0.000,90,Y*?,2,20 25 38.41340,+39 27 38.9298,A,2020yCat.1350....0G,YSO_Candidate,*|Em*|MIR|NIR|Y*?,,,,,,,0.8975,0.0940,-1.103,-3.790,0.096,0.116,90,,,,,,,14.209,13.231,12.912,,,18.975,16.749,,,,
0.425575,SSTSL2 J202432.11+382952.8,306.133798,38.498013,ZTF J202432.14+382952.9,306.1339490000,+38.4980160000,0.070,0.060,0,EB*,3,20 24 32.14776,+38 29 52.8576,C,2003yCat.2246....0C,EclBin,EB*|MIR|NIR|Y*?,,,,,,,,,,,,,,,,,,,,14.509,13.546,13.034,,20.721,18.600,,,,,
0.287053,SSTSL2 J205142.94+440730.5,312.92892,44.125166,2MASS J20514290+4407307,312.9288108716,+44.1251808883,0.000,0.000,90,Or*,7,20 51 42.91461,+44 07 30.6512,A,2020yCat.1350....0G,OrionV*,*|Em*|NIR|Or*|Y*?|Y*O,,,,,K8.4,,1.1028,0.1180,-1.174,-2.650,0.145,0.127,90,,,,,,,15.329,13.988,12.952,,,19.332,17.820,,,,
0.116177,SSTSL2 J061155.17+204112.8,92.979881,20.686904,ZTF J061155.16+204112.8,92.9798551659,+20.6868826147,0.000,0.000,90,RS*,4,06 11 55.16524,+20 41 12.7774,A,2020yCat.1350....0G,RSCVnV*,*|Em*|NIR|RS*|Y*O,,,,,,,0.6952,0.0745,-0.300,-2.407,0.088,0.071,90,,,,,,,14.504,13.643,13.260,,18.533,17.053,16.112,,,,
0.458808,SSTSL2 J180807.25-213320.4,272.030248,-21.555673,2MASS J18080728-2133201,272.0303580000,-21.5555970000,0.060,0.060,90,Y*?,1,18 08 07.28592,-21 33 20.1492,C,2003yCat.2246....0C,YSO_Candidate,MIR|NIR|Y*?,,,,,,,,,,,,,,,,,,,,13.855,12.760,12.125,,,,,,,,
0.334450,SSTSL2 J221558.14+592024.7,333.992259,59.340207,2MASS J22155809+5920246,333.9920830000,+59.3401830000,0.060,0.060,90,Y*O,1,22 15 58.09992,+59 20 24.6588,C,2003yCat.2246....0C,YSO,MIR|NIR|Y*O,,,,,,,,,,,,,,,,,,,,14.359,13.757,13.516,,,,,,,,
0.028188,SSTSL2 J165611.99-413523.2,254.049987,-41.589786,2MASS J16561199-4135232,254.0499960000,-41.5897900000,0.060,0.060,0,Y*?,1,16 56 11.99904,-41 35 23.2440,C,2003yCat.2246....0C,YSO_Candidate,MIR|NIR|Y*?,,,,,,,,,,,,,,,,,,,,13.851,12.407,11.566,,,,,,,,
0.053237,SSTSL2 J022659.08+724016.6,36.746175,72.671286,2MASS J02265909+7240166,36.7462190713,+72.6712928099,0.000,0.000,90,Or*,4,02 26 59.09258,+72 40 16.6541,A,2020yCat.1350....0G,OrionV*,*|Em*|MIR|NIR|Or*|Y*O,,,,,M1,,1.1656,0.1276,-1.598,-1.389,0.120,0.127,90,,,,21.276,19.646,18.415,15.167,14.428,14.152,,,,,,,,
0.465110,SSTSL2 J025125.09+601732.9,42.854556,60.292495,2MASS J02512502+6017329,42.8542964629,+60.2924827960,0.000,0.000,90,Y*O,6,02 51 25.03115,+60 17 32.9381,A,2020yCat.1350....0G,YSO,*|IR|NIR|Y*?|Y*O,,,,,G8.0,,0.5287,0.0581,-0.515,-0.442,0.052,0.048,90,,,,,,,14.732,13.639,12.967,,,16.870,,15.830,,,
0.083187,SSTSL2 J204156.37+393658.1,310.48489,39.616152,2MASS J20415638+3936580,310.4849005158,+39.6161303589,0.000,0.000,90,Y*?,2,20 41 56.37612,+39 36 58.0693,A,2020yCat.1350....0G,YSO_Candidate,*|MIR|NIR|Y*?,,,,,,,1.1296,0.1250,-1.584,-3.207,0.122,0.130,90,,,,,,,14.895,14.032,13.710,,,,,,,,
0.055897,SSTSL2 J205242.82+441910.4,313.17843,44.319562,2MASS J20524281+4419104,313.1784083333,+44.3195611111,0.060,0.060,90,Y*O,3,  20 52 42.818,  +44 19 10.42,C,2003yCat.2246....0C,YSO,NIR|Y*?|Y*O,,,,,K7.4,,,,,,,,,,,,,,,14.007,12.683,11.960,,,,,,,,
0.314501,SSTSL2 J205242.82+441910.4,313.17843,44.319562,Gaia DR3 2162951405781741568,313.1784614206,+44.3196464196,0.000,0.000,90,Or*,1,20 52 42.83074,+44 19 10.7271,A,2020yCat.1350....0G,OrionV*,*|Or*,,,,,,,1.4026,0.1554,-3.605,-3.658,0.178,0.185,90,,,,,,,,,,,,,,,,,
0.368066,SSTSL2 J224151.30+613315.5,340.463771,61.554321,2MASS J22415125+6133156,340.4635590000,+61.5543370000,0.070,0.060,4,Y*O,1,22 41 51.25416,+61 33 15.6132,C,2003yCat.2246....0C,YSO,MIR|NIR|Y*O,,,,,,,,,,,,,,,,,,,,14.556,13.707,13.343,,,,,,,,
0.219258,SSTSL2 J023141.65+730037.7,37.923565,73.010481,SSTSL2 J023141.65+730037.7,37.9236790710,+73.0105319752,0.000,0.000,90,Y*O,2,02 31 41.68298,+73 00 37.9151,A,2020yCat.1350....0G,YSO,*|MIR|Y*O,,,,,,,1.1175,0.1241,-1.281,-1.801,0.110,0.120,90,,,,,,,,,,,,,,,,,
0.206286,SSTSL2 J202002.46+384830.3,305.010287,38.808424,2MASS J20200245+3848304,305.0102260000,+38.8084560000,0.070,0.060,0,Y*?,1,20 20 02.45424,+38 48 30.4416,C,2003yCat.2246....0C,YSO_Candidate,MIR|NIR|Y*?,,,,,,,,,,,,,,,,,,,,14.732,13.826,13.213,,,,,,,,
0.340658,SSTSL2 J201803.90+390113.6,304.516261,39.020445,2MASS J20180389+3901132,304.5162470000,+39.0203510000,0.070,0.060,173,Y*?,1,20 18 03.89928,+39 01 13.2636,C,2003yCat.2246....0C,YSO_Candidate,MIR|NIR|Y*?,,,,,,,,,,,,,,,,,,,,14.654,13.850,13.381,,,,,,,,
0.070123,SSTSL2 J213946.80+573259.5,324.945004,57.549873,2MASS J21394680+5732596,324.9450250000,+57.5498888889,0.110,0.110,90,Y*O,2,  21 39 46.806,  +57 32 59.60,C,2003yCat.2246....0C,YSO,Em*|NIR|Y*O,,,,,,,,,,,,,,,,,,,,14.710,13.900,13.530,,,,16.980,,,,
0.230141,SSTSL2 J202446.87+420111.9,306.195307,42.019975,2MASS J20244686+4201117,306.1952865233,+42.0199129082,0.000,0.000,90,Y*?,2,20 24 46.86877,+42 01 11.6865,A,2020yCat.1350....0G,YSO_Candidate,*|Em*|MIR|NIR|Y*?,,,,,,,0.9356,0.1052,-1.747,-5.940,0.111,0.133,90,,,,,,,14.852,13.979,13.585,,,18.333,17.077,,,,
0.136004,SSTSL2 J061159.43+204135.6,92.997655,20.693237,Gaia DR3 3375115425824731776,92.9976216151,+20.6932582570,0.000,0.000,90,Em*,1,06 11 59.42919,+20 41 35.7297,A,2020yCat.1350....0G,EmLine*,*|Em*,,,,,,,0.5798,0.0655,-0.171,-2.322,0.080,0.063,90,,,,,,,,,,,,17.045,16.092,,,,
0.463951,SSTSL2 J053134.55+120631.2,82.893991,12.108674,2MASS J05313454+1206310,82.8939465429,+12.1085526767,0.000,0.000,90,*,7,05 31 34.54717,+12 06 30.7896,A,2020yCat.1350....0G,Star,*|MIR|NIR,27.300,2.600,0.0000911,0.0000087,,,2.4348,0.2751,0.745,-0.361,0.290,0.195,90,,,,,,,13.450,11.792,11.027,,,,,,,,
0.037886,SSTSL2 J224517.27+620353.2,341.321968,62.064791,2MASS J22451727+6203532,341.3219610000,+62.0647810000,0.060,0.060,17,Y*O,2,22 45 17.27064,+62 03 53.2116,C,2003yCat.2246....0C,YSO,MIR|NIR|Y*?|Y*O,,,,,,,,,,,,,,,,,,,,14.537,13.560,13.068,,,,,,,,
0.080421,SSTSL2 J175911.55-254933.4,269.798133,-25.825954,2MASS J17591155-2549337,269.7981198333,-25.8259729362,0.000,0.000,90,Y*?,2,17 59 11.54876,-25 49 33.5026,A,2020yCat.1350....0G,YSO_Candidate,*|MIR|NIR|Y*?,,,,,,,0.9339,0.1059,2.574,-1.893,0.164,0.092,90,,,,,,,13.901,12.460,11.638,,,,,,,,
0.243446,SSTSL2 J063205.09+045546.7,98.021216,4.929657,2MASS J06320507+0455468,98.0211596242,+4.9296946591,0.000,0.000,90,Or*,13,06 32 05.07831,+04 55 46.9008,A,2020yCat.1350....0G,OrionV*,*|IR|MIR|NIR|Or*|V*|X|Y*?|Y*O,33.393,0.775,0.0001114,0.0000026,,,0.7866,0.0893,-1.540,0.350,0.075,0.069,90,,,,18.640,18.160,17.010,14.684,13.457,12.551,,18.355,17.172,16.428,,,,
0.120492,SSTSL2 J060827.21-062411.9,92.113413,-6.403326,[OCG2023] 4229.0,92.1134067539,-6.4032931105,0.000,0.000,90,Y*O,2,06 08 27.21762,-06 24 11.8552,A,2020yCat.1350....0G,YSO,*|EB*|Em*|Y*O,,,,,M0e,,1.0748,0.1223,-3.381,0.677,0.137,0.132,90,,,,,,,,,,,,,,,,,
0.110626,SSTSL2 J054332.23-011255.6,85.884327,-1.215466,2MASS J05433223-0112558,85.8843207830,-1.2154960944,0.000,0.000,90,Y*O,3,05 43 32.23699,-01 12 55.7859,A,2020yCat.1350....0G,YSO,*|NIR|Y*O,,,,,,,2.4390,0.2779,0.824,-4.084,0.258,0.221,90,,,,,,,14.412,13.074,12.574,,,,,,,,
0.108810,SSTSL2 J061129.11-060949.4,92.871331,-6.163723,Gaia DR3 3019798038465199616,92.8713542591,-6.1637035373,0.000,0.000,90,*,2,06 11 29.12502,-06 09 49.3327,A,2020yCat.1350....0G,Star,*,,,,,,,1.1891,0.1363,-3.563,0.519,0.134,0.134,90,,,,,,,,,,,,,,,,,
0.197150,SSTSL2 J205441.00+442154.7,313.670845,44.365201,2MASS J20544099+4421548,313.6708635608,+44.3652541319,0.000,0.000,90,Or*,4,20 54 41.00725,+44 21 54.9149,A,2020yCat.1350....0G,OrionV*,*|NIR|Or*|Y*?|Y*O,,,,,K9.8,,1.4052,0.1617,-0.907,-3.008,0.177,0.162,90,,,,,,,14.685,13.390,12.807,,,,,,,,
0.202689,SSTSL2 J224413.22+610045.0,341.055112,61.012511,2MASS J22441320+6100449,341.0549958224,+61.0125112772,0.000,0.000,90,Y*O,3,22 44 13.19900,+61 00 45.0406,A,2020yCat.1350....0G,YSO,*|Em*|MIR|NIR|Y*?|Y*O,,,,,,,0.7482,0.0873,-2.868,-1.383,0.101,0.091,90,,,,,,,14.365,13.248,12.454,,,18.279,16.960,,,,
0.087575,SSTSL2 J205451.25+443229.0,313.713551,44.541412,2MASS J20545124+4432292,313.7135751746,+44.5414291724,0.000,0.000,90,Or*,6,20 54 51.25804,+44 32 29.1450,A,2020yCat.1350....0G,OrionV*,*|NIR|Or*|Y*?|Y*O,,,,,K7.6,,1.1735,0.1372,-0.625,-2.701,0.150,0.168,90,,,,,,,14.802,13.256,12.202,,,19.360,17.800,,,,
0.289697,SSTSL2 J230032.63+611755.2,345.135998,61.298693,Gaia DR3 2014763626637443200,345.1361654760,+61.2986956004,0.000,0.000,90,Em*,1,23 00 32.67971,+61 17 55.3042,A,2020yCat.1350....0G,EmLine*,*|Em*,,,,,,,0.8910,0.1042,-3.104,-3.001,0.119,0.098,90,,,,,,,,,,,,18.299,16.779,,,,
0.334331,SSTSL2 J203246.66+381209.9,308.194428,38.202761,2MASS J20324669+3812098,308.1945384603,+38.2027279833,0.000,0.000,90,Y*?,3,20 32 46.68923,+38 12 09.8207,A,2020yCat.1350....0G,YSO_Candidate,*|Em*|MIR|NIR|Y*?,,,,,,,0.8514,0.0999,-1.706,-3.996,0.097,0.131,90,,,,,,,14.716,13.692,13.209,,,18.544,17.069,,,,
0.329093,SSTSL2 J172653.52-333431.9,261.723007,-33.575533,2MASS J17265350-3334321,261.7229500000,-33.5756111111,0.080,0.080,90,Y*?,2,  17 26 53.508,  -33 34 32.20,C,2003yCat.2246....0C,YSO_Candidate,*|MIR|NIR|Y*?,,,,,,,,,,,,,,,,,,,,,14.047,12.813,,,,,,,,
0.087978,SSTSL2 J225947.10+613820.9,344.946264,61.639152,Gaia DR3 2206940357748217216,344.9462594090,+61.6391763407,0.000,0.000,90,Em*,1,22 59 47.10226,+61 38 21.0348,A,2020yCat.1350....0G,EmLine*,*|Em*,,,,,,,1.3283,0.1563,-0.897,-2.685,0.178,0.171,90,,,,,,,,,,,,19.048,17.380,,,,
0.339408,SSTSL2 J205353.56+442118.0,313.47319,44.355004,FHK 494,313.4732734244,+44.3550770106,0.000,0.000,90,Or*,5,20 53 53.58562,+44 21 18.2772,A,2020yCat.1350....0G,OrionV*,*|Or*|Y*?|Y*O,,,,,M5.4,,1.3140,0.1548,-1.283,-3.236,0.151,0.148,90,,,,,,,,,,,,,,,,,
0.173048,SSTSL2 J172820.11-322032.8,262.083795,-32.342463,2MASS J17282010-3220330,262.0838239372,-32.3425043872,0.000,0.000,90,Y*?,2,17 28 20.11774,-32 20 33.0158,A,2020yCat.1350....0G,YSO_Candidate,*|MIR|NIR|Y*?,,,,,,,0.8102,0.0958,1.252,-2.015,0.129,0.089,90,,,,,,,13.858,12.638,11.877,,,,,,,,
0.482011,SSTSL2 J054231.73-100526.5,85.63222,-10.090701,2MASS J05423177-1005263,85.6323531933,-10.0906739602,0.000,0.000,90,Y*O,5,05 42 31.76477,-10 05 26.4263,A,2020yCat.1350....0G,YSO,*|MIR|NIR|Y*O,,,,,,,1.8436,0.2196,-0.025,-0.506,0.209,0.196,90,,,,,,,14.191,12.894,11.882,,,,,,,,
0.255209,SSTSL2 J202404.07+385933.4,306.016988,38.992634,ZTF J202404.09+385933.5,306.0170650000,+38.9925960000,0.070,0.060,0,RS*,3,20 24 04.09560,+38 59 33.3456,C,2003yCat.2246....0C,RSCVnV*,MIR|NIR|RS*|Y*?,,,,,,,,,,,,,,,,,,,,13.927,13.041,12.607,,19.112,17.258,,,,,
0.085773,SSTSL2 J213842.24+573533.8,324.676004,57.59273,2MASS J21384224+5735339,324.6760250000,+57.5927510000,0.060,0.060,90,*,1,  21 38 42.246,  +57 35 33.90,C,2003yCat.2246....0C,Star,*|NIR,,,,,M4.0e,,,,,,,,,,,,,,,14.660,13.865,13.570,,,,,,,,
0.123398,SSTSL2 J213842.24+573533.8,324.676004,57.59273,Gaia DR3 2178401743180015872,324.6760631760,+57.5927169950,0.000,0.000,90,Or*,3,21 38 42.25516,+57 35 33.7812,A,2020yCat.1350....0G,OrionV*,*|Or*|Y*O,,,,,,,1.0850,0.1295,-2.318,-4.385,0.173,0.144,90,,,,,,,,,,,,,,,,,
0.090338,SSTSL2 J060717.57-060152.0,91.823244,-6.031128,2MASS J06071757-0601520,91.8232247051,-6.0311441717,0.000,0.000,90,Y*O,2,06 07 17.57393,-06 01 52.1190,A,2020yCat.1350....0G,YSO,*|NIR|Y*O,,,,,,,1.1363,0.1362,-1.987,0.320,0.148,0.130,90,,,,,,,14.360,13.179,12.516,,,,,,,,
0.209762,SSTSL2 J214502.97+474229.2,326.262375,47.708137,2MASS J21450298+4742292,326.2624594809,+47.7081242182,0.000,0.000,90,Y*?,3,21 45 02.99028,+47 42 29.2472,A,2020yCat.1350....0G,YSO_Candidate,*|NIR|Y*?,,,,,,,1.4219,0.1705,-3.079,-3.426,0.182,0.172,90,,,,,,,14.423,13.089,12.465,,,,,,,,
0.362650,SSTSL2 J025052.71+602123.4,42.719656,60.356525,2MASS J02505266+6021233,42.7194524845,+60.3565210621,0.000,0.000,90,Y*?,1,02 50 52.66860,+60 21 23.4758,A,2020yCat.1350....0G,YSO_Candidate,*|IR|NIR|Y*?,,,,,,,1.5386,0.1848,-0.073,-1.289,0.176,0.153,90,,,,,,,15.112,14.138,13.651,,,,,,,,
0.144105,SSTSL2 J205241.57+443719.8,313.173213,44.622168,2MASS J20524157+4437196,313.1732227593,+44.6221285782,0.000,0.000,90,Or*,4,20 52 41.57346,+44 37 19.6629,A,2020yCat.1350....0G,OrionV*,*|NIR|Or*|Y*?|Y*O,,,,,M4.6,,1.1888,0.1428,-1.806,-3.157,0.150,0.163,90,,,,,,,14.005,12.902,12.390,,,,,,,,
0.079045,SSTSL2 J225235.07+623303.6,343.146128,62.551027,2MASS J22523508+6233037,343.1461718145,+62.5510356139,0.000,0.000,90,Y*O,1,22 52 35.08124,+62 33 03.7282,A,2020yCat.1350....0G,YSO,*|NIR|Y*O,,,,,,,1.5770,0.1899,-2.285,-2.742,0.203,0.198,90,,,,,22.510,,15.301,13.988,13.515,,,,,,,,
0.017393,SSTSL2 J194854.77+242021.4,297.228228,24.339281,2MASS J19485476+2420214,297.2282227268,+24.3392815088,0.000,0.000,90,Y*?,2,19 48 54.77345,+24 20 21.4134,A,2020yCat.1350....0G,YSO_Candidate,*|Em*|MIR|NIR|Y*?,,,,,,,0.7603,0.0916,0.413,-4.990,0.073,0.097,90,,,,,,,14.251,13.282,12.889,,,17.849,16.338,,,,
0.226146,SSTSL2 J201946.25+390157.1,304.942716,39.032545,2MASS J20194623+3901573,304.9426628779,+39.0325923643,0.000,0.000,90,Y*?,2,20 19 46.23909,+39 01 57.3325,A,2020yCat.1350....0G,YSO_Candidate,*|Em*|MIR|NIR|Y*?,,,,,,,0.7568,0.0912,-2.174,-3.794,0.091,0.107,90,,,,,,,14.987,14.000,13.551,,,18.105,16.893,,,,
0.327823,SSTSL2 J060834.50+140131.5,92.143791,14.025419,Cl* NGC 2169    JON      31,92.1437080774,+14.0254616616,0.000,0.000,90,*,5,06 08 34.48994,+14 01 31.6620,A,2020yCat.1350....0G,Star,*|NIR,13.400,2.300,0.0000447,0.0000077,M3.5,,1.0303,0.1250,-1.253,-1.604,0.147,0.112,90,,,,,,18.044,14.874,14.101,13.799,,20.020,18.678,17.099,,,,
0.206836,SSTSL2 J225421.62+623713.3,343.590104,62.620381,2MASS J22542166+6237133,343.5902242796,+62.6203654659,0.000,0.000,90,Y*O,1,22 54 21.65383,+62 37 13.3157,A,2020yCat.1350....0G,YSO,*|NIR|Y*O,,,,,,,1.2901,0.1570,-1.137,-2.385,0.185,0.181,90,,,,,20.370,,14.960,13.796,13.249,,,,,,,,
0.295274,SSTSL2 J223702.71+594835.7,339.261297,59.809943,2MASS J22370268+5948359,339.2611760000,+59.8099980000,0.110,0.060,89,Y*O,1,22 37 02.68224,+59 48 35.9928,C,2003yCat.2246....0C,YSO,MIR|NIR|Y*O,,,,,,,,,,,,,,,,,,,,15.100,14.481,14.332,,,,,,,,
0.055197,SSTSL2 J063132.86+045949.5,97.886927,4.997087,2MASS J06313286+0459494,97.8869423910,+4.9970869511,0.000,0.000,90,Or*,16,06 31 32.86617,+04 59 49.5130,A,2020yCat.1350....0G,OrionV*,*|IR|NIR|Or*|V*|X|Y*O,32.980,0.690,0.0001100,0.0000023,,,0.7389,0.0904,-1.903,0.642,0.110,0.088,90,,,,18.430,19.590,15.900,14.692,13.605,12.884,,18.006,16.707,15.933,,,,
0.113059,SSTSL2 J225745.61+622716.0,344.440061,62.454452,2MASS J22574562+6227160,344.4401053836,+62.4544282303,0.000,0.000,90,Y*O,1,22 57 45.62529,+62 27 15.9416,A,2020yCat.1350....0G,YSO,*|NIR|Y*O,,,,,,,1.3953,0.1713,-2.672,-2.546,0.217,0.169,90,,,,,,,15.055,14.051,13.522,,,,,,,,
0.268499,SSTSL2 J010246.53-715127.8,15.693879,-71.857733,2MASS J01024646-7151279,15.6936582883,-71.8577619751,0.000,0.000,90,Em*,1,01 02 46.47799,-71 51 27.9431,A,2020yCat.1350....0G,EmLine*,*|Em*|MIR|NIR,,,,,,,0.6477,0.0797,12.317,1.742,0.093,0.090,90,,,,,,,16.330,15.360,,,,,,,,,
0.343855,SSTSL2 J201823.05+385816.2,304.596046,38.971172,Gaia DR3 2061356909338574848,304.5959679438,+38.9710982409,0.000,0.000,90,Em*,1,20 18 23.03231,+38 58 15.9537,A,2020yCat.1350....0G,EmLine*,*|Em*,,,,,,,0.6917,0.0856,-3.887,-4.995,0.086,0.093,90,,,,,,,,,,,,17.901,16.869,,,,
0.224780,SSTSL2 J202424.17+383208.8,306.100727,38.535802,Gaia DR3 2061142027832243072,306.1008068171,+38.5358027471,0.000,0.000,90,*,1,20 24 24.19364,+38 32 08.8899,A,2020yCat.1350....0G,Star,*,,,,,,,1.1417,0.1418,-1.727,-3.931,0.153,0.137,90,,,,,,,,,,,,,,,,,
0.584675,SSTSL2 J205357.52+435647.6,313.489676,43.946558,2MASS J20535754+4356476,313.4899011438,+43.9465479849,0.000,0.000,90,Y*O,3,20 53 57.57627,+43 56 47.5727,A,2020yCat.1350....0G,YSO,*|NIR|Y*?|Y*O,,,,,F7.3,,0.7538,0.0938,-4.993,-2.368,0.099,0.117,90,,,,,,,14.628,13.720,12.969,,,,,,,,
0.269706,SSTSL2 J205206.73+443354.9,313.028077,44.56527,2MASS J20520675+4433549,313.0281781280,+44.5652905358,0.000,0.000,90,Or*,5,20 52 06.76275,+44 33 55.0459,A,2020yCat.1350....0G,OrionV*,*|NIR|Or*|Y*?|Y*O,,,,,M2.0,,1.3348,0.1665,-1.429,-2.684,0.167,0.197,90,,,,,,,15.154,13.657,12.701,,,,,,,,
0.095989,SSTSL2 J202142.94+385207.3,305.428933,38.8687,Gaia DR3 2061202565387516544,305.4289033403,+38.8686866706,0.000,0.000,90,Em*,1,20 21 42.93680,+38 52 07.2720,A,2020yCat.1350....0G,EmLine*,*|Em*,,,,,,,0.6317,0.0795,-3.326,-5.470,0.088,0.089,90,,,,,,,,,,,,17.868,16.772,,,,
0.129470,SSTSL2 J205253.24+444017.3,313.221848,44.671499,2MASS J20525324+4440175,313.2218398105,+44.6715344892,0.000,0.000,90,Y*O,3,20 52 53.24155,+44 40 17.5242,A,2020yCat.1350....0G,YSO,*|NIR|Y*?|Y*O,,,,,,,1.1861,0.1495,-1.447,-2.884,0.153,0.176,90,,,,,,,14.719,13.230,12.254,,,,,,,,
0.186764,SSTSL2 J230132.49+624900.3,345.385401,62.816752,ZTF J230132.46+624900.4,345.3852875741,+62.8167545267,0.000,0.000,90,LP*,2,23 01 32.46902,+62 49 00.3163,A,2020yCat.1350....0G,LongPeriodV*,*|LP*|NIR,,,,,,,1.2719,0.1604,-0.150,-2.319,0.165,0.174,90,,,,,,,15.061,13.992,13.613,,21.443,19.162,,,,,
0.350216,SSTSL2 J022845.94+723830.8,37.191453,72.641914,SSTSL2 J022845.94+723830.8,37.1911429022,+72.6418839214,0.000,0.000,90,Y*O,2,02 28 45.87430,+72 38 30.7821,A,2020yCat.1350....0G,YSO,*|MIR|Y*O,,,,,,,1.0220,0.1289,-1.223,-1.504,0.130,0.146,90,,,,,,,,,,,,,,,,,
0.724296,SSTSL2 J202331.74+393730.5,305.882291,39.625139,ZTF J202331.78+393731.1,305.8824355644,+39.6253065717,0.000,0.000,90,LP*,6,20 23 31.78454,+39 37 31.1037,A,2020yCat.1350....0G,LongPeriodV*,*|LP*|MIR|NIR|Y*?,-6.969,0.117,-0.0000232,0.0000004,,,0.6044,0.0764,-2.825,-4.857,0.083,0.096,90,,,,,,,14.045,13.074,12.608,,19.973,18.097,,,,,
0.386073,SSTSL2 J201746.67+415131.1,304.4445,41.858645,ZTF J201746.67+415131.5,304.4445069299,+41.8587521182,0.000,0.000,90,RS*,3,20 17 46.68166,+41 51 31.5076,A,2020yCat.1350....0G,RSCVnV*,*|Em*|RS*,,,,,,,0.6052,0.0766,-3.791,-4.447,0.082,0.091,90,,,,,,,,,,,19.448,17.846,16.592,,,,
0.231975,SSTSL2 J175928.88-253513.9,269.870374,-25.587208,2MASS J17592887-2535139,269.8703028467,-25.5872138076,0.000,0.000,90,Y*?,1,17 59 28.87268,-25 35 13.9697,A,2020yCat.1350....0G,YSO_Candidate,*|NIR|Y*?,,,,,,,0.9652,0.1244,1.828,-1.703,0.141,0.084,90,,,,,,,13.889,12.626,11.928,,,,,,,,
0.232997,SSTSL2 J202257.96+383920.2,305.741523,38.655639,2MASS J20225798+3839201,305.7415910000,+38.6556020000,0.060,0.060,0,Y*?,1,20 22 57.98184,+38 39 20.1672,C,2003yCat.2246....0C,YSO_Candidate,MIR|NIR|Y*?,,,,,,,,,,,,,,,,,,,,14.929,13.857,13.187,,,,,,,,
0.250547,SSTSL2 J202147.18+403233.1,305.446587,40.54254,2MASS J20214716+4032330,305.4465373610,+40.5424815130,0.000,0.000,90,Y*?,2,20 21 47.16897,+40 32 32.9334,A,2020yCat.1350....0G,YSO_Candidate,*|MIR|NIR|Y*?,,,,,,,0.8875,0.1150,-3.227,-6.774,0.111,0.157,90,,,,,,,14.471,13.213,12.556,,,,,,,,
0.088240,SSTSL2 J225121.09+623107.9,342.837896,62.518861,2MASS J22512110+6231078,342.8379480000,+62.5188560000,0.060,0.060,0,Y*O,1,  22 51 21.108,  +62 31 07.88,C,2003yCat.2246....0C,YSO,NIR|Y*O,,,,,,,,,,,,,,,,,,,,14.619,13.584,13.161,,,,,,,,
0.305953,SSTSL2 J224119.36+612923.0,340.330676,61.489736,Gaia DR3 2201118443682209664,340.3305325334,+61.4896856671,0.000,0.000,90,Em*,1,22 41 19.32781,+61 29 22.8684,A,2020yCat.1350....0G,EmLine*,*|Em*,,,,,,,1.1202,0.1456,-0.063,-2.680,0.184,0.159,90,,,,,,,,,,,,19.249,17.472,,,,
0.227793,SSTSL2 J202239.09+390408.0,305.662895,39.068912,ZTF J202239.07+390408.1,305.6628140000,+39.0689050000,0.100,0.080,0,RS*,3,20 22 39.07536,+39 04 08.0580,C,2003yCat.2246....0C,RSCVnV*,MIR|NIR|RS*|Y*?,,,,,,,,,,,,,,,,,,,,14.380,13.443,12.471,,19.895,17.917,,,,,
0.073020,SSTSL2 J225840.47+625858.9,344.668626,62.983044,2MASS J22584046+6258589,344.6685933285,+62.9830301741,0.000,0.000,90,Y*O,1,22 58 40.46240,+62 58 58.9086,A,2020yCat.1350....0G,YSO,*|NIR|Y*O,,,,,,,1.1785,0.1536,-1.161,-2.200,0.180,0.167,90,,,,,,,15.613,14.507,14.218,,,,,,,,
0.306644,SSTSL2 J201948.93+385705.7,304.953908,38.951605,2MASS J20194891+3857055,304.9538290000,+38.9515460000,0.060,0.060,0,Y*?,1,20 19 48.91896,+38 57 05.5656,C,2003yCat.2246....0C,YSO_Candidate,MIR|NIR|Y*?,,,,,,,,,,,,,,,,,,,,14.830,13.761,13.115,,,,,,,,
0.065806,SSTSL2 J224607.84+620436.9,341.532697,62.076924,2MASS J22460786+6204370,341.5327324697,+62.0769316321,0.000,0.000,90,Y*O,2,22 46 07.85579,+62 04 36.9539,A,2020yCat.1350....0G,YSO,*|MIR|NIR|Y*?|Y*O,,,,,,,1.2222,0.1601,-0.786,-3.130,0.190,0.174,90,,,,,,,14.650,13.170,12.430,,,,,,,,
0.138672,SSTSL2 J202635.08+392457.9,306.64617,39.416098,2MASS J20263509+3924580,306.6462090000,+39.4161220000,0.060,0.060,0,Y*?,1,20 26 35.09016,+39 24 58.0392,C,2003yCat.2246....0C,YSO_Candidate,MIR|NIR|Y*?,,,,,,,,,,,,,,,,,,,,14.963,13.637,12.818,,,,,,,,
0.311762,SSTSL2 J230036.06+625308.3,345.150281,62.885641,ZTF J230036.02+625308.7,345.1501691483,+62.8857110060,0.000,0.000,90,LP*,1,23 00 36.04060,+62 53 08.5596,A,2020yCat.1350....0G,LongPeriodV*,*|LP*|NIR,,,,,,,1.3076,0.1719,-1.388,-2.790,0.187,0.197,90,,,,,,,15.331,13.986,13.493,,,19.827,,,,,
0.391985,SSTSL2 J202023.16+385442.5,305.09651,38.911821,2MASS J20202313+3854427,305.0963820000,+38.9118650000,0.070,0.060,0,Y*?,1,20 20 23.13168,+38 54 42.7140,C,2003yCat.2246....0C,YSO_Candidate,MIR|NIR|Y*?,,,,,,,,,,,,,,,,,,,,14.184,13.290,12.828,,,,,,,,
0.104883,SSTSL2 J063119.11+102246.4,97.829644,10.379561,[GMM2009] VY Mon 41,97.8296261161,+10.3795842238,0.000,0.000,90,Y*O,3,06 31 19.11027,+10 22 46.5032,A,2020yCat.1350....0G,YSO,*|Em*|NIR|Y*O,,,,,,,1.4889,0.1968,-2.261,-4.583,0.174,0.143,90,,,,,,,14.370,12.808,11.911,,,19.092,17.585,,,,
0.102203,SSTSL2 J224926.74+610723.0,342.361443,61.123071,2MASS J22492673+6107230,342.3613898179,+61.1230589026,0.000,0.000,90,Y*O,3,22 49 26.73356,+61 07 23.0120,A,2020yCat.1350....0G,YSO,*|MIR|NIR|Y*?|Y*O,,,,,,,1.1676,0.1547,-0.535,-3.023,0.164,0.148,90,,,,,,,14.837,13.749,13.273,,,,,,,,
0.058745,SSTSL2 J202445.55+391126.4,306.189794,39.190672,2MASS J20244554+3911263,306.1897730478,+39.1906703952,0.000,0.000,90,Y*?,4,20 24 45.54553,+39 11 26.4134,A,2020yCat.1350....0G,YSO_Candidate,*|MIR|NIR|Y*?,-13.482,0.152,-0.0000450,0.0000005,,,0.9084,0.1208,-1.642,-3.371,0.115,0.131,90,,,,,,,14.293,13.145,12.644,,,,,,,,
0.047696,SSTSL2 J060941.35+204337.2,92.422295,20.727006,2MASS J06094135+2043371,92.4222999497,+20.7269935862,0.000,0.000,90,Y*O,3,06 09 41.35199,+20 43 37.1769,A,2020yCat.1350....0G,YSO,*|Em*|NIR|Y*?|Y*O,,,,,,,0.5854,0.0779,0.394,-2.001,0.098,0.073,90,,,,,,,14.568,13.661,12.957,,,17.060,16.146,,,,
0.014669,SSTSL2 J060830.80-061923.1,92.128372,-6.323095,[OCG2023] 2704.0,92.1283720242,-6.3230909254,0.000,0.000,90,Y*O,2,06 08 30.80929,-06 19 23.1273,A,2020yCat.1350....0G,YSO,*|Em*|Y*O,,,,,M4e,,1.0523,0.1401,-3.127,0.831,0.145,0.139,90,,,,,,,,,,,,,,,,,
0.426169,SSTSL2 J025502.24+604017.5,43.759351,60.671545,2MASS J02550220+6040174,43.7591220395,+60.6715070977,0.000,0.000,90,Y*O,4,02 55 02.18929,+60 40 17.4256,A,2020yCat.1350....0G,YSO,*|Em*|IR|NIR|Y*?|Y*O,-24.153,3.730,-0.0000806,0.0000124,F5.0,,0.5036,0.0671,-0.607,0.528,0.058,0.056,90,,,,,,,14.505,13.731,13.193,,,16.904,16.075,16.160,,,
0.171219,SSTSL2 J172825.57-323022.4,262.106565,-32.506229,2MASS J17282558-3230223,262.1066150000,-32.5062070000,0.060,0.060,90,Y*?,1,17 28 25.58760,-32 30 22.3452,C,2003yCat.2246....0C,YSO_Candidate,MIR|NIR|Y*?,,,,,,,,,,,,,,,,,,,,13.915,12.609,11.659,,,,,,,,
0.166717,SSTSL2 J224830.79+611417.9,342.128297,61.238317,2MASS J22483076+6114179,342.1282007605,+61.2383164736,0.000,0.000,90,Y*O,3,22 48 30.76818,+61 14 17.9393,A,2020yCat.1350....0G,YSO,*|MIR|NIR|Y*O,,,,,M5,,1.1126,0.1502,-0.407,-2.691,0.173,0.154,90,,,,,,,14.960,13.970,13.458,,,19.650,17.581,,,,
0.046174,SSTSL2 J084620.02-434210.8,131.583432,-43.703012,2MASS J08462002-4342108,131.5834496896,-43.7030129814,0.000,0.000,90,Y*O,3,08 46 20.02793,-43 42 10.8467,A,2020yCat.1350....0G,YSO,*|IR|MIR|NIR|Y*?|Y*O,,,,,,,1.9894,0.2686,-2.626,4.439,0.270,0.309,90,,,,,,,15.094,13.821,13.099,,,,,,,,
0.254980,SSTSL2 J224759.12+615126.2,341.996339,61.857305,2MASS J22475908+6151264,341.9962020000,+61.8573340000,0.060,0.060,90,Y*O,1,22 47 59.08848,+61 51 26.4024,C,2003yCat.2246....0C,YSO,MIR|NIR|Y*O,,,,,,,,,,,,,,,,,,,,14.510,13.505,13.095,,,,,,,,
0.425557,SSTSL2 J221734.33+611408.4,334.393076,61.23569,2MASS J22173433+6114089,334.3930839718,+61.2358081481,0.000,0.000,90,Em*,2,22 17 34.34015,+61 14 08.9093,A,2020yCat.1350....0G,EmLine*,*|Em*|NIR,,,,,,,1.2134,0.1650,-0.203,-2.418,0.186,0.172,90,,,,,,,15.277,14.063,13.394,,,19.511,17.908,,,,
0.024771,SSTSL2 J202142.91+412752.2,305.428822,41.464526,2MASS J20214292+4127523,305.4288291612,+41.4645303068,0.000,0.000,90,Y*?,2,20 21 42.91900,+41 27 52.3091,A,2020yCat.1350....0G,YSO_Candidate,*|Em*|MIR|NIR|Y*?,,,,,,,0.7281,0.0990,-2.752,-2.886,0.107,0.119,90,,,,,,,14.168,13.241,12.789,,,18.318,16.895,,,,
0.158962,SSTSL2 J174905.43-312417.0,267.272666,-31.404744,2MASS J17490544-3124170,267.2727177258,-31.4047448227,0.000,0.000,90,Y*?,2,17 49 05.45225,-31 24 17.0814,A,2020yCat.1350....0G,YSO_Candidate,*|MIR|NIR|X|Y*?,,,,,,,1.3300,0.1819,-1.489,-1.106,0.182,0.112,90,,,,,,,13.818,12.915,12.483,,,17.890,16.450,,,,
0.183913,SSTSL2 J181134.26-202725.5,272.892766,-20.457109,2MASS J18113425-2027256,272.8927130000,-20.4571210000,0.060,0.060,0,Y*?,1,18 11 34.25112,-20 27 25.6356,C,2003yCat.2246....0C,YSO_Candidate,MIR|NIR|Y*?,,,,,,,,,,,,,,,,,,,,13.576,12.180,11.404,,,,,,,,
0.811003,SSTSL2 J201642.25+390725.1,304.176046,39.123655,2MASS J20164220+3907245,304.1758600000,+39.1234820000,0.060,0.060,135,Y*?,1,20 16 42.20640,+39 07 24.5352,C,2003yCat.2246....0C,YSO_Candidate,MIR|NIR|Y*?,,,,,,,,,,,,,,,,,,,,14.525,13.230,12.431,,,,,,,,
0.102399,SSTSL2 J130737.57-615631.7,196.90657,-61.942151,2MASS J13073758-6156316,196.9066130000,-61.9421310000,0.060,0.060,90,Y*?,1,13 07 37.58712,-61 56 31.6716,C,2003yCat.2246....0C,YSO_Candidate,MIR|NIR|Y*?,,,,,,,,,,,,,,,,,,,,14.675,13.725,13.218,,,,,,,,
0.168089,SSTSL2 J221503.18+590746.2,333.763268,59.129514,2MASS J22150317+5907461,333.7631776478,+59.1295084436,0.000,0.000,90,Y*O,3,22 15 03.16264,+59 07 46.2304,A,2020yCat.1350....0G,YSO,*|Em*|MIR|NIR|Y*?|Y*O,,,,,,,0.5591,0.0790,-3.813,-3.004,0.090,0.091,90,,,,,,,14.464,13.475,12.930,,,18.024,16.683,,,,
0.074350,SSTSL2 J205047.46+444351.8,312.697788,44.731082,ZTF J205047.46+444351.9,312.6978152198,+44.7310892527,0.000,0.000,90,LP*,3,20 50 47.47565,+44 43 51.9213,A,2020yCat.1350....0G,LongPeriodV*,*|LP*|NIR|Y*?|Y*O,,,,,,,1.3116,0.1853,-1.510,-2.994,0.195,0.205,90,,,,,,,13.865,12.497,11.840,,,19.509,,,,,
0.134196,SSTSL2 J205929.59+441047.7,314.873309,44.179924,2MASS J20592957+4410478,314.8732663653,+44.1799453229,0.000,0.000,90,Or*,5,20 59 29.58393,+44 10 47.8032,A,2020yCat.1350....0G,OrionV*,*|NIR|Or*|Y*?|Y*O,,,,,M1.4,,0.9916,0.1405,-2.678,-3.307,0.151,0.162,90,,,,,,,14.590,13.496,13.007,,,,,,,,
0.435984,SSTSL2 J025219.25+602348.2,43.080239,60.396732,2MASS J02521920+6023481,43.0800041667,+60.3966972222,0.070,0.070,90,Y*?,3,  02 52 19.201,  +60 23 48.11,C,2003yCat.2246....0C,YSO_Candidate,IR|NIR|Y*?,,,,,K7.5,,,,,,,,,,,,,,,15.480,14.562,13.835,,,18.870,,17.310,,,
0.169495,SSTSL2 J202354.18+380401.2,305.975769,38.067006,2MASS J20235417+3804010,305.9757290000,+38.0669710000,0.070,0.060,173,Y*?,1,20 23 54.17496,+38 04 01.0956,C,2003yCat.2246....0C,YSO_Candidate,MIR|NIR|Y*?,,,,,,,,,,,,,,,,,,,,14.553,13.628,12.974,,,,,,,,
0.096684,SSTSL2 J063705.97+042537.2,99.274883,4.427006,WISE J063705.96+042537.2,99.2748581709,+4.4270164146,0.000,0.000,90,MIR,2,06 37 05.96596,+04 25 37.2591,A,2020yCat.1350....0G,MidIR,*|MIR,,,,,,,0.9856,0.1406,-1.481,-1.784,0.151,0.124,90,,,,,,,,,,,,,,,,,
0.284265,SSTSL2 J021946.78+571132.9,34.944942,57.192492,2MASS J02194674+5711330,34.9448032934,+57.1925162275,0.000,0.000,90,*,3,02 19 46.75279,+57 11 33.0584,A,2020yCat.1350....0G,Star,*|NIR,,,,,G1.1V,,0.4861,0.0695,-0.678,-1.135,0.057,0.067,90,,,,,17.743,,15.115,14.642,14.510,,,,,,,,
0.220022,SSTSL2 J183710.88-091251.8,279.295371,-9.2144,2MASS J18371088-0912516,279.2953440000,-9.2143450000,0.060,0.060,90,Y*?,1,18 37 10.88256,-09 12 51.6420,C,2003yCat.2246....0C,YSO_Candidate,MIR|NIR|Y*?,,,,,,,,,,,,,,,,,,,,14.103,13.083,12.472,,,,,,,,
0.084064,SSTSL2 J205303.05+443712.2,313.26275,44.62007,2MASS J20530305+4437122,313.2627821034,+44.6200748091,0.000,0.000,90,Y*O,3,20 53 03.06770,+44 37 12.2693,A,2020yCat.1350....0G,YSO,*|NIR|Y*?|Y*O,,,,,,,1.1839,0.1710,-1.294,-2.266,0.176,0.222,90,,,,,,,14.877,13.594,12.944,,,,,,,,
0.103934,SSTSL2 J202319.29+380457.7,305.830389,38.082708,2MASS J20231928+3804577,305.8303533792,+38.0827011156,0.000,0.000,90,Y*?,3,20 23 19.28481,+38 04 57.7240,A,2020yCat.1350....0G,YSO_Candidate,*|MIR|NIR|Y*?,-14.395,0.119,-0.0000480,0.0000004,,,0.8950,0.1294,-1.356,-4.174,0.135,0.143,90,,,,,,,14.070,12.709,12.066,,,,,,,,
0.037636,SSTSL2 J202432.04+390330.5,306.133513,39.058482,2MASS J20243204+3903305,306.1335030000,+39.0584750000,0.070,0.060,0,Y*?,1,20 24 32.04072,+39 03 30.5100,C,2003yCat.2246....0C,YSO_Candidate,MIR|NIR|Y*?,,,,,,,,,,,,,,,,,,,,14.340,13.181,12.541,,,,,,,,
0.547795,SSTSL2 J201920.37+392827.2,304.834884,39.474247,2MASS J20192032+3928271,304.8346900000,+39.4742200000,0.060,0.060,0,Y*?,1,20 19 20.32560,+39 28 27.1920,C,2003yCat.2246....0C,YSO_Candidate,MIR|NIR|Y*?,,,,,,,,,,,,,,,,,,,,14.816,13.995,13.522,,,,,,,,
0.252119,SSTSL2 J021901.06+570341.2,34.754436,57.06147,2MASS J02190102+5703412,34.7543080526,+57.0614619606,0.000,0.000,90,*,2,02 19 01.03393,+57 03 41.2631,A,2020yCat.1350....0G,Star,*|NIR,,,,,G4.0V,,0.5424,0.0789,-5.635,-1.877,0.060,0.075,90,,,,,17.755,,15.270,14.774,14.650,,,,,,,,
0.323211,SSTSL2 J224056.00+613109.2,340.233358,61.519235,2MASS J22405596+6131093,340.2331698342,+61.5192319596,0.000,0.000,90,Y*O,3,22 40 55.96076,+61 31 09.2351,A,2020yCat.1350....0G,YSO,*|Em*|MIR|NIR|Y*?|Y*O,,,,,,,1.1555,0.1685,-0.533,-2.414,0.192,0.167,90,,,,,,,15.307,14.340,13.662,,,19.473,17.899,,,,
0.210136,SSTSL2 J084943.66-430550.4,132.431938,-43.097339,2MASS J08494366-4305506,132.4319290000,-43.0973970000,0.060,0.060,45,Y*?,1,08 49 43.66296,-43 05 50.6292,C,2003yCat.2246....0C,YSO_Candidate,MIR|NIR|Y*?,,,,,,,,,,,,,,,,,,,,15.033,14.257,13.850,,,,,,,,
0.265268,SSTSL2 J202127.77+385050.8,305.36573,38.847467,2MASS J20212775+3850509,305.3656410000,+38.8474920000,0.070,0.060,0,Y*?,1,20 21 27.75384,+38 50 50.9712,C,2003yCat.2246....0C,YSO_Candidate,MIR|NIR|Y*?,,,,,,,,,,,,,,,,,,,,14.965,14.152,13.751,,,,,,,,
0.042789,SSTSL2 J201827.60+414425.7,304.615037,41.740475,2MASS J20182760+4144256,304.6150220000,+41.7404710000,0.080,0.070,90,Y*?,1,20 18 27.60528,+41 44 25.6956,C,2003yCat.2246....0C,YSO_Candidate,MIR|NIR|Y*?,,,,,,,,,,,,,,,,,,,,14.223,13.079,12.471,,,,,,,,
0.060650,SSTSL2 J201901.69+410532.4,304.757065,41.092349,2MASS J20190169+4105325,304.7570720000,+41.0923650000,0.060,0.060,90,Y*?,1,20 19 01.69728,+41 05 32.5140,C,2003yCat.2246....0C,YSO_Candidate,MIR|NIR|Y*?,,,,,,,,,,,,,,,,,,,,14.948,13.798,13.153,,,,,,,,
0.193977,SSTSL2 J201725.09+415637.4,304.354543,41.94373,2MASS J20172508+4156372,304.3545160000,+41.9436800000,0.070,0.060,90,Y*?,1,20 17 25.08384,+41 56 37.2480,C,2003yCat.2246....0C,YSO_Candidate,MIR|NIR|Y*?,,,,,,,,,,,,,,,,,,,,14.565,13.441,12.845,,,,,,,,
0.272849,SSTSL2 J023126.87+724242.9,37.861989,72.711934,SSTSL2 J023126.87+724242.9,37.8619548497,+72.7120091089,0.000,0.000,90,Y*O,2,02 31 26.86916,+72 42 43.2328,A,2020yCat.1350....0G,YSO,*|MIR|Y*O,,,,,,,1.0305,0.1534,-1.637,-2.001,0.145,0.151,90,,,,,,,,,,,,,,,,,
0.204093,SSTSL2 J022722.72+730913.8,36.844676,73.153852,SSTSL2 J022722.72+730913.8,36.8445802548,+73.1539014381,0.000,0.000,90,Y*O,1,02 27 22.69926,+73 09 14.0452,A,2020yCat.1350....0G,YSO,*|MIR|Y*O,,,,,,,0.9691,0.1443,-1.759,-1.595,0.120,0.154,90,,,,,,,,,,,,,,,,,
0.195088,SSTSL2 J202101.75+404332.8,305.257296,40.725804,Gaia DR3 2068294965143245824,305.2572654785,+40.7258530067,0.000,0.000,90,Em*,1,20 21 01.74371,+40 43 33.0708,A,2020yCat.1350....0G,EmLine*,*|Em*,,,,,,,0.8095,0.1206,-1.715,-6.626,0.128,0.152,90,,,,,,,,,,,,18.915,17.276,,,,
0.041034,SSTSL2 J224638.24+620354.0,341.65937,62.065011,2MASS J22463823+6203540,341.6593551732,+62.0650019626,0.000,0.000,90,Y*O,2,22 46 38.24524,+62 03 54.0071,A,2020yCat.1350....0G,YSO,*|MIR|NIR|Y*O,,,,,,,1.0142,0.1512,-0.242,-3.310,0.162,0.154,90,,,,,,,14.746,13.330,12.438,,,,,,,,
0.129972,SSTSL2 J172935.76-323838.3,262.399011,-32.643999,2MASS J17293575-3238383,262.3989710000,-32.6439860000,0.060,0.060,45,Y*?,1,17 29 35.75304,-32 38 38.3496,C,2003yCat.2246....0C,YSO_Candidate,MIR|NIR|Y*?,,,,,,,,,,,,,,,,,,,,14.470,13.487,12.916,,,,,,,,
0.447393,SSTSL2 J164024.16-485443.0,250.10067,-48.911953,2MASS J16402411-4854430,250.1004879137,-48.9119865189,0.000,0.000,90,Or*,6,16 40 24.11710,-48 54 43.1515,A,2020yCat.1350....0G,OrionV*,*|NIR|Or*|X|Y*?,,,,,,,0.8267,0.1257,0.994,-4.563,0.145,0.099,90,,,,,,,14.313,13.224,12.481,,,,,,,,
0.146829,SSTSL2 J060752.78-063021.0,91.969953,-6.505857,CRTS J060752.7-063020,91.9699184571,-6.5058349637,0.000,0.000,90,EB*,3,06 07 52.78043,-06 30 21.0059,A,2020yCat.1350....0G,EclBin,*|EB*|NIR|V*|X,,,,,,,1.1089,0.1687,-2.689,1.045,0.138,0.143,90,,,,,16.950,,14.560,13.144,12.314,,,,,,,,
0.287812,SSTSL2 J154651.67-543456.7,236.71533,-54.582443,2MASS J15465171-5434567,236.7154640000,-54.5824240000,0.060,0.060,0,Y*?,1,15 46 51.71136,-54 34 56.7264,C,2003yCat.2246....0C,YSO_Candidate,MIR|NIR|Y*?,,,,,,,,,,,,,,,,,,,,15.621,14.574,14.027,,,,,,,,
0.127252,SSTSL2 J034620.18+323333.7,56.584109,32.559373,[HL2013] 056.58407+32.55936,56.5840700000,+32.5593600000,,,172,IR,1,   03 46 20.18,   +32 33 33.7,D,2013ApJS..205....5H,Infrared,IR|Y*?,,,,,,,,,,,,,,,,,,,,,,,,,,,,,,
0.106692,SSTSL2 J193845.58+203411.5,294.689952,20.569868,SPICY 105428,294.6899690000,+20.5698930000,0.300,0.300,90,Y*?,1,  19 38 45.593,  +20 34 11.61,C,2021ApJS..254...33K,YSO_Candidate,MIR|NIR|Y*?,,,,,,,,,,,,,,,,,,,,15.020,14.152,13.581,,,,,,,,
0.173803,SSTSL2 J174746.19+052614.0,266.942473,5.43724,GES J17474619+0526142,266.9424341234,+5.4372688618,0.000,0.000,90,*,7,17 47 46.18419,+05 26 14.1679,A,2020yCat.1350....0G,Star,*,-47.559,0.252,-0.0001586,0.0000008,,,1.0384,0.1588,2.172,-0.354,0.160,0.142,90,,,,,,,,,,,,,,,,,
0.409189,SSTSL2 J003718.44+402119.8,9.326864,40.355506,2MASS J00371845+4021195,9.3269238393,+40.3554018846,0.000,0.000,90,*,9,00 37 18.46172,+40 21 19.4468,A,2020yCat.1350....0G,Star,*|Gl?|NIR,-3.000,,-0.0000100,,,,0.7375,0.1142,-1.407,-2.666,0.101,0.087,90,,,,18.796,17.715,17.092,15.929,15.250,14.630,,,,,,,,
0.153403,SSTSL2 J172922.42-324941.1,262.343443,-32.828098,2MASS J17292241-3249412,262.3433960000,-32.8281140000,0.060,0.060,90,Y*?,1,17 29 22.41504,-32 49 41.2104,C,2003yCat.2246....0C,YSO_Candidate,MIR|NIR|Y*?,,,,,,,,,,,,,,,,,,,,14.502,13.479,12.954,,,,,,,,
0.261685,SSTSL2 J184014.88+003704.3,280.062002,0.617877,2MASS J18401486+0037042,280.0619444907,+0.6178325370,0.000,0.000,90,Y*O,4,18 40 14.86668,+00 37 04.1971,A,2020yCat.1350....0G,YSO,*|NIR|Y*?|Y*O,,,,,,,1.6009,0.2495,1.644,-6.959,0.296,0.287,90,,,,,,,14.270,12.866,12.328,,,,,,,,
0.204329,SSTSL2 J192850.05+184858.2,292.208581,18.816168,2MASS J19285006+1848583,292.2086130000,+18.8162160000,0.060,0.060,90,Y*?,1,19 28 50.06712,+18 48 58.3776,C,2003yCat.2246....0C,YSO_Candidate,MIR|NIR|Y*?,,,,,,,,,,,,,,,,,,,,14.464,13.359,12.755,,,,,,,,
0.170822,SSTSL2 J225252.59+593538.0,343.219158,59.593893,2MASS J22525262+5935379,343.2192510000,+59.5938870000,0.060,0.060,0,Y*O,1,22 52 52.62024,+59 35 37.9932,C,2003yCat.2246....0C,YSO,MIR|NIR|Y*O,,,,,,,,,,,,,,,,,,,,14.393,13.330,12.898,,,,,,,,
0.104802,SSTSL2 J202310.18+391800.7,305.792442,39.300209,Gaia DR3 2061238647418072448,305.7924064166,+39.3001995514,0.000,0.000,90,Em*,1,20 23 10.17754,+39 18 00.7184,A,2020yCat.1350....0G,EmLine*,*|Em*,,,,,,,0.4585,0.0725,-2.976,-5.015,0.070,0.080,90,,,,,,,,,,,,17.803,16.502,,,,
0.097228,SSTSL2 J162934.55-495813.9,247.39399,-49.970539,2MASS J16293455-4958138,247.3939910000,-49.9705120000,0.060,0.060,163,Y*?,1,16 29 34.55784,-49 58 13.8432,C,2003yCat.2246....0C,YSO_Candidate,MIR|NIR|Y*?,,,,,,,,,,,,,,,,,,,,14.214,13.046,12.461,,,,,,,,
0.178662,SSTSL2 J215912.32+582039.4,329.801359,58.3443,2MASS J21591232+5820396,329.8013440000,+58.3443490000,0.060,0.060,90,Y*O,2,21 59 12.32256,+58 20 39.6564,C,2003yCat.2246....0C,YSO,MIR|NIR|Y*?|Y*O,,,,,,,,,,,,,,,,,,,,15.647,14.798,14.124,,,,,,,,
0.298333,SSTSL2 J204142.36+394544.6,310.426515,39.762399,2MASS J20414234+3945444,310.4264380000,+39.7623410000,0.110,0.110,135,Y*?,1,20 41 42.34512,+39 45 44.4276,C,2003yCat.2246....0C,YSO_Candidate,MIR|NIR|Y*?,,,,,,,,,,,,,,,,,,,,,13.098,,,,,,,,,
0.210044,SSTSL2 J063139.60+045945.1,97.915027,4.995879,2MASS J06313961+0459450,97.9150824967,+4.9958603542,0.000,0.000,90,Or*,13,06 31 39.61980,+04 59 45.0973,A,2020yCat.1350....0G,OrionV*,*|IR|MIR|NIR|Or*|V*|X|Y*?|Y*O,30.404,0.150,0.0001014,0.0000005,,,1.3090,0.2115,-3.276,-0.053,0.200,0.183,90,,,,19.860,18.270,17.070,14.117,13.132,12.650,,18.897,17.382,16.275,,,,
0.204282,SSTSL2 J063654.05+040046.8,99.225242,4.013008,2MASS J06365407+0400468,99.2252939693,+4.0129849259,0.000,0.000,90,*,4,06 36 54.07055,+04 00 46.7457,A,2020yCat.1350....0G,Star,*|NIR,28.034,0.245,0.0000935,0.0000008,,,0.7322,0.1184,-1.897,-0.860,0.134,0.124,90,,,,,,,14.791,13.828,13.273,,,,,,,,
0.288742,SSTSL2 J230035.57+611730.3,345.148214,61.291769,Gaia DR3 2014763626637430400,345.1483541244,+61.2918126185,0.000,0.000,90,Pu*,1,23 00 35.60499,+61 17 30.5254,A,2020yCat.1350....0G,PulsV*,*|Pu*,,,,,,,0.7712,0.1272,-3.229,-2.910,0.145,0.116,90,,,,,,,,,,,20.235,18.591,,,,,
0.099595,SSTSL2 J060733.17-063104.5,91.888214,-6.517934,[OCG2023] 5824.0,91.8881892055,-6.5179214097,0.000,0.000,90,Y*O,1,06 07 33.16541,-06 31 04.5171,A,2020yCat.1350....0G,YSO,*|Em*|Y*O,,,,,M0e,,1.0239,0.1691,-2.849,1.489,0.159,0.155,90,,,,,,,,,,,,,,,,,
0.183740,SSTSL2 J045841.01-693433.5,74.670915,-69.575975,2MASS J04584098-6934335,74.6707833333,-69.5759972222,0.070,0.060,7,NIR,2,  04 58 40.988,  -69 34 33.59,C,2003yCat.2246....0C,NearIR,*|IR|NIR,243.000,8.000,0.0008109,0.0000267,,,,,,,,,,,,,18.380,17.189,16.050,14.605,13.782,13.660,,,,,,,,
0.431173,SSTSL2 J025425.67+604118.6,43.60698,60.688516,2MASS J02542560+6041185,43.6067355894,+60.6885106989,0.000,0.000,90,Y*?,1,02 54 25.61654,+60 41 18.6385,A,2020yCat.1350....0G,YSO_Candidate,*|IR|NIR|Y*?,,,,,,,1.2240,0.2037,-0.606,-1.706,0.177,0.174,90,,,,,,,15.020,13.930,13.394,,,,,,,,
0.139423,SSTSL2 J172842.50-322219.1,262.177084,-32.371979,2MASS J17284249-3222192,262.1770550000,-32.3720090000,0.060,0.060,45,Y*?,1,17 28 42.49320,-32 22 19.2324,C,2003yCat.2246....0C,YSO_Candidate,MIR|NIR|Y*?,,,,,,,,,,,,,,,,,,,,14.520,13.415,12.789,,,,,,,,
0.135443,SSTSL2 J224925.26+624827.1,342.355275,62.807546,2MASS J22492528+6248271,342.3553523630,+62.8075331299,0.000,0.000,90,Y*O,1,22 49 25.28457,+62 48 27.1193,A,2020yCat.1350....0G,YSO,*|NIR|Y*O,,,,,,,0.9767,0.1658,-1.654,-2.728,0.204,0.150,90,,,,,,,14.944,13.763,13.023,,,,,,,,
0.121707,SSTSL2 J194521.50+254736.3,296.339605,25.793442,2MASS J19452149+2547364,296.3395810000,+25.7934680000,0.070,0.060,90,Y*?,1,19 45 21.49944,+25 47 36.4848,C,2003yCat.2246....0C,YSO_Candidate,MIR|NIR|Y*?,,,,,,,,,,,,,,,,,,,,14.349,13.199,12.608,,,,,,,,
0.307160,SSTSL2 J064134.29-510614.4,100.39291,-51.104006,[WMO2009] Car-1331,100.3927755323,-51.1040182840,0.000,0.000,90,*,4,06 41 34.26613,-51 06 14.4658,A,2020yCat.1350....0G,Star,*|NIR,43.470,3.150,0.0001450,0.0000105,,,0.6117,0.1049,7.921,5.967,0.128,0.117,90,,,,19.425,18.536,,16.684,16.002,,,,,,,,,
0.131614,SSTSL2 J222354.94+634805.5,335.978948,63.801541,Gaia DR3 2205485192767627008,335.9788949235,+63.8015690629,0.000,0.000,90,*,1,22 23 54.93478,+63 48 05.6486,A,2020yCat.1350....0G,Star,*,,,,,,,1.1210,0.1927,-1.184,-2.336,0.223,0.215,90,,,,,,,,,,,,,,,,,
0.092888,SSTSL2 J063136.35+044417.3,97.901479,4.738157,2MASS J06313634+0444173,97.9014532160,+4.7381546595,0.000,0.000,90,Y*O,16,06 31 36.34877,+04 44 17.3568,A,2020yCat.1350....0G,YSO,*|Em*|NIR|Y*O,26.327,0.689,0.0000878,0.0000023,,,0.6541,0.1125,-1.988,-0.045,0.115,0.108,90,,,,,,,14.764,13.883,13.456,,19.186,17.554,16.477,,,,
0.303909,SSTSL2 J220618.78+580534.0,331.578274,58.092805,2MASS J22061874+5805342,331.5781240000,+58.0928340000,0.090,0.090,135,Y*O,1,22 06 18.74976,+58 05 34.2024,C,2003yCat.2246....0C,YSO,MIR|NIR|Y*O,,,,,,,,,,,,,,,,,,,,15.914,15.204,14.789,,,,,,,,
0.123910,SSTSL2 J202158.46+391719.2,305.493597,39.28869,ZTF J202158.45+391719.2,305.4935530000,+39.2886850000,0.080,0.080,135,LP*,2,20 21 58.45272,+39 17 19.2660,C,2003yCat.2246....0C,LongPeriodV*,*|LP*|MIR|NIR|Y*?,,,,,,,,,,,,,,,,,,,,14.063,12.952,12.313,,,17.891,,,,,
0.270450,SSTSL2 J052723.76-723221.5,81.849013,-72.539321,UCAC4 088-009833,81.8491448259,-72.5392571312,0.000,0.000,90,*,3,05 27 23.79476,-72 32 21.3257,A,2020yCat.1350....0G,Star,*|NIR,-7.642,0.035,-0.0000255,0.0000001,,,2.4206,0.4189,-6.936,-2.386,0.472,0.547,90,,,,13.951,13.023,12.839,11.273,10.783,10.655,,13.448,12.688,12.407,,,,
0.056735,SSTSL2 J063150.43+045150.2,97.96014,4.86395,ZTF J063150.42+045150.1,97.9601282484,+4.8639394518,0.000,0.000,90,RS*,11,06 31 50.43078,+04 51 50.1820,A,2020yCat.1350....0G,RSCVnV*,*|IR|NIR|Or*|RS*|V*|X|Y*O,,,,,,,0.5287,0.0916,-1.663,0.111,0.082,0.082,90,,,,19.270,17.765,16.470,14.224,13.339,12.796,,18.378,17.110,16.360,,,,
0.113579,SSTSL2 J172815.79-322037.2,262.065794,-32.343689,2MASS J17281579-3220373,262.0658290000,-32.3437000000,0.060,0.060,90,Y*?,1,17 28 15.79896,-32 20 37.3200,C,2003yCat.2246....0C,YSO_Candidate,MIR|NIR|Y*?,,,,,,,,,,,,,,,,,,,,14.260,12.804,11.970,,,,,,,,
0.387797,SSTSL2 J201820.03+391927.3,304.583471,39.324256,ZTF J201820.00+391927.0,304.5833630000,+39.3241880000,0.070,0.060,0,BY*,3,20 18 20.00712,+39 19 27.0768,C,2003yCat.2246....0C,BYDraV*,BY*|MIR|NIR|Y*?,,,,,,,,,,,,,,,,,,,,15.086,13.897,13.192,,20.492,18.569,,,,,
0.059734,SSTSL2 J202253.58+391446.4,305.72326,39.246236,2MASS J20225357+3914464,305.7232420000,+39.2462270000,0.080,0.060,0,Y*?,1,20 22 53.57808,+39 14 46.4172,C,2003yCat.2246....0C,YSO_Candidate,MIR|NIR|Y*?,,,,,,,,,,,,,,,,,,,,14.674,13.446,12.757,,,,,,,,
0.041824,SSTSL2 J193717.58+203558.8,294.323253,20.599688,2MASS J19371757+2035588,294.3232440000,+20.5996800000,0.060,0.060,45,Y*?,1,19 37 17.57856,+20 35 58.8480,C,2003yCat.2246....0C,YSO_Candidate,MIR|NIR|Y*?,,,,,,,,,,,,,,,,,,,,14.549,13.688,13.117,,,,,,,,
0.224574,SSTSL2 J025154.56+600826.6,42.977338,60.140725,2MASS J02515451+6008266,42.9772194669,+60.1407452182,0.000,0.000,90,Or*,6,02 51 54.53267,+60 08 26.6828,A,2020yCat.1350....0G,OrionV*,*|Em*|IR|NIR|Or*|Ro*|Y*?|Y*O,,,,,,,1.5803,0.2775,-0.937,-1.635,0.230,0.234,90,,,,20.497,18.837,,14.582,13.570,12.825,,,,,,,,
0.258075,SSTSL2 J025134.27+603546.9,42.892827,60.59638,2MASS J02513424+6035468,42.8927655131,+60.5963149783,0.000,0.000,90,Em*,4,02 51 34.26372,+60 35 46.7339,A,2020yCat.1350....0G,EmLine*,*|Em*|G|NIR,,,,,,,0.4207,0.0739,-0.545,-0.474,0.075,0.063,90,,,,,,,14.859,14.047,13.656,,,17.332,16.410,,,,
0.069024,SSTSL2 J204704.62+420710.6,311.769255,42.11962,2MASS J20470461+4207106,311.7692360000,+42.1196330000,0.060,0.060,90,Y*?,1,20 47 04.61664,+42 07 10.6788,C,2003yCat.2246....0C,YSO_Candidate,MIR|NIR|Y*?,,,,,,,,,,,,,,,,,,,,14.571,13.585,12.706,,,,,,,,
0.392732,SSTSL2 J032652.70+584124.2,51.719597,58.690083,ZTF J032652.72+584123.9,51.7197073933,+58.6899902098,0.000,0.000,90,RS*,3,03 26 52.72977,+58 41 23.9648,A,2020yCat.1350....0G,RSCVnV*,*|RS*|Y*O,,,,,,,1.1472,0.2022,0.278,-2.378,0.230,0.205,90,,,,,,,13.870,12.840,12.420,,20.065,17.751,,,,,
0.161546,SSTSL2 J164139.62-485640.6,250.415118,-48.944637,Gaia DR2 5937948898415733632,250.4151862801,-48.9446354039,0.000,0.000,90,*,3,16 41 39.64471,-48 56 40.6875,A,2020yCat.1350....0G,Star,*,,,,,,,0.7987,0.1413,1.576,-4.402,0.174,0.121,90,,,,,,,,,,,,,,,,,
0.040267,SSTSL2 J063155.60+045517.2,97.981677,4.921454,CXOU J063155.6+045517,97.9816783350,+4.9214651059,0.000,0.000,90,Or*,7,06 31 55.60280,+04 55 17.2744,A,2020yCat.1350....0G,OrionV*,*|IR|NIR|Or*|V*|X|Y*O,,,,,,,0.5740,0.1019,-1.584,0.375,0.090,0.083,90,,,,18.900,17.868,16.690,14.391,13.561,13.184,,18.434,17.090,16.291,,,,
0.417127,SSTSL2 J025418.60+603902.4,43.577519,60.650675,2MASS J02541853+6039024,43.5772826257,+60.6506767911,0.000,0.000,90,G,1,02 54 18.54783,+60 39 02.4364,A,2020yCat.1350....0G,Galaxy,*|G|NIR,,,,,,,0.5269,0.0939,-0.961,0.576,0.083,0.077,90,,,,,,,14.487,13.748,13.470,,,,,,,,
0.066794,SSTSL2 J045351.77-660837.1,73.465735,-66.143652,[KWV2015] J045351.77-660837.2,73.4657080000,-66.1436670000,,,172,*,1,  04 53 51.770,  -66 08 37.20,C,2015MNRAS.454.1468K,Star,*,,,,,,,,,,,,,,,,,,,18.110,16.353,15.607,15.186,,,,,,,,
0.300083,SSTSL2 J174828.73-311848.5,267.119709,-31.313478,2MASS J17482875-3118483,267.1197970000,-31.3134420000,0.060,0.060,45,Y*?,1,17 48 28.75128,-31 18 48.3912,C,2003yCat.2246....0C,YSO_Candidate,MIR|NIR|Y*?,,,,,,,,,,,,,,,,,,,,14.052,12.933,12.394,,,,,,,,
0.281653,SSTSL2 J202329.83+394717.8,305.874324,39.788288,2MASS J20232985+3947177,305.8744130000,+39.7882500000,0.070,0.060,0,Y*?,1,20 23 29.85912,+39 47 17.7000,C,2003yCat.2246....0C,YSO_Candidate,MIR|NIR|Y*?,,,,,,,,,,,,,,,,,,,,14.722,13.663,13.210,,,,,,,,
0.158851,SSTSL2 J025137.38+600626.6,42.905768,60.1074,2MASS J02513737+6006267,42.9058559887,+60.1073950922,0.000,0.000,90,Or*,10,02 51 37.40544,+60 06 26.6223,A,2020yCat.1350....0G,OrionV*,*|Em*|IR|NIR|Or*|Y*?|Y*O,,,,,K3.0,,0.5018,0.0903,-0.417,-0.815,0.083,0.072,90,,,,20.088,18.481,,14.550,13.530,12.940,,,17.750,,16.420,,,
0.108034,SSTSL2 J032622.76+585639.5,51.594855,58.944333,2MASS J03262278+5856395,51.5949124889,+58.9443375870,0.000,0.000,90,Y*O,1,03 26 22.77900,+58 56 39.6153,A,2020yCat.1350....0G,YSO,*|NIR|Y*O,,,,,,,0.9422,0.1698,-0.051,-1.395,0.183,0.174,90,,,,,,,14.880,13.940,13.430,,,,,,,,
0.904536,SSTSL2 J171848.04-361723.6,259.700191,-36.289905,2MASS J17184802-3617231,259.7000574363,-36.2896779722,0.000,0.000,90,Y*O,2,17 18 48.01378,-36 17 22.8407,A,2020yCat.1350....0G,YSO,*|MIR|NIR|Y*?|Y*O,,,,,,,0.5993,0.1083,-4.973,-5.511,0.117,0.095,90,,,,,,,14.092,12.918,11.834,,,,,,,,
0.136185,SSTSL2 J025817.78+610010.3,44.5741,61.002876,ZTF J025817.81+610010.2,44.5741773527,+61.0028809959,0.000,0.000,90,LP*,4,02 58 17.80256,+61 00 10.3716,A,2020yCat.1350....0G,LongPeriodV*,*|IR|LP*|NIR|Y*?|Y*O,,,,,,,0.6823,0.1237,-0.361,-0.194,0.108,0.106,90,,,,,,,15.031,14.068,13.383,,20.527,18.776,,,,,
0.420716,SSTSL2 J201832.72+400007.3,304.636374,40.002047,2MASS J20183275+4000070,304.6364910000,+40.0019720000,0.060,0.060,90,Y*?,1,20 18 32.75784,+40 00 07.0992,C,2003yCat.2246....0C,YSO_Candidate,MIR|NIR|Y*?,,,,,,,,,,,,,,,,,,,,14.791,13.790,13.162,,,,,,,,
0.448207,SSTSL2 J025206.56+601736.4,43.027366,60.29346,2MASS J02520650+6017363,43.0271229444,+60.2934284884,0.000,0.000,90,Y*O,4,02 52 06.50951,+60 17 36.3426,A,2020yCat.1350....0G,YSO,*|IR|NIR|Y*?|Y*O,,,,,M0.0,,0.6094,0.1116,-0.142,-0.550,0.102,0.092,90,,,,,,,14.857,14.037,13.730,,,18.210,,16.760,,,
0.038430,SSTSL2 J054609.60-000331.3,86.540035,-0.058695,2MASS J05460960-0003312,86.5400259270,-0.0586893755,0.000,0.000,90,Or*,8,05 46 09.60622,-00 03 31.2818,A,2020yCat.1350....0G,OrionV*,*|NIR|Or*|X|Y*?|Y*O,,,,,M1.5,,1.9130,0.3511,0.961,-1.619,0.287,0.268,90,,,,,,,14.375,12.579,12.116,,,,,,,,
0.733771,SSTSL2 J053335.33+100825.6,83.397225,10.140464,2MASS J05333531+1008261,83.3970797012,+10.1406092153,0.000,0.000,90,Y*?,2,05 33 35.29913,+10 08 26.1932,A,2020yCat.1350....0G,YSO_Candidate,*|NIR|X|Y*?,,,,,,,1.4480,0.2667,1.020,-2.519,0.330,0.196,90,,,,,,,16.140,15.390,14.880,,,,,,,,
0.185398,SSTSL2 J203839.91+420117.7,309.666312,42.021603,2MASS J20383990+4201179,309.6662525430,+42.0216294802,0.000,0.000,90,Y*?,5,20 38 39.90061,+42 01 17.8661,A,2020yCat.1350....0G,YSO_Candidate,*|Em*|MIR|NIR|Y*?,-13.554,0.190,-0.0000452,0.0000006,,,1.3358,0.2463,-2.488,-4.483,0.249,0.288,90,,,,,,,14.182,12.889,11.880,,,19.830,17.840,,,,
0.331373,SSTSL2 J053129.01-722157.8,82.870903,-72.366082,[KWV2015] J053129.03-722158.0,82.8711336651,-72.3661419181,0.000,0.000,90,*,1,05 31 29.07208,-72 21 58.1109,A,2020yCat.1350....0G,Star,*,,,,,,,1.0807,0.1999,3.340,25.470,0.266,0.239,90,,,,19.440,18.397,17.700,15.811,15.167,15.085,,,,,,,,
0.225159,SSTSL2 J063519.98+040736.9,98.83326,4.126918,Gaia DR3 3130466800083065728,98.8332001108,+4.1269365373,0.000,0.000,90,*,1,06 35 19.96803,+04 07 36.9715,A,2020yCat.1350....0G,Star,*,,,,,,,0.7255,0.1344,-1.765,-0.444,0.124,0.112,90,,,,,,,,,,,,,,,,,
0.279839,SSTSL2 J025325.03+603856.3,43.354328,60.64898,2MASS J02532500+6038562,43.3541975386,+60.6489358049,0.000,0.000,90,Y*O,4,02 53 25.00741,+60 38 56.1689,A,2020yCat.1350....0G,YSO,*|IR|NIR|Y*?|Y*O,,,,,K2.5,,0.4974,0.0921,-0.215,-0.273,0.086,0.081,90,,,,,,,14.425,13.320,12.615,,,17.670,,16.430,,,
0.206027,SSTSL2 J202849.79+415238.3,307.207477,41.877328,SPICY 110644,307.2074480000,+41.8772750000,0.300,0.300,90,Y*?,1,  20 28 49.788,  +41 52 38.19,C,2021ApJS..254...33K,YSO_Candidate,MIR|NIR|Y*?,,,,,,,,,,,,,,,,,,,,14.176,13.425,12.995,,,,,,,,
0.077135,SSTSL2 J085056.47-433204.1,132.735312,-43.534497,2MASS J08505648-4332042,132.7353398396,-43.5344898063,0.000,0.000,90,Y*O,1,08 50 56.48156,-43 32 04.1633,A,2020yCat.1350....0G,YSO,*|IR|NIR|Y*O,,,,,,,0.6649,0.1237,-5.703,5.270,0.129,0.129,90,,,,,,,15.233,14.287,14.083,,,,,,,,
0.278583,SSTSL2 J030101.92+602157.4,45.258021,60.365963,2MASS J03010196+6021575,45.2581718302,+60.3659836456,0.000,0.000,90,Y*O,5,03 01 01.96124,+60 21 57.5411,A,2020yCat.1350....0G,YSO,*|IR|NIR|Y*?|Y*O,,,,,K3.0,,0.5096,0.0950,0.181,-0.198,0.097,0.108,90,,,,,18.660,,14.281,13.254,12.548,,,17.760,,16.500,,,
0.408981,SSTSL2 J030101.92+602157.4,45.258021,60.365963,[KAG2008] globule 16,45.2582500000,+60.3659722222,,,172,glb,2,   03 01 01.98,   +60 21 57.5,E,2008ApJ...688.1142K,Globule,CGb|glb,,,,,,,,,,,,,,,,,,,,,,,,,,,,,,
0.072129,SSTSL2 J202210.84+404553.6,305.5452,40.764901,SPICY 108694,305.5452140000,+40.7649180000,0.300,0.300,90,Y*?,1,  20 22 10.851,  +40 45 53.70,C,2021ApJS..254...33K,YSO_Candidate,MIR|NIR|Y*?,,,,,,,,,,,,,,,,,,,,14.937,13.864,13.040,,,,,,,,
0.264515,SSTSL2 J063439.67+040433.9,98.6653,4.076086,Gaia DR3 3130465528772644352,98.6653572359,+4.0760397464,0.000,0.000,90,*,1,06 34 39.68574,+04 04 33.7431,A,2020yCat.1350....0G,Star,*,,,,,,,0.9166,0.1715,-1.555,-0.467,0.171,0.153,90,,,,,,,,,,,,,,,,,
0.195395,SSTSL2 J163237.78-465211.1,248.157447,-46.869752,2MASS J16323778-4652109,248.1574390000,-46.8696980000,0.080,0.080,45,Y*?,1,16 32 37.78536,-46 52 10.9128,C,2003yCat.2246....0C,YSO_Candidate,MIR|NIR|Y*?,,,,,,,,,,,,,,,,,,,,15.352,,13.981,,,,,,,,
0.030347,SSTSL2 J225900.96+630554.4,344.754035,63.098455,2MASS J22590096+6305544,344.7540200000,+63.0984500000,0.060,0.060,45,Y*O,1,  22 59 00.965,  +63 05 54.42,C,2003yCat.2246....0C,YSO,NIR|Y*O,,,,,,,,,,,,,,,,,,,,14.739,13.674,13.055,,,,,,,,
0.077037,SSTSL2 J221157.08+583047.1,332.987858,58.513095,2MASS J22115707+5830471,332.9878200000,+58.5131030000,0.060,0.060,90,Y*O,2,22 11 57.07680,+58 30 47.1708,C,2003yCat.2246....0C,YSO,MIR|NIR|Y*?|Y*O,,,,,,,,,,,,,,,,,,,,14.523,13.563,13.023,,,,,,,,
0.193720,SSTSL2 J224823.20+620201.0,342.096682,62.033621,2MASS J22482323+6202010,342.0967958333,+62.0336277778,0.060,0.060,90,Y*O,1,  22 48 23.231,  +62 02 01.06,C,2003yCat.2246....0C,YSO,NIR|Y*O,,,,,,,,,,,,,,,,,,,,14.540,13.410,12.738,,,,,,,,
0.135110,SSTSL2 J163739.63-485243.4,249.415147,-48.878724,2MASS J16373962-4852433,249.4151090000,-48.8786960000,0.060,0.060,90,Y*?,1,16 37 39.62616,-48 52 43.3056,C,2003yCat.2246....0C,YSO_Candidate,MIR|NIR|Y*?,,,,,,,,,,,,,,,,,,,,14.050,12.716,11.882,,,,,,,,
0.166353,SSTSL2 J202619.88+410558.8,306.58284,41.099694,ZTF J202619.85+410558.9,306.5827820000,+41.0997090000,0.060,0.060,135,EB*,4,20 26 19.86768,+41 05 58.9524,C,2003yCat.2246....0C,EclBin,EB*|MIR|NIR|V*|Y*?,,,,,,,,,,,,,,,,,,,,14.564,13.435,12.955,,20.554,18.430,,,,,
0.055292,SSTSL2 J181044.87-175211.9,272.686979,-17.869991,2MASS J18104487-1752119,272.6869630000,-17.8699930000,0.060,0.060,90,Y*?,1,18 10 44.87112,-17 52 11.9748,C,2003yCat.2246....0C,YSO_Candidate,MIR|NIR|Y*?,,,,,,,,,,,,,,,,,,,,14.196,13.109,12.511,,,,,,,,
0.135017,SSTSL2 J203659.62+404720.8,309.248418,40.789115,2MASS J20365961+4047210,309.2484061968,+40.7891514246,0.000,0.000,90,Y*?,4,20 36 59.61749,+40 47 20.9451,A,2020yCat.1350....0G,YSO_Candidate,*|MIR|NIR|Y*?,,,,,,,0.5078,0.0969,-2.423,-4.563,0.102,0.105,90,,,,,,,13.943,12.892,12.141,,,,,,,,
0.047101,SSTSL2 J103824.30-583430.5,159.601265,-58.575165,2MASS J10382430-5834305,159.6012750000,-58.5751530000,0.060,0.060,0,Y*?,1,10 38 24.30600,-58 34 30.5508,C,2003yCat.2246....0C,YSO_Candidate,MIR|NIR|Y*?,,,,,,,,,,,,,,,,,,,,14.718,13.536,12.842,,,,,,,,
0.334958,SSTSL2 J224629.34+603829.8,341.622251,60.641611,2MASS J22462929+6038299,341.6220760000,+60.6416470000,0.060,0.060,90,Y*O,2,22 46 29.29824,+60 38 29.9292,C,2003yCat.2246....0C,YSO,MIR|NIR|Y*?|Y*O,,,,,,,,,,,,,,,,,,,,14.641,13.528,12.984,,,,,,,,
0.276287,SSTSL2 J205327.71+441034.4,313.365475,44.176241,2MASS J20532772+4410345,313.3655154586,+44.1763120495,0.001,0.001,90,Or*,6,20 53 27.72371,+44 10 34.7234,A,2020yCat.1350....0G,OrionV*,*|NIR|Or*|Y*?|Y*O,,,,,K8.0,,3.0883,0.6009,3.548,-11.104,0.689,0.678,90,,,,,,,13.372,12.243,11.641,,,17.600,,,,,
0.128739,SSTSL2 J112922.21-621300.9,172.342551,-62.216938,2MASS J11292222-6213009,172.3426240000,-62.2169270000,0.070,0.060,7,Y*?,1,11 29 22.22976,-62 13 00.9372,C,2003yCat.2246....0C,YSO_Candidate,MIR|NIR|Y*?,,,,,,,,,,,,,,,,,,,,15.108,13.305,12.023,,,,,,,,
0.223891,SSTSL2 J025111.76+603458.1,42.799033,60.582813,2MASS J02511177+6034580,42.7990918170,+60.5827579248,0.000,0.000,90,Y*O,4,02 51 11.78204,+60 34 57.9285,A,2020yCat.1350....0G,YSO,*|IR|NIR|Y*?|Y*O,,,,,G9.0,,0.6696,0.1312,-0.486,-0.412,0.113,0.115,90,,,,,,,14.989,14.218,13.801,,,17.570,,16.670,,,
0.183200,SSTSL2 J063416.88+042419.2,98.570366,4.405336,ZTF J063416.89+042419.2,98.5704148447,+4.4053212364,0.000,0.000,90,Y*O,9,06 34 16.89956,+04 24 19.1565,A,2020yCat.1350....0G,YSO,*|EB*|IR|MIR|NIR|Pe*|X|Y*?|Y*O,28.379,0.154,0.0000947,0.0000005,,,0.6796,0.1338,-1.536,-0.276,0.089,0.080,90,,,,19.520,,,13.784,12.748,12.054,,19.059,17.475,,,,,
0.445935,SSTSL2 J201742.48+390030.2,304.427027,39.008413,2MASS J20174244+3900301,304.4268730000,+39.0083810000,0.080,0.060,178,Y*?,1,20 17 42.44952,+39 00 30.1716,C,2003yCat.2246....0C,YSO_Candidate,MIR|NIR|Y*?,,,,,,,,,,,,,,,,,,,,15.200,14.189,13.681,,,,,,,,
0.116660,SSTSL2 J030046.18+602823.0,45.192432,60.473064,Gaia DR3 463120516733503232,45.1924905725,+60.4730787259,0.000,0.000,90,Y*O,1,03 00 46.19774,+60 28 23.0834,A,2020yCat.1350....0G,YSO,*|Y*O,,,,,,,0.6411,0.1267,-0.305,-0.079,0.120,0.147,90,,,,,,,,,,,,,,,,,
0.163898,SSTSL2 J030046.18+602823.0,45.192432,60.473064,2MASS J03004620+6028229,45.1925125000,+60.4730416667,0.080,0.070,2,Y*?,2,  03 00 46.203,  +60 28 22.95,C,2003yCat.2246....0C,YSO_Candidate,IR|NIR|Y*?,,,,,,,,,,,,,,,,,,,,14.847,13.993,13.530,,,,,,,,
0.397925,SSTSL2 J030046.18+602823.0,45.192432,60.473064,ZTF J030046.21+602822.6,45.1925500000,+60.4729700000,,,172,RS*,2,   03 00 46.21,   +60 28 22.7,C,2020ApJS..249...18C,RSCVnV*,RS*,,,,,,,,,,,,,,,,,,,,,,,,19.953,18.155,,,,,
0.192869,SSTSL2 J202813.76+401448.2,307.057367,40.246736,2MASS J20281375+4014483,307.0573030000,+40.2467580000,0.080,0.060,0,Y*?,1,20 28 13.75272,+40 14 48.3288,C,2003yCat.2246....0C,YSO_Candidate,MIR|NIR|Y*?,,,,,,,,,,,,,,,,,,,,14.456,13.324,12.760,,,,,,,,
0.277883,SSTSL2 J022622.36+613308.8,36.593183,61.552449,2MASS J02262240+6133087,36.5933415137,+61.5524329779,0.000,0.000,90,Y*O,2,02 26 22.40196,+61 33 08.7587,A,2020yCat.1350....0G,YSO,*|NIR|Y*O,,,,,,,0.6563,0.1304,-1.231,-0.055,0.119,0.130,90,,,,,,,14.638,13.489,12.734,,,,,,,,
0.502691,SSTSL2 J021906.92+570210.6,34.778837,57.036291,2MASS J02190687+5702107,34.7786283897,+57.0363723305,0.000,0.000,90,*,2,02 19 06.87081,+57 02 10.9404,A,2020yCat.1350....0G,Star,*|NIR,,,,,G5.2V,,0.6287,0.1265,-0.599,-1.101,0.099,0.115,90,,,,,18.733,,15.680,14.928,14.794,,,,,,,,
0.097392,SSTSL2 J130756.58-620845.6,196.985781,-62.146007,2MASS J13075659-6208455,196.9857970000,-62.1459810000,0.060,0.060,45,Y*?,1,13 07 56.59128,-62 08 45.5316,C,2003yCat.2246....0C,YSO_Candidate,MIR|NIR|Y*?,,,,,,,,,,,,,,,,,,,,14.635,13.658,13.150,,,,,,,,
0.184753,SSTSL2 J170445.15+604356.1,256.188156,60.732253,2MASS J17044506+6043563,256.1881023728,+60.7322088819,0.000,0.000,90,*,4,17 04 45.14457,+60 43 55.9520,A,2020yCat.1350....0G,Star,*|G|MIR|NIR|Opt,,,,,,,0.7127,0.1443,-4.712,1.037,0.187,0.184,90,,,,,,,16.822,16.243,15.649,22.180,20.070,18.753,18.149,17.805,,,
0.429519,SSTSL2 J030107.68+602921.8,45.282024,60.489401,2MASS J03010774+6029218,45.2822651628,+60.4893898974,0.000,0.000,90,Or*,9,03 01 07.74364,+60 29 21.8036,A,2020yCat.1350....0G,OrionV*,*|Em*|IR|NIR|Or*|Y*?|Y*O,-44.111,2.485,-0.0001471,0.0000083,K2.0,,0.4782,0.0968,-0.129,-0.285,0.097,0.110,90,,,,20.223,18.335,,14.170,13.183,12.401,,,17.610,,16.370,,,
0.040862,SSTSL2 J063205.57+041505.9,98.023222,4.251656,2MASS J06320556+0415059,98.0232106191,+4.2516558504,0.000,0.000,90,*,4,06 32 05.57055,+04 15 05.9611,A,2020yCat.1350....0G,Star,*|NIR,38.076,0.163,0.0001270,0.0000005,,,0.6995,0.1422,-1.993,-0.389,0.153,0.152,90,,,,,,,14.098,12.951,12.439,,,,,,,,
0.283269,SSTSL2 J110312.64-600105.6,165.802685,-60.018228,2MASS J11031268-6001056,165.8028420000,-60.0182340000,0.060,0.060,90,Y*?,1,11 03 12.68208,-60 01 05.6424,C,2003yCat.2246....0C,YSO_Candidate,MIR|NIR|Y*?,,,,,,,,,,,,,,,,,,,,14.638,13.593,12.877,,,,,,,,
0.109754,SSTSL2 J023118.73+613500.4,37.828077,61.583455,2MASS J02311875+6135004,37.8281393140,+61.5834479199,0.000,0.000,90,Y*?,1,02 31 18.75344,+61 35 00.4125,A,2020yCat.1350....0G,YSO_Candidate,*|MIR|NIR|Y*?,,,,,,,0.6346,0.1292,-1.205,-0.503,0.147,0.165,90,,,,,,,,,,,,,,,,,
0.114994,SSTSL2 J164145.29-491841.1,250.438709,-49.311443,2MASS J16414528-4918411,250.4386750000,-49.3114200000,0.060,0.060,90,Y*?,1,16 41 45.28200,-49 18 41.1120,C,2003yCat.2246....0C,YSO_Candidate,MIR|NIR|Y*?,,,,,,,,,,,,,,,,,,,,14.666,13.367,12.654,,,,,,,,
0.190859,SSTSL2 J222147.77+584244.0,335.449052,58.712236,2MASS J22214778+5842439,335.4491190000,+58.7121960000,0.060,0.060,90,Y*?,2,22 21 47.78856,+58 42 43.9056,C,2003yCat.2246....0C,YSO_Candidate,MIR|NIR|Y*?,,,,,,,,,,,,,,,,,,,,14.688,13.877,13.074,,,,,,,,
0.160653,SSTSL2 J054041.78+235250.4,85.174116,23.880687,[GMM2009] GGD  4 27,85.1740673739,+23.8806831931,0.000,0.000,90,Y*O,2,05 40 41.77617,+23 52 50.4595,A,2020yCat.1350....0G,YSO,*|Em*|NIR|Y*O,,,,,,,0.5778,0.1205,0.999,-2.718,0.128,0.072,90,,,,,,,14.480,13.398,13.030,,,,,,,,
0.267050,SSTSL2 J221057.73+590807.4,332.740554,59.1354,2MASS J22105769+5908074,332.7404120000,+59.1354140000,0.060,0.060,135,Y*O,1,22 10 57.69888,+59 08 07.4904,C,2003yCat.2246....0C,YSO,MIR|NIR|Y*O,,,,,,,,,,,,,,,,,,,,15.588,14.787,14.424,,,,,,,,
0.205703,SSTSL2 J202502.35+374511.0,306.259801,37.753075,2MASS J20250236+3745112,306.2598500000,+37.7531170000,0.070,0.060,0,Y*?,1,20 25 02.36400,+37 45 11.2212,C,2003yCat.2246....0C,YSO_Candidate,MIR|NIR|Y*?,,,,,,,,,,,,,,,,,,,,15.220,14.139,13.608,,,,,,,,
0.056198,SSTSL2 J202040.69+385017.1,305.169576,38.838105,2MASS J20204069+3850171,305.1695560000,+38.8381040000,0.070,0.070,135,Y*?,1,20 20 40.69344,+38 50 17.1744,C,2003yCat.2246....0C,YSO_Candidate,MIR|NIR|Y*?,,,,,,,,,,,,,,,,,,,,15.319,14.278,13.600,,,,,,,,
0.177897,SSTSL2 J222324.97+634533.2,335.854047,63.759224,Gaia DR3 2205461518907888000,335.8539358139,+63.7592290193,0.001,0.001,90,Em*,1,22 23 24.94460,+63 45 33.2245,A,2020yCat.1350....0G,EmLine*,*|Em*,,,,,,,3.1160,0.6633,-0.711,-7.604,0.748,0.734,90,,,,,,,,,,,,,,,,,
0.064440,SSTSL2 J202954.86+391906.1,307.478621,39.318385,2MASS J20295487+3919062,307.4786410000,+39.3183940000,0.060,0.060,0,Y*?,1,20 29 54.87384,+39 19 06.2184,C,2003yCat.2246....0C,YSO_Candidate,MIR|NIR|Y*?,,,,,,,,,,,,,,,,,,,,15.055,13.775,13.107,,,,,,,,
0.062412,SSTSL2 J174736.68-314751.5,266.902842,-31.797642,2MASS J17473668-3147514,266.9028380000,-31.7976250000,0.060,0.060,45,Y*?,1,17 47 36.68112,-31 47 51.4500,C,2003yCat.2246....0C,YSO_Candidate,MIR|NIR|Y*?,,,,,,,,,,,,,,,,,,,,13.113,12.348,12.082,,,,,,,,
0.122875,SSTSL2 J084924.76-433716.3,132.353192,-43.621215,2MASS J08492477-4337163,132.3532388150,-43.6212109447,0.000,0.000,90,Y*O,3,08 49 24.77732,-43 37 16.3594,A,2020yCat.1350....0G,YSO,*|IR|MIR|NIR|Y*?|Y*O,,,,,,,0.8113,0.1741,-4.574,4.678,0.179,0.216,90,,,,,,,14.735,13.580,12.815,,,,,,,,
0.039749,SSTSL2 J144703.14-585454.3,221.763121,-58.915095,SPICY 23765,221.7631242152,-58.9151059159,0.000,0.000,90,Y*?,2,14 47 03.14981,-58 54 54.3813,A,2020yCat.1350....0G,YSO_Candidate,*|MIR|Y*?,,,,,,,0.4170,0.0896,-3.869,-2.715,0.084,0.069,90,,,,,,,,,,,,,,,,,
0.150729,SSTSL2 J181225.86-201508.5,273.107755,-20.252368,2MASS J18122585-2015085,273.1077110000,-20.2523750000,0.070,0.060,7,Y*?,1,18 12 25.85064,-20 15 08.5500,C,2003yCat.2246....0C,YSO_Candidate,MIR|NIR|Y*?,,,,,,,,,,,,,,,,,,,,14.441,13.367,12.568,,,,,,,,
0.108117,SSTSL2 J205651.47+443531.5,314.214466,44.592103,Cl* NGC 6996    VBC    1859,314.2144629450,+44.5921329535,0.000,0.000,90,Or*,5,20 56 51.47111,+44 35 31.6786,A,2020yCat.1350....0G,OrionV*,*|NIR|Or*|Y*?|Y*O,,,,,M4.0,,0.8390,0.1804,-2.440,-3.092,0.190,0.215,90,,,,,20.700,,14.998,13.860,13.233,,,,,,,,
0.086399,SSTSL2 J173703.88-314546.6,264.26618,-31.76295,2MASS J17370387-3145465,264.2661530000,-31.7629430000,0.080,0.080,45,Y*?,1,17 37 03.87672,-31 45 46.5948,C,2003yCat.2246....0C,YSO_Candidate,MIR|NIR|Y*?,,,,,,,,,,,,,,,,,,,,,13.813,12.895,,,,,,,,
0.609463,SSTSL2 J181522.98-190450.5,273.845763,-19.080714,2MASS J18152296-1904500,273.8456820000,-19.0805630000,0.060,0.060,0,Y*?,1,18 15 22.96368,-19 04 50.0268,C,2003yCat.2246....0C,YSO_Candidate,MIR|NIR|Y*?,,,,,,,,,,,,,,,,,,,,15.012,13.731,13.208,,,,,,,,
0.243072,SSTSL2 J222242.73+583130.7,335.678061,58.525196,2MASS J22224272+5831309,335.6780260000,+58.5252610000,0.060,0.060,90,Y*O,1,22 22 42.72624,+58 31 30.9396,C,2003yCat.2246....0C,YSO,MIR|NIR|Y*O,,,,,,,,,,,,,,,,,,,,14.861,13.942,13.545,,,,,,,,
0.203298,SSTSL2 J063141.89+045046.1,97.924547,4.84616,ZTF J063141.90+045046.2,97.9246036416,+4.8461580823,0.000,0.000,90,RS*,10,06 31 41.90487,+04 50 46.1691,A,2020yCat.1350....0G,RSCVnV*,*|IR|NIR|Or*|RS*|V*|X|Y*O,,,,,,,0.5649,0.1239,-1.979,-0.080,0.117,0.119,90,,,,20.140,18.868,18.120,15.021,14.184,13.789,,19.380,17.788,,,,,
0.374141,SSTSL2 J023211.62+613231.8,38.048444,61.542179,[PSP2017] J038.048241+61.542141,38.0482410000,+61.5421410000,0.300,0.300,90,Y*?,1,  02 32 11.578,  +61 32 31.71,C,2017MNRAS.468.2684P,YSO_Candidate,Y*?,,,,,,,,,,,,,,,,,,,,,,,,,,,,,,
1.276081,SSTSL2 J023211.62+613231.8,38.048444,61.542179,[PSP2017] J038.048309+61.542511,38.0482514264,+61.5425213834,0.000,0.000,90,Or*,2,02 32 11.58034,+61 32 33.0770,A,2020yCat.1350....0G,OrionV*,*|Or*|Y*?,,,,,,,0.3933,0.2272,-1.413,-0.535,0.271,0.216,90,,,,,19.850,18.645,,,,,,,,,,,
0.092922,SSTSL2 J032754.28+584857.6,51.976203,58.816003,2MASS J03275427+5848576,51.9761560749,+58.8160117109,0.000,0.000,90,Y*O,3,03 27 54.27746,+58 48 57.6422,A,2020yCat.1350....0G,YSO,*|NIR|Y*O,,,,,,,0.8360,0.1849,0.903,-1.982,0.201,0.191,90,,,,,,,15.070,14.070,13.630,,,,,,,,
0.236174,SSTSL2 J202750.87+394122.6,306.961975,39.689611,2MASS J20275085+3941225,306.9618926903,+39.6895939094,0.000,0.000,90,Y*?,4,20 27 50.85425,+39 41 22.5381,A,2020yCat.1350....0G,YSO_Candidate,*|MIR|NIR|Y*?,,,,,,,0.6867,0.1519,-2.452,-4.991,0.158,0.186,90,,,,,,,14.298,13.073,12.236,,,,,,,,
0.068769,SSTSL2 J194910.78+235920.3,297.294924,23.988984,2MASS J19491078+2359204,297.2949310000,+23.9890020000,0.060,0.060,90,Y*?,1,19 49 10.78344,+23 59 20.4072,C,2003yCat.2246....0C,YSO_Candidate,MIR|NIR|Y*?,,,,,,,,,,,,,,,,,,,,14.652,13.359,12.654,,,,,,,,
0.227693,SSTSL2 J025132.82+601258.8,42.886752,60.21634,2MASS J02513281+6012587,42.8868784968,+60.2163327784,0.000,0.000,90,Y*O,4,02 51 32.85084,+60 12 58.7980,A,2020yCat.1350....0G,YSO,*|IR|NIR|Y*?|Y*O,,,,,K6.0,,0.5416,0.1210,-0.517,-0.459,0.106,0.101,90,,,,,,,15.080,14.116,13.639,,,18.360,,17.040,,,
0.388137,SSTSL2 J202207.33+393416.0,305.530552,39.571124,2MASS J20220729+3934160,305.5304130000,+39.5711360000,0.070,0.060,0,Y*?,1,20 22 07.29912,+39 34 16.0896,C,2003yCat.2246....0C,YSO_Candidate,MIR|NIR|Y*?,,,,,,,,,,,,,,,,,,,,15.396,14.239,13.730,,,,,,,,
0.353306,SSTSL2 J030007.61+603000.0,45.031748,60.500026,ZTF J030007.57+603000.0,45.0315572290,+60.4999975954,0.000,0.000,90,Y*O,4,03 00 07.57373,+60 29 59.9913,A,2020yCat.1350....0G,YSO,*|BY*|IR|NIR|Y*?|Y*O,,,,,,,0.7884,0.1773,-0.016,-0.040,0.175,0.216,90,,,,,,,15.369,14.461,13.978,,20.556,18.899,,,,,
0.194669,SSTSL2 J203544.86+404837.9,308.93694,40.810537,2MASS J20354485+4048380,308.9368685982,+40.8105388742,0.000,0.000,90,Y*?,4,20 35 44.84846,+40 48 37.9399,A,2020yCat.1350....0G,YSO_Candidate,*|MIR|NIR|Y*?,,,,,,,0.7307,0.1644,-2.671,-4.221,0.153,0.195,90,,,,,,,14.058,12.838,12.052,,,,,,,,
0.092372,SSTSL2 J181454.23-153807.6,273.725964,-15.635461,2MASS J18145423-1538077,273.7259700000,-15.6354860000,0.060,0.060,45,Y*?,1,18 14 54.23280,-15 38 07.7496,C,2003yCat.2246....0C,YSO_Candidate,MIR|NIR|Y*?,,,,,,,,,,,,,,,,,,,,13.973,13.065,12.438,,,,,,,,
0.224562,SSTSL2 J025931.04+604025.6,44.879375,60.673784,2MASS J02593103+6040256,44.8792594089,+60.6737578107,0.000,0.000,90,Y*O,3,02 59 31.02226,+60 40 25.5281,A,2020yCat.1350....0G,YSO,*|IR|NIR|Y*?|Y*O,,,,,K5.0,,0.7581,0.1719,-0.414,-0.043,0.158,0.186,90,,,,,,,15.254,14.154,13.629,,,18.860,,17.540,,,
0.274521,SSTSL2 J084149.02-525519.2,130.454258,-52.922008,[SPM2009] WFI J08414904-5255192,130.4543773006,-52.9219826718,0.000,0.000,90,*,1,08 41 49.05055,-52 55 19.1376,A,2020yCat.1350....0G,Star,*|NIR,,,,,,,0.3605,0.0818,-2.199,2.438,0.093,0.110,90,,,,19.560,18.520,17.460,15.190,14.610,14.470,,,,,,,,
0.444625,SSTSL2 J025902.12+603624.4,44.75885,60.606784,2MASS J02590205+6036243,44.7585995812,+60.6067718292,0.000,0.000,90,Y*O,6,02 59 02.06390,+60 36 24.3786,A,2020yCat.1350....0G,YSO,*|IR|NIR|Y*?|Y*O,-41.860,1.087,-0.0001396,0.0000036,K2.0,,0.4590,0.1043,-0.082,-0.109,0.091,0.099,90,,,,,,,14.703,13.726,13.070,,,17.690,,16.540,,,
0.253729,SSTSL2 J022439.93+613205.1,36.166391,61.534772,2MASS J02243996+6132052,36.1665383499,+61.5347779252,0.000,0.000,90,Y*O,1,02 24 39.96920,+61 32 05.2005,A,2020yCat.1350....0G,YSO,*|NIR|Y*O,,,,,,,0.4873,0.1110,-0.716,0.066,0.104,0.112,90,,,,,,,14.622,13.642,13.115,,,,,,,,
0.143051,SSTSL2 J124658.17-615632.1,191.742394,-61.942261,2MASS J12465816-6156320,191.7423540000,-61.9422260000,0.070,0.060,0,Y*?,1,12 46 58.16496,-61 56 32.0136,C,2003yCat.2246....0C,YSO_Candidate,MIR|NIR|Y*?,,,,,,,,,,,,,,,,,,,,14.186,13.194,12.721,,,,,,,,
0.037138,SSTSL2 J173029.44-353806.6,262.622705,-35.635189,2MASS J17302945-3538066,262.6227144244,-35.6351959104,0.000,0.000,90,Y*?,2,17 30 29.45146,-35 38 06.7053,A,2020yCat.1350....0G,YSO_Candidate,*|MIR|NIR|Y*?,,,,,,,1.1507,0.2645,0.803,-2.691,0.326,0.228,90,,,,,,,14.279,12.904,12.014,,,,,,,,
0.203513,SSTSL2 J025436.70+602301.4,43.652934,60.383742,2MASS J02543671+6023014,43.6530315002,+60.3837124341,0.000,0.000,90,Y*O,4,02 54 36.72756,+60 23 01.3648,A,2020yCat.1350....0G,YSO,*|IR|NIR|Y*?|Y*O,,,,,M0.0,,0.6860,0.1578,-0.306,-0.286,0.150,0.148,90,,,,,,,15.857,14.831,14.147,,,18.700,,17.110,,,
0.156062,SSTSL2 J225052.86+622617.6,342.720277,62.438228,2MASS J22505287+6226175,342.7203690562,+62.4382199406,0.000,0.000,90,Y*O,1,22 50 52.88857,+62 26 17.5918,A,2020yCat.1350....0G,YSO,*|NIR|Y*O,,,,,,,1.2807,0.2951,-1.631,-2.423,0.339,0.299,90,,,,,,,13.799,12.532,11.983,,,,,,,,
0.305854,SSTSL2 J123105.13-624545.3,187.771411,-62.762584,2MASS J12310509-6245452,187.7712260000,-62.7625770000,0.060,0.060,45,Y*?,1,12 31 05.09424,-62 45 45.2772,C,2003yCat.2246....0C,YSO_Candidate,MIR|NIR|Y*?,,,,,,,,,,,,,,,,,,,,15.551,14.496,13.177,,,,,,,,
0.030689,SSTSL2 J173454.55-340215.0,263.727319,-34.037508,2MASS J17345455-3402150,263.7273090000,-34.0375100000,0.060,0.060,135,Y*?,1,17 34 54.55416,-34 02 15.0360,C,2003yCat.2246....0C,YSO_Candidate,MIR|NIR|Y*?,,,,,,,,,,,,,,,,,,,,14.263,13.023,12.123,,,,,,,,
0.451706,SSTSL2 J201950.62+384926.1,304.960955,38.823937,2MASS J20195059+3849258,304.9608320000,+38.8238560000,0.060,0.060,0,Y*?,1,20 19 50.59968,+38 49 25.8816,C,2003yCat.2246....0C,YSO_Candidate,MIR|NIR|Y*?,,,,,,,,,,,,,,,,,,,,15.188,14.168,13.603,,,,,,,,
0.091335,SSTSL2 J202317.21+393423.6,305.821738,39.573239,2MASS J20231721+3934236,305.8217090000,+39.5732270000,0.120,0.060,0,Y*?,1,20 23 17.21016,+39 34 23.6172,C,2003yCat.2246....0C,YSO_Candidate,MIR|NIR|Y*?,,,,,,,,,,,,,,,,,,,,15.143,13.967,13.220,,,,,,,,
0.516410,SSTSL2 J133425.20-625607.2,203.605035,-62.935352,2MASS J13342524-6256074,203.6051005321,-62.9354923141,0.000,0.000,90,Y*?,2,13 34 25.22413,-62 56 07.7723,A,2020yCat.1350....0G,YSO_Candidate,*|MIR|NIR|Y*?,,,,,,,0.8353,0.1954,-5.542,-2.222,0.149,0.203,90,,,,,,,15.435,14.213,12.557,,,,,,,,
0.971731,SSTSL2 J175502.28-245346.2,268.759528,-24.896175,SSTGLMC G004.5446+00.2697,268.7595544785,-24.8959061454,0.000,0.000,90,Y*?,1,17 55 02.29307,-24 53 45.2621,A,2020yCat.1350....0G,YSO_Candidate,*|MIR|Y*?,,,,,,,0.8122,0.1908,-3.326,-3.402,0.235,0.154,90,,,,,,,,,,,,,,,,,
0.123356,SSTSL2 J173113.77-350454.2,262.807405,-35.081733,2MASS J17311378-3504543,262.8074390000,-35.0817530000,0.060,0.060,90,Y*?,1,17 31 13.78536,-35 04 54.3108,C,2003yCat.2246....0C,YSO_Candidate,MIR|NIR|Y*?,,,,,,,,,,,,,,,,,,,,14.646,13.560,12.748,,,,,,,,
0.014004,SSTSL2 J202623.69+385526.9,306.59874,38.92416,2MASS J20262369+3855269,306.5987350000,+38.9241600000,0.080,0.060,0,Y*?,1,20 26 23.69640,+38 55 26.9760,C,2003yCat.2246....0C,YSO_Candidate,MIR|NIR|Y*?,,,,,,,,,,,,,,,,,,,,14.980,14.026,13.638,,,,,,,,
0.116355,SSTSL2 J172828.00-322942.1,262.116675,-32.495033,2MASS J17282799-3229420,262.1166440000,-32.4950140000,0.060,0.060,90,Y*?,1,17 28 27.99456,-32 29 42.0504,C,2003yCat.2246....0C,YSO_Candidate,MIR|NIR|Y*?,,,,,,,,,,,,,,,,,,,,14.363,13.356,12.931,,,,,,,,
0.157757,SSTSL2 J172832.47-363156.5,262.135323,-36.532371,2MASS J17283246-3631566,262.1352885392,-36.5324049645,0.000,0.000,90,Y*?,2,17 28 32.46925,-36 31 56.6579,A,2020yCat.1350....0G,YSO_Candidate,*|ev|MIR|NIR|Y*?,,,,,,,0.6857,0.1632,-0.584,-1.375,0.185,0.127,90,,,,,,,,13.335,12.648,,,,,,,,
0.120027,SSTSL2 J224625.99+613615.2,341.60831,61.604247,2MASS J22462599+6136151,341.6083000000,+61.6042140000,0.060,0.060,45,Y*O,1,22 46 25.99200,+61 36 15.1704,C,2003yCat.2246....0C,YSO,MIR|NIR|Y*O,,,,,,,,,,,,,,,,,,,,15.255,14.456,14.258,,,,,,,,
0.025775,SSTSL2 J203113.74+411517.4,307.807271,41.254853,2MASS J20311374+4115174,307.8072690000,+41.2548600000,0.110,0.060,179,Y*?,1,20 31 13.74456,+41 15 17.4960,C,2003yCat.2246....0C,YSO_Candidate,MIR|NIR|Y*?,,,,,,,,,,,,,,,,,,,,14.557,13.364,12.656,,,,,,,,
0.099379,SSTSL2 J202530.96+390812.0,306.379023,39.13669,2MASS J20253096+3908121,306.3790537274,+39.1367039290,0.000,0.000,90,Y*?,3,20 25 30.97289,+39 08 12.1341,A,2020yCat.1350....0G,YSO_Candidate,*|MIR|NIR|Y*?,-21.351,0.275,-0.0000712,0.0000009,,,0.5522,0.1321,-2.395,-4.875,0.126,0.173,90,,,,,,,14.109,13.008,12.252,,,,,,,,
0.086330,SSTSL2 J161555.69-515318.4,243.982067,-51.888456,2MASS J16155570-5153184,243.9821050000,-51.8884510000,0.060,0.060,45,Y*?,1,16 15 55.70520,-51 53 18.4236,C,2003yCat.2246....0C,YSO_Candidate,MIR|NIR|Y*?,,,,,,,,,,,,,,,,,,,,14.938,13.840,12.923,,,,,,,,
0.195431,SSTSL2 J202524.21+390515.3,306.350895,39.087592,2MASS J20252422+3905155,306.3509300000,+39.0876390000,0.090,0.060,0,Y*?,1,20 25 24.22320,+39 05 15.5004,C,2003yCat.2246....0C,YSO_Candidate,MIR|NIR|Y*?,,,,,,,,,,,,,,,,,,,,14.635,13.339,12.653,,,,,,,,
0.423243,SSTSL2 J025049.48+602438.3,42.706173,60.410663,2MASS J02504941+6024384,42.7059355165,+60.4106714351,0.000,0.000,90,Y*O,7,02 50 49.42452,+60 24 38.4172,A,2020yCat.1350....0G,YSO,*|IR|NIR|Y*?|Y*O,,,,,K1.5,,0.4228,0.1018,-0.388,-0.226,0.093,0.088,90,,,,,,,14.625,13.630,12.767,,,17.770,,16.730,,,
0.274391,SSTSL2 J221746.93+595402.8,334.445575,59.90079,2MASS J22174697+5954027,334.4457120000,+59.9007570000,0.070,0.060,0,Y*O,2,22 17 46.97088,+59 54 02.7252,C,2003yCat.2246....0C,YSO,MIR|NIR|Y*?|Y*O,,,,,,,,,,,,,,,,,,,,15.067,13.950,13.407,,,,,,,,
0.643804,SSTSL2 J123644.58+260517.9,189.185751,26.088322,[JCH96] NGC  4565 w,189.1859429543,+26.0882744513,0.000,0.000,90,*,1,12 36 44.62631,+26 05 17.7880,A,2020yCat.1350....0G,Star,*|NIR|PN,,,,,,,0.5697,0.1392,-7.590,-17.828,0.152,0.160,90,,,,,,,16.610,15.990,15.870,,,,,,,,
0.044986,SSTSL2 J063151.55+044727.9,97.964795,4.791098,2MASS J06315154+0447279,97.9647840000,+4.7911040000,0.060,0.060,45,Or*,4,06 31 51.54816,+04 47 27.9744,C,2003yCat.2246....0C,OrionV*,*|**|IR|MIR|NIR|Or*|V*|Y*?,,,,,,,,,,,,,,,,,21.869,19.453,,15.185,14.235,13.511,,19.883,18.590,17.582,,,,
0.088460,SSTSL2 J063151.55+044727.9,97.964795,4.791098,Gaia DR3 3131324900203581184,97.9648196267,+4.7910967567,0.000,0.000,90,Y*O,2,06 31 51.55671,+04 47 27.9483,A,2020yCat.1350....0G,YSO,*|Y*O,,,,,,,0.7502,0.1842,-2.145,-0.064,0.199,0.179,90,,,,,,,,,,,,,,,,,
0.168927,SSTSL2 J202144.03+374541.4,305.433486,37.761523,2MASS J20214404+3745414,305.4335090498,+37.7614797587,0.000,0.000,90,LP?,2,20 21 44.04217,+37 45 41.3271,A,2020yCat.1350....0G,LongPeriodV*_Candidate,*|LP?|MIR|NIR|Y*?,,,,,,,0.6143,0.1511,-3.450,-6.083,0.152,0.199,90,,,,,,,14.566,13.440,12.900,,,,,,,,
0.153798,SSTSL2 J131911.56-633952.6,199.798177,-63.664639,2MASS J13191158-6339527,199.7982720000,-63.6646460000,0.060,0.060,90,Y*?,1,13 19 11.58528,-63 39 52.7256,C,2003yCat.2246....0C,YSO_Candidate,MIR|NIR|Y*?,,,,,,,,,,,,,,,,,,,,14.908,13.847,13.364,,,,,,,,
0.026038,SSTSL2 J194606.19+242834.5,296.525805,24.476264,2MASS J19460619+2428345,296.5258070000,+24.4762570000,0.060,0.060,90,Y*?,1,19 46 06.19368,+24 28 34.5252,C,2003yCat.2246....0C,YSO_Candidate,MIR|NIR|Y*?,,,,,,,,,,,,,,,,,,,,15.219,14.236,13.625,,,,,,,,
0.085100,SSTSL2 J202313.67+380952.0,305.806987,38.164449,2MASS J20231367+3809520,305.8069760000,+38.1644710000,0.060,0.060,163,Y*?,1,20 23 13.67424,+38 09 52.0956,C,2003yCat.2246....0C,YSO_Candidate,MIR|NIR|Y*?,,,,,,,,,,,,,,,,,,,,14.986,13.777,13.009,,,,,,,,
0.250872,SSTSL2 J222155.52+584308.7,335.481339,58.719102,2MASS J22215555+5843086,335.4814650000,+58.7190780000,0.060,0.060,90,Y*O,2,22 21 55.55160,+58 43 08.6808,C,2003yCat.2246....0C,YSO,MIR|NIR|Y*?|Y*O,,,,,,,,,,,,,,,,,,,,15.243,14.376,13.432,,,,,,,,
0.342212,SSTSL2 J025113.55+602151.4,42.806472,60.364301,2MASS J02511350+6021514,42.8062832757,+60.3642829061,0.000,0.000,90,Y*O,4,02 51 13.50799,+60 21 51.4185,A,2020yCat.1350....0G,YSO,*|IR|NIR|Y*?|Y*O,,,,,M0.0,,0.4214,0.1052,-0.387,-0.274,0.097,0.086,90,,,,,,,15.200,14.161,13.763,,,18.330,,16.870,,,
0.094073,SSTSL2 J023029.95+613130.4,37.624831,61.525115,2MASS J02302995+6131304,37.6247977047,+61.5251357572,0.000,0.000,90,Y*?,1,02 30 29.95145,+61 31 30.4887,A,2020yCat.1350....0G,YSO_Candidate,*|MIR|NIR|Y*?,,,,,,,0.5922,0.1487,-1.184,-0.870,0.146,0.147,90,,,,,,,,,,,,,,,,,
0.221016,SSTSL2 J202629.93+380542.3,306.624724,38.095088,2MASS J20262995+3805423,306.6248020000,+38.0950890000,0.070,0.060,173,Y*?,1,20 26 29.95248,+38 05 42.3204,C,2003yCat.2246....0C,YSO_Candidate,MIR|NIR|Y*?,,,,,,,,,,,,,,,,,,,,15.174,14.005,13.212,,,,,,,,
0.182839,SSTSL2 J203258.80+413209.4,308.245039,41.535949,2MASS J20325879+4132093,308.2449735026,+41.5359357409,0.000,0.000,90,Y*?,5,20 32 58.79364,+41 32 09.3687,A,2020yCat.1350....0G,YSO_Candidate,*|Em*|MIR|NIR|Y*?,-15.508,0.234,-0.0000517,0.0000008,,,0.6283,0.1605,-2.565,-4.214,0.155,0.174,90,,,,,,,14.363,13.102,12.245,,,19.120,17.420,,,,
0.158629,SSTSL2 J084757.22-441309.1,131.98845,-44.21921,2MASS J08475723-4413091,131.9885080503,-44.2191954819,0.000,0.000,90,Y*O,1,08 47 57.24193,-44 13 09.1037,A,2020yCat.1350....0G,YSO,*|IR|NIR|Y*O,,,,,,,0.7582,0.1953,-4.858,4.230,0.183,0.212,90,,,,,,,15.581,14.523,14.172,,,,,,,,
0.150816,SSTSL2 J172828.06-322612.0,262.116926,-32.436672,2MASS J17282806-3226118,262.1169550000,-32.4366380000,0.060,0.060,45,Y*?,1,17 28 28.06920,-32 26 11.8968,C,2003yCat.2246....0C,YSO_Candidate,MIR|NIR|Y*?,,,,,,,,,,,,,,,,,,,,14.485,13.364,12.632,,,,,,,,
0.199674,SSTSL2 J202808.91+394236.4,307.037131,39.710124,2MASS J20280889+3942365,307.0370660000,+39.7101480000,0.070,0.060,0,Y*?,1,20 28 08.89584,+39 42 36.5328,C,2003yCat.2246....0C,YSO_Candidate,MIR|NIR|Y*?,,,,,,,,,,,,,,,,,,,,14.615,13.306,12.515,,,,,,,,
0.252254,SSTSL2 J225427.21+594531.2,343.61341,59.758675,2MASS J22542725+5945312,343.6135490000,+59.7586780000,0.060,0.060,17,Y*O,2,22 54 27.25176,+59 45 31.2408,C,2003yCat.2246....0C,YSO,MIR|NIR|Y*?|Y*O,,,,,,,,,,,,,,,,,,,,15.131,13.772,12.989,,,,,,,,
0.140552,SSTSL2 J175012.65-280157.7,267.55274,-28.032716,2MASS J17501264-2801577,267.5526958333,-28.0327138889,0.060,0.060,90,Y*?,2,  17 50 12.647,  -28 01 57.77,C,2003yCat.2246....0C,YSO_Candidate,*|MIR|NIR|Y*?,,,,,,,,,,,,,,,,,,,,14.658,13.430,12.272,,,,,,,,
0.234990,SSTSL2 J180602.67-215948.3,271.511165,-21.996772,2MASS J18060268-2159486,271.5111856059,-21.9968344163,0.000,0.000,90,Y*?,1,18 06 02.68455,-21 59 48.6039,A,2020yCat.1350....0G,YSO_Candidate,*|MIR|NIR|Y*?,,,,,,,0.5853,0.1530,1.646,-1.980,0.195,0.129,90,,,,,,,14.175,13.012,12.444,,,,,,,,
0.270762,SSTSL2 J175317.29-313340.8,268.322048,-31.561334,2MASS J17531727-3133409,268.3219740000,-31.5613750000,0.060,0.060,45,Y*?,1,17 53 17.27376,-31 33 40.9500,C,2003yCat.2246....0C,YSO_Candidate,MIR|NIR|Y*?,,,,,,,,,,,,,,,,,,,,13.751,12.547,12.025,,,,,,,,
0.073536,SSTSL2 J105941.57-592243.1,164.92321,-59.378663,2MASS J10594157-5922431,164.9232460000,-59.3786540000,0.090,0.080,173,Y*?,1,10 59 41.57904,-59 22 43.1544,C,2003yCat.2246....0C,YSO_Candidate,MIR|NIR|Y*?,,,,,,,,,,,,,,,,,,,,,14.729,13.069,,,,,,,,
0.268490,SSTSL2 J054042.26+235026.1,85.1761,23.840589,[GMM2009] GGD  4 28,85.1760262123,+23.8406207354,0.000,0.000,90,BY*,4,05 40 42.24629,+23 50 26.2346,A,2020yCat.1350....0G,BYDraV*,*|BY*|Em*|NIR|Y*O,,,,,,,0.7241,0.1912,0.558,-2.443,0.191,0.119,90,,,,,,,15.280,14.370,13.880,,20.810,19.029,,,,,
0.178061,SSTSL2 J230548.76+623251.1,346.45317,62.547533,2MASS J23054878+6232511,346.4532755596,+62.5475418441,0.000,0.000,90,Y*O,1,23 05 48.78613,+62 32 51.1506,A,2020yCat.1350....0G,YSO,*|NIR|Y*O,,,,,,,0.6831,0.1813,-0.213,-3.130,0.190,0.171,90,,,,,,,14.230,13.130,12.690,,,,,,,,
0.148485,SSTSL2 J173829.80-331959.2,264.624201,-33.333129,2MASS J17382981-3319591,264.6242125000,-33.3330888889,0.060,0.060,90,Y*?,2,  17 38 29.811,  -33 19 59.12,C,2003yCat.2246....0C,YSO_Candidate,*|MIR|NIR|Y*?,,,,,,,,,,,,,,,,,,,,14.447,13.262,12.414,,,,,,,,
0.235611,SSTSL2 J194759.00+241719.8,296.995846,24.288846,2MASS J19475901+2417200,296.9958910000,+24.2888970000,0.060,0.060,45,Y*?,1,19 47 59.01384,+24 17 20.0292,C,2003yCat.2246....0C,YSO_Candidate,MIR|NIR|Y*?,,,,,,,,,,,,,,,,,,,,14.661,13.706,13.158,,,,,,,,
0.056392,SSTSL2 J181002.15-234453.4,272.508995,-23.748193,2MASS J18100215-2344535,272.5089840000,-23.7482050000,0.080,0.060,0,Y*?,1,18 10 02.15616,-23 44 53.5380,C,2003yCat.2246....0C,YSO_Candidate,MIR|NIR|Y*?,,,,,,,,,,,,,,,,,,,,14.501,13.095,12.076,,,,,,,,
0.287006,SSTSL2 J203110.97+425838.5,307.795727,42.977382,2MASS J20311095+4258387,307.7956380000,+42.9774280000,0.060,0.060,45,Y*?,1,20 31 10.95312,+42 58 38.7408,C,2003yCat.2246....0C,YSO_Candidate,MIR|NIR|Y*?,,,,,,,,,,,,,,,,,,,,15.104,13.788,13.093,,,,,,,,
0.147755,SSTSL2 J025958.96+602147.3,44.995702,60.363165,2MASS J02595898+6021473,44.9957750035,+60.3631454730,0.000,0.000,90,Y*O,2,02 59 58.98600,+60 21 47.3237,A,2020yCat.1350....0G,YSO,*|IR|NIR|Y*?|Y*O,,,,,,,0.6274,0.1686,-0.101,0.032,0.176,0.188,90,,,,,,,15.199,14.099,13.543,,,,,,,,
0.109772,SSTSL2 J175803.72-262857.0,269.515531,-26.482524,2MASS J17580373-2628570,269.5155600000,-26.4825080000,0.060,0.060,90,Y*?,1,17 58 03.73440,-26 28 57.0288,C,2003yCat.2246....0C,YSO_Candidate,MIR|NIR|Y*?,,,,,,,,,,,,,,,,,,,,13.175,11.263,10.436,,,,,,,,
0.190874,SSTSL2 J181833.16-152906.8,274.638202,-15.485231,2MASS J18183317-1529070,274.6382105423,-15.4852833776,0.000,0.000,90,Y*?,2,18 18 33.17053,-15 29 07.0202,A,2020yCat.1350....0G,YSO_Candidate,*|MIR|NIR|Y*?,,,,,,,0.4909,0.1323,-0.018,-1.087,0.143,0.103,90,,,,,,,13.996,13.044,12.171,,,,,,,,
0.940500,SSTSL2 J010310.35-730603.0,15.793148,-73.100836,XMMU J010310.1-730602,15.7926039230,-73.1010439382,0.000,0.000,90,AG?,2,01 03 10.22494,-73 06 03.7582,A,2020yCat.1350....0G,AGN_Candidate,*|AG?|MIR|NIR|X,221.600,4.000,0.0007395,0.0000133,,,0.2696,0.0728,0.091,-1.274,0.096,0.083,90,,,,,,,16.090,15.580,15.310,,,,,,,,
0.064286,SSTSL2 J104001.91-580504.6,160.007984,-58.084632,2MASS J10400191-5805047,160.0079990000,-58.0846480000,0.070,0.060,0,Y*?,1,10 40 01.91976,-58 05 04.7328,C,2003yCat.2246....0C,YSO_Candidate,MIR|NIR|Y*?,,,,,,,,,,,,,,,,,,,,14.480,13.468,12.980,,,,,,,,
0.071532,SSTSL2 J063521.87+040317.8,98.841157,4.054964,2MASS J06352187+0403178,98.8411542032,+4.0549443269,0.000,0.000,90,*,2,06 35 21.87701,+04 03 17.7996,A,2020yCat.1350....0G,Star,*|NIR,25.011,0.304,0.0000834,0.0000010,,,0.8096,0.2190,-1.184,-1.520,0.197,0.152,90,,,,,,,14.432,13.459,12.885,,,,,,,,
0.163767,SSTSL2 J032638.62+585124.9,51.660931,58.856934,2MASS J03263859+5851249,51.6608445396,+58.8569423636,0.000,0.000,90,Y*O,1,03 26 38.60269,+58 51 24.9925,A,2020yCat.1350....0G,YSO,*|NIR|Y*O,,,,,,,0.5976,0.1628,-0.205,-1.351,0.182,0.169,90,,,,,,,14.220,13.000,12.310,,,,,,,,
0.086400,SSTSL2 J194601.73+242819.8,296.507228,24.472176,2MASS J19460172+2428198,296.5072020000,+24.4721720000,0.060,0.060,0,Y*?,2,19 46 01.72848,+24 28 19.8192,C,2003yCat.2246....0C,YSO_Candidate,*|MIR|NIR|Y*?,,,,,,,,,,,,,,,,,,,,14.736,13.645,13.117,,,,,,,,
0.055742,SSTSL2 J063147.79+045224.0,97.949138,4.873334,2MASS J06314779+0452238,97.9491351702,+4.8733187751,0.000,0.000,90,Or*,12,06 31 47.79244,+04 52 23.9476,A,2020yCat.1350....0G,OrionV*,*|IR|MIR|NIR|Or*|V*|X|Y*?|Y*O,26.684,0.179,0.0000890,0.0000006,,,0.5756,0.1573,-1.955,-0.242,0.146,0.160,90,,,,20.270,18.973,17.890,15.149,14.101,13.367,,19.986,18.490,17.407,,,,
0.215509,SSTSL2 J063431.88+035419.3,98.632852,3.905366,Gaia DR3 3130439484090992768,98.6328518513,+3.9053061365,0.000,0.000,90,*,1,06 34 31.88444,+03 54 19.1021,A,2020yCat.1350....0G,Star,*,,,,,,,1.3453,0.3678,-2.412,-0.440,0.367,0.267,90,,,,,,,,,,,,,,,,,
0.089565,SSTSL2 J202644.53+385048.7,306.685556,38.846864,2MASS J20264452+3850486,306.6855370000,+38.8468440000,0.060,0.060,0,Y*?,1,20 26 44.52888,+38 50 48.6384,C,2003yCat.2246....0C,YSO_Candidate,MIR|NIR|Y*?,,,,,,,,,,,,,,,,,,,,14.852,13.595,12.648,,,,,,,,
0.173513,SSTSL2 J124646.14-620929.5,191.69225,-62.158202,2MASS J12464616-6209296,191.6923340000,-62.1582300000,0.070,0.060,0,Y*?,1,12 46 46.16016,-62 09 29.6280,C,2003yCat.2246....0C,YSO_Candidate,MIR|NIR|Y*?,,,,,,,,,,,,,,,,,,,,15.330,14.509,13.981,,,,,,,,
0.149370,SSTSL2 J063712.41+040441.2,99.301747,4.078115,2MASS J06371242+0404413,99.3017874172,+4.0781248124,0.000,0.000,90,*,3,06 37 12.42898,+04 04 41.2493,A,2020yCat.1350....0G,Star,*|NIR,34.006,0.222,0.0001134,0.0000007,,,0.5434,0.1499,-1.435,0.375,0.160,0.144,90,,,,,,,14.829,13.885,13.594,,,,,,,,
0.420933,SSTSL2 J222411.31+590800.4,336.047143,59.133446,SSTSMOGA G105.0223+01.4810,336.0469429519,+59.1333899810,0.000,0.000,90,Y*O,2,22 24 11.26631,+59 08 00.2039,A,2020yCat.1350....0G,YSO,*|LP?|MIR|Y*O,,,,,,,0.4352,0.1202,-3.280,-1.579,0.126,0.137,90,,,,,,,,,,,,,,,,,
0.081060,SSTSL2 J202310.24+393223.2,305.792699,39.539779,2MASS J20231023+3932233,305.7926954353,+39.5398013483,0.000,0.000,90,EB*,2,20 23 10.24690,+39 32 23.2849,A,2020yCat.1350....0G,EclBin,*|EB*|MIR|NIR|Y*?,,,,,,,0.7091,0.1961,-3.387,-5.020,0.199,0.266,90,,,,,,,15.714,14.621,14.177,,,,,,,,
0.119732,SSTSL2 J025123.06+603355.1,42.846105,60.565309,2MASS J02512304+6033551,42.8460430588,+60.5652955998,0.000,0.000,90,Y*O,3,02 51 23.05033,+60 33 55.0642,A,2020yCat.1350....0G,YSO,*|G|NIR|Y*O,,,,,,,0.4755,0.1316,-0.516,-0.557,0.118,0.109,90,,,,,,,15.374,14.392,13.785,,,,,,,,
0.154623,SSTSL2 J202739.20+401330.3,306.913343,40.225104,2MASS J20273918+4013302,306.9132907397,+40.2250881053,0.000,0.000,90,Y*?,2,20 27 39.18978,+40 13 30.3172,A,2020yCat.1350....0G,YSO_Candidate,*|MIR|NIR|Y*?,,,,,,,0.6425,0.1781,-2.796,-4.292,0.168,0.183,90,,,,,,,14.350,12.766,11.602,,,,,,,,
0.248663,SSTSL2 J223019.23+605625.4,337.580132,60.940394,ZTF J223019.19+605625.5,337.5800020000,+60.9404220000,0.070,0.060,0,LP*,3,22 30 19.20048,+60 56 25.5192,C,2003yCat.2246....0C,LongPeriodV*,*|LP*|MIR|NIR|Y*O,,,,,,,,,,,,,,,,,,,,15.532,14.672,14.329,,20.457,18.554,,,,,
0.130632,SSTSL2 J202243.62+394727.4,305.68178,39.790953,2MASS J20224362+3947275,305.6817688508,+39.7909882608,0.000,0.000,90,Y*?,3,20 22 43.62452,+39 47 27.5577,A,2020yCat.1350....0G,YSO_Candidate,*|MIR|NIR|Y*?,-12.245,1.258,-0.0000408,0.0000042,,,0.6268,0.1746,-3.182,-5.891,0.178,0.210,90,,,,,,,14.575,12.983,11.907,,,,,,,,
0.029552,SSTSL2 J203100.62+412858.2,307.752586,41.482854,2MASS J20310062+4128582,307.7525776977,+41.4828593573,0.000,0.000,90,Y*?,4,20 31 00.61865,+41 28 58.2937,A,2020yCat.1350....0G,YSO_Candidate,*|MIR|NIR|Y*?,,,,,,,0.5703,0.1591,-2.330,-3.956,0.178,0.236,90,,,,,,,14.427,13.131,12.098,,,,,,,,
0.096118,SSTSL2 J180550.02-201750.4,271.458455,-20.297361,2MASS J18055002-2017504,271.4584350000,-20.2973420000,0.060,0.060,45,Y*?,1,18 05 50.02440,-20 17 50.4312,C,2003yCat.2246....0C,YSO_Candidate,MIR|NIR|Y*?,,,,,,,,,,,,,,,,,,,,13.985,12.877,12.230,,,,,,,,
0.264080,SSTSL2 J025912.08+602626.8,44.800368,60.440786,2MASS J02591204+6026267,44.8002264019,+60.4407636053,0.000,0.000,90,Y*O,3,02 59 12.05434,+60 26 26.7490,A,2020yCat.1350....0G,YSO,*|IR|NIR|Y*?|Y*O,,,,,K3.5,,0.5463,0.1538,-0.143,-0.034,0.157,0.194,90,,,,,,,15.603,14.637,14.251,,,18.220,,17.090,,,
0.078023,SSTSL2 J172538.14-372047.2,261.408923,-37.346461,2MASS J17253813-3720472,261.4088960000,-37.3464580000,0.060,0.060,45,Y*?,1,17 25 38.13504,-37 20 47.2488,C,2003yCat.2246....0C,YSO_Candidate,MIR|NIR|Y*?,,,,,,,,,,,,,,,,,,,,14.515,13.303,12.337,,,,,,,,
0.278546,SSTSL2 J030311.97+603441.6,45.799896,60.578235,2MASS J03031201+6034417,45.8000479204,+60.5782554282,0.000,0.000,90,Y*O,4,03 03 12.01150,+60 34 41.7195,A,2020yCat.1350....0G,YSO,*|IR|NIR|Y*?|Y*O,,,,,K2.0,,0.3461,0.0981,-0.203,-0.246,0.101,0.098,90,,,,,,,14.316,13.240,12.415,,,17.550,,16.320,,,
0.161635,SSTSL2 J203838.32+405531.5,309.659696,40.925432,2MASS J20383831+4055316,309.6596410000,+40.9254490000,0.060,0.060,90,Y*?,1,20 38 38.31384,+40 55 31.6164,C,2003yCat.2246....0C,YSO_Candidate,MIR|NIR|Y*?,,,,,,,,,,,,,,,,,,,,14.154,12.793,11.989,,,,,,,,
0.295520,SSTSL2 J063301.99+042944.5,98.258309,4.495704,2MASS J06330201+0429445,98.2583912780,+4.4957072427,0.000,0.000,90,*,4,06 33 02.01391,+04 29 44.5461,A,2020yCat.1350....0G,Star,*|NIR,,,,,,,0.5721,0.1630,-1.965,-0.104,0.173,0.154,90,,,,,,,14.465,13.393,12.831,,,,,,,,
0.128415,SSTSL2 J022332.78+613226.9,35.886611,61.540826,2MASS J02233279+6132270,35.8866632687,+61.5408515347,0.000,0.000,90,Y*O,1,02 23 32.79918,+61 32 27.0655,A,2020yCat.1350....0G,YSO,*|NIR|Y*O,,,,,,,0.6613,0.1885,-1.268,-0.096,0.178,0.184,90,,,,,,,15.214,13.971,13.321,,,,,,,,
0.176818,SSTSL2 J024949.76+601715.0,42.457344,60.287511,2MASS J02494977+6017150,42.4574344431,+60.2875310713,0.000,0.000,90,Y*O,3,02 49 49.78427,+60 17 15.1119,A,2020yCat.1350....0G,YSO,*|IR|NIR|Y*?|Y*O,,,,,K5.0,,0.4782,0.1363,-1.090,-0.855,0.125,0.107,90,,,,,,,15.026,13.811,13.036,,,18.150,,16.880,,,
0.278254,SSTSL2 J084950.40-433936.2,132.460034,-43.660074,2MASS J08495040-4339366,132.4600573978,-43.6601494164,0.000,0.000,90,Y*O,2,08 49 50.41378,-43 39 36.5379,A,2020yCat.1350....0G,YSO,*|IR|MIR|NIR|Y*?|Y*O,,,,,,,0.6104,0.1742,-4.924,3.664,0.174,0.205,90,,,,,,,15.616,14.264,13.587,,,,,,,,
0.089588,SSTSL2 J063158.31+044501.0,97.992985,4.750302,ZTF J063158.30+044501.0,97.9929605519,+4.7502969321,0.000,0.000,90,RS*,13,06 31 58.31053,+04 45 01.0690,A,2020yCat.1350....0G,RSCVnV*,*|MIR|NIR|RS*|Y*?|Y*O,30.966,0.171,0.0001033,0.0000006,,,0.5258,0.1502,-2.046,-0.237,0.160,0.147,90,,,,,,,14.855,13.865,13.478,,19.989,18.309,17.254,,,,
0.142429,SSTSL2 J181139.91-202133.6,272.916332,-20.359347,2MASS J18113990-2021336,272.9162899667,-20.3593434875,0.000,0.000,90,Y*?,2,18 11 39.90959,-20 21 33.6366,A,2020yCat.1350....0G,YSO_Candidate,*|MIR|NIR|Y*?,,,,,,,0.5177,0.1481,1.353,-2.038,0.185,0.136,90,,,,,,,14.568,13.334,12.195,,,,,,,,
0.171238,SSTSL2 J161303.52-520143.0,243.264673,-52.028623,2MASS J16130353-5201431,243.2647125000,-52.0286638889,0.110,0.110,90,Y*?,2,  16 13 03.531,  -52 01 43.19,C,2003yCat.2246....0C,YSO_Candidate,*|MIR|NIR|Y*?,,,,,,,,,,,,,,,,,,,,,,13.811,,,,,,,,
0.291845,SSTSL2 J204138.20+430534.4,310.409192,43.092893,2MASS J20413823+4305342,310.4092940000,+43.0928610000,0.060,0.060,90,Y*?,1,20 41 38.23056,+43 05 34.2996,C,2003yCat.2246....0C,YSO_Candidate,MIR|NIR|Y*?,,,,,,,,,,,,,,,,,,,,14.744,13.377,12.276,,,,,,,,
0.257422,SSTSL2 J222147.31+584259.0,335.447158,58.716406,ZTF J222147.32+584259.2,335.4472460000,+58.7164610000,0.060,0.060,45,BY*,4,22 21 47.33904,+58 42 59.2596,C,2003yCat.2246....0C,BYDraV*,BY*|MIR|NIR|Y*?|Y*O,,,,,,,,,,,,,,,,,,,,15.496,14.061,13.633,,20.720,19.079,,,,,
0.127587,SSTSL2 J054003.55+235026.4,85.014828,23.840676,[GMM2009] GGD  4  8,85.0147993890,+23.8406998998,0.000,0.000,90,Y*O,1,05 40 03.55185,+23 50 26.5196,A,2020yCat.1350....0G,YSO,*|NIR|Y*O,,,,,,,0.8691,0.2557,0.326,-2.570,0.199,0.145,90,,,,,,,14.286,13.027,12.338,,,,,,,,
0.065700,SSTSL2 J063151.84+044854.2,97.966023,4.815072,2MASS J06315184+0448542,97.9660119535,+4.8150574432,0.000,0.000,90,Y*O,11,06 31 51.84287,+04 48 54.2068,A,2020yCat.1350....0G,YSO,*|IR|NIR|X|Y*O,29.800,0.580,0.0000994,0.0000019,,,0.7522,0.2215,-2.231,0.329,0.199,0.187,90,,,,20.550,,18.780,15.161,14.344,13.881,,20.868,19.024,18.041,,,,
0.234543,SSTSL2 J204821.50+444114.8,312.089601,44.687454,2MASS J20482150+4441150,312.0896588516,+44.6875045271,0.000,0.000,90,Or*,4,20 48 21.51812,+44 41 15.0163,A,2020yCat.1350....0G,OrionV*,*|NIR|Or*|Y*?|Y*O,,,,,,,0.2860,0.0843,-3.088,-5.014,0.095,0.095,90,,,,,,,14.826,13.856,13.239,,,17.910,16.730,,,,
0.167014,SSTSL2 J194801.16+250815.1,297.004842,25.137551,2MASS J19480115+2508150,297.0048020000,+25.1375220000,0.060,0.060,45,Y*?,2,19 48 01.15248,+25 08 15.0792,C,2003yCat.2246....0C,YSO_Candidate,*|MIR|NIR|Y*?,,,,,,,,,,,,,,,,,,,,15.567,14.619,13.906,,,,,,,,
0.255912,SSTSL2 J204324.27+425500.3,310.851151,42.916763,ZTF J204324.29+425500.2,310.8512390000,+42.9167330000,0.060,0.060,90,LP*,2,20 43 24.29736,+42 55 00.2388,C,2003yCat.2246....0C,LongPeriodV*,*|LP*|MIR|NIR|Y*?,,,,,,,,,,,,,,,,,,,,14.543,12.980,12.001,,,18.891,,,,,
0.134836,SSTSL2 J084932.53-433515.9,132.385549,-43.587777,2MASS J08493253-4335161,132.3855479214,-43.5878144464,0.000,0.000,90,Y*O,1,08 49 32.53150,-43 35 16.1320,A,2020yCat.1350....0G,YSO,*|IR|NIR|Y*O,,,,,,,0.3783,0.1118,-4.951,4.120,0.117,0.134,90,,,,,,,14.952,14.103,13.658,,,,,,,,
0.138105,SSTSL2 J163740.83-485227.0,249.420138,-48.87418,2MASS J16374083-4852269,249.4201300000,-48.8741420000,0.060,0.060,90,Y*?,1,16 37 40.83120,-48 52 26.9112,C,2003yCat.2246....0C,YSO_Candidate,MIR|NIR|Y*?,,,,,,,,,,,,,,,,,,,,13.991,12.941,12.144,,,,,,,,
0.057548,SSTSL2 J164027.54-485522.2,250.11477,-48.922836,2MASS J16402753-4855221,250.1147457215,-48.9228370234,0.000,0.000,90,Or*,3,16 40 27.53897,-48 55 22.2133,A,2020yCat.1350....0G,OrionV*,*|IR|NIR|Or*|X|Y*?,,,,,,,0.7516,0.2236,0.817,-4.342,0.264,0.181,90,,,,,,,14.398,12.868,11.769,,,,,,,,
0.383486,SSTSL2 J110348.68-600505.8,165.952849,-60.084955,2MASS J11034873-6005057,165.9530610000,-60.0849420000,0.080,0.060,178,Y*?,1,11 03 48.73464,-60 05 05.7912,C,2003yCat.2246....0C,YSO_Candidate,MIR|NIR|Y*?,,,,,,,,,,,,,,,,,,,,15.717,14.471,13.804,,,,,,,,
0.168971,SSTSL2 J202105.68+385617.9,305.273672,38.938306,2MASS J20210566+3856178,305.2736120000,+38.9383010000,0.070,0.060,0,Y*?,1,20 21 05.66688,+38 56 17.8836,C,2003yCat.2246....0C,YSO_Candidate,MIR|NIR|Y*?,,,,,,,,,,,,,,,,,,,,15.295,14.222,13.752,,,,,,,,
0.148473,SSTSL2 J161135.57-380406.0,242.898218,-38.068335,[HL2013] 242.89827-38.06834,242.8982700000,-38.0683400000,,,172,IR,1,   16 11 35.58,   -38 04 06.0,D,2013ApJS..205....5H,Infrared,IR|Y*?,,,,,,,,,,,,,,,,,,,,,,,,,,,,,,
0.214207,SSTSL2 J220706.74+581916.8,331.778094,58.321348,2MASS J22070671+5819168,331.7779820000,+58.3213390000,0.060,0.060,90,Y*O,2,22 07 06.71568,+58 19 16.8204,C,2003yCat.2246....0C,YSO,MIR|NIR|Y*?|Y*O,,,,,,,,,,,,,,,,,,,,14.718,13.465,12.733,,,,,,,,
0.319278,SSTSL2 J172653.29-315419.3,261.722079,-31.905362,2MASS J17265331-3154195,261.7221400000,-31.9054340000,0.060,0.060,90,Y*?,1,17 26 53.31360,-31 54 19.5624,C,2003yCat.2246....0C,YSO_Candidate,MIR|NIR|Y*?,,,,,,,,,,,,,,,,,,,,14.090,12.590,11.960,,,,,,,,
0.027045,SSTSL2 J022702.11+724329.0,36.758824,72.724728,2MASS J02270211+7243289,36.7588032459,+72.7247322959,0.000,0.000,90,Or*,3,02 27 02.11278,+72 43 29.0363,A,2020yCat.1350....0G,OrionV*,*|Em*|MIR|NIR|Or*|Y*O,,,,,M0,,0.6155,0.1868,-0.153,-1.484,0.181,0.188,90,,,,20.862,19.156,17.870,14.581,13.661,13.309,,,,,,,,
0.081659,SSTSL2 J175127.22-262518.9,267.863443,-26.421941,2MASS J17512723-2625189,267.8634620000,-26.4219260000,0.060,0.060,90,Y*?,1,17 51 27.23088,-26 25 18.9336,C,2003yCat.2246....0C,YSO_Candidate,MIR|NIR|Y*?,,,,,,,,,,,,,,,,,,,,14.699,13.299,12.156,,,,,,,,
0.376044,SSTSL2 J172423.91-371607.4,261.099644,-37.268743,2MASS J17242391-3716071,261.0996333333,-37.2686388889,0.060,0.060,90,Y*?,1,  17 24 23.912,  -37 16 07.10,C,2003yCat.2246....0C,YSO_Candidate,*|MIR|NIR|Y*?,,,,,,,,,,,,,,,,,,,,14.782,13.734,12.812,,,,,,,,
1.552158,SSTSL2 J064912.75-044736.3,102.303151,-4.793418,[MAY2009] 70,102.3029166667,-4.7930555556,,,172,Y*O,1,    06 49 12.7,     -04 47 35,D,2009AJ....137.4072M,YSO,Y*O,,,,,,,,,,,,,,,,,,,,15.590,14.780,14.210,,,,,,,,
0.026212,SSTSL2 J063128.35+045110.2,97.868132,4.852844,ZTF J063128.34+045110.2,97.8681328170,+4.8528367644,0.000,0.000,90,LP*,6,06 31 28.35188,+04 51 10.2124,A,2020yCat.1350....0G,LongPeriodV*,*|IR|LP*|MIR|NIR|Y*O,,,,,,,0.6340,0.1966,-1.769,-0.150,0.195,0.185,90,,,,,,,15.404,14.378,13.953,,21.078,19.400,18.128,,,,
0.207149,SSTSL2 J023257.81+612227.7,38.240875,61.374375,ZTF J023257.78+612227.9,38.2407660436,+61.3743992128,0.000,0.000,90,LP*,5,02 32 57.78385,+61 22 27.8372,A,2020yCat.1350....0G,LongPeriodV*,*|LP*|MIR|NIR|Y*?|Y*O,,,,,,,0.3342,0.1041,-0.824,-0.957,0.097,0.116,90,,,,,19.563,18.436,13.631,12.648,11.993,,19.116,17.465,,,,,
0.077147,SSTSL2 J025158.70+600806.0,42.994603,60.135,2MASS J02515869+6008060,42.9945760661,+60.1349832862,0.000,0.000,90,Or*,8,02 51 58.69826,+60 08 05.9398,A,2020yCat.1350....0G,OrionV*,*|Em*|IR|NIR|Or*|Y*?|Y*O,,,,,K5.0,,0.4175,0.1302,0.041,-0.508,0.115,0.120,90,,,,21.109,19.503,,14.918,14.020,13.466,,,18.270,,16.860,,,
0.020526,SSTSL2 J025224.87+603345.4,43.103637,60.562623,2MASS J02522489+6033454,43.1036470034,+60.5626201122,0.000,0.000,90,Y*O,4,02 52 24.87528,+60 33 45.4324,A,2020yCat.1350....0G,YSO,*|IR|NIR|Y*?|Y*O,,,,,K2.0,,0.3783,0.1183,-0.382,-0.182,0.110,0.100,90,,,,,,,15.313,14.443,13.831,,,18.180,,17.020,,,
0.337453,SSTSL2 J225640.16+604927.8,344.167352,60.824406,2MASS J22564019+6049276,344.1674980000,+60.8243450000,0.060,0.060,90,Y*O,2,22 56 40.19952,+60 49 27.6420,C,2003yCat.2246....0C,YSO,MIR|NIR|Y*?|Y*O,,,,,,,,,,,,,,,,,,,,15.327,14.483,13.688,,,,,,,,
0.046287,SSTSL2 J194513.64+234709.4,296.306842,23.785946,2MASS J19451363+2347093,296.3068310000,+23.7859380000,0.060,0.060,90,Y*?,1,19 45 13.63944,+23 47 09.3768,C,2003yCat.2246....0C,YSO_Candidate,MIR|NIR|Y*?,,,,,,,,,,,,,,,,,,,,14.764,13.575,12.924,,,,,,,,
0.121362,SSTSL2 J025047.95+604900.2,42.699803,60.816732,2MASS J02504795+6049001,42.6998301510,+60.8167009968,0.000,0.000,90,Y*O,4,02 50 47.95924,+60 49 00.1236,A,2020yCat.1350....0G,YSO,*|IR|NIR|Y*?|Y*O,,,,,K0.5,,0.4402,0.1390,-0.173,-0.274,0.132,0.115,90,,,,,,,14.970,13.873,13.321,,,18.360,,16.820,,,
0.060746,SSTSL2 J202018.83+392327.1,305.078476,39.390885,2MASS J20201883+3923272,305.0784860000,+39.3909000000,0.080,0.060,0,Y*?,1,20 20 18.83664,+39 23 27.2400,C,2003yCat.2246....0C,YSO_Candidate,MIR|NIR|Y*?,,,,,,,,,,,,,,,,,,,,14.558,13.430,12.868,,,,,,,,
0.052562,SSTSL2 J063201.49+045445.0,98.006222,4.912521,ZTF J063201.49+045445.1,98.0062365543,+4.9125192966,0.000,0.000,90,RS*,21,06 32 01.49677,+04 54 45.0695,A,2020yCat.1350....0G,RSCVnV*,*|IR|MIR|NIR|Or*|RS*|V*|X|Y*?|Y*O,31.159,0.189,0.0001039,0.0000006,,,0.4409,0.1396,-1.822,0.106,0.120,0.117,90,,,,20.370,18.779,17.770,14.569,13.656,13.124,,18.984,17.633,16.655,,,,
0.385830,SSTSL2 J025037.88+602247.9,42.657856,60.379976,Gaia DR3 464761503478526336,42.6576399899,+60.3799666006,0.000,0.000,90,Y*O,1,02 50 37.83360,+60 22 47.8798,A,2020yCat.1350....0G,YSO,*|Y*O,,,,,,,0.4852,0.1537,-0.876,-0.696,0.159,0.133,90,,,,,,,,,,,,,,,,,
0.500675,SSTSL2 J025037.88+602247.9,42.657856,60.379976,2MASS J02503781+6022479,42.6575750000,+60.3799833333,0.070,0.060,83,Y*?,1,  02 50 37.818,  +60 22 47.94,C,2003yCat.2246....0C,YSO_Candidate,IR|NIR|Y*?,,,,,,,,,,,,,,,,,,,,14.819,13.612,12.977,,,,,,,,
0.045241,SSTSL2 J131225.95-621329.9,198.108134,-62.224984,2MASS J13122594-6213298,198.1081101983,-62.2249780919,0.000,0.000,90,Y*?,5,13 12 25.94645,-62 13 29.9211,A,2020yCat.1350....0G,YSO_Candidate,*|MIR|NIR|Y*?,-27.000,0.285,-0.0000901,0.0000010,,,0.6453,0.2044,-3.301,-1.687,0.156,0.185,90,,,,,,,15.436,13.671,12.483,,,,,,,,
0.073802,SSTSL2 J165945.97-405314.7,254.941553,-40.887419,2MASS J16594597-4053147,254.9415683271,-40.8874020882,0.000,0.000,90,Y*?,2,16 59 45.97640,-40 53 14.6475,A,2020yCat.1350....0G,YSO_Candidate,*|MIR|NIR|Y*?,,,,,,,0.8169,0.2596,0.194,-1.262,0.359,0.237,90,,,,,,,14.816,13.613,12.947,,,,,,,,
0.571734,SSTSL2 J084944.52-430814.3,132.435503,-43.137316,[SEC2010] MIPS 1072,132.4353750000,-43.1374444444,,,172,Y*O,1,   08 49 44.49,   -43 08 14.8,D,2010ApJ...719....9S,YSO,IR|Y*O,,,,,,,,,,,,,,,,,,,,,,,,,,,,,,
0.295995,SSTSL2 J025140.00+603859.8,42.916676,60.649954,2MASS J02513995+6038598,42.9165155244,+60.6499300526,0.000,0.000,90,Y*O,3,02 51 39.96373,+60 38 59.7482,A,2020yCat.1350....0G,YSO,*|IR|NIR|Y*?|Y*O,,,,,,,0.5928,0.1901,-0.089,-0.266,0.179,0.153,90,,,,,,,15.526,14.545,14.000,,,,,,,,
0.541877,SSTSL2 J192818.80+173314.1,292.078345,17.553941,2MASS J19281882+1733137,292.0784360000,+17.5538180000,0.070,0.060,0,Y*?,1,19 28 18.82464,+17 33 13.7448,C,2003yCat.2246....0C,YSO_Candidate,MIR|NIR|Y*?,,,,,,,,,,,,,,,,,,,,14.316,13.395,12.726,,,,,,,,
0.113619,SSTSL2 J063703.10+042146.1,99.262932,4.362825,2MASS J06370309+0421461,99.2629060000,+4.3628070000,0.060,0.060,0,*,4,06 37 03.09744,+04 21 46.1052,C,2003yCat.2246....0C,Star,*|MIR|NIR,22.383,0.348,0.0000747,0.0000012,,,,,,,,,,,,,,,,14.324,13.276,12.533,,,,,,,,
0.035883,SSTSL2 J181210.33-172352.3,273.043075,-17.397862,2MASS J18121033-1723523,273.0430852468,-17.3978639339,0.000,0.000,90,Y*?,2,18 12 10.34046,-17 23 52.3102,A,2020yCat.1350....0G,YSO_Candidate,*|MIR|NIR|Y*?,,,,,,,0.8536,0.2779,0.842,-1.694,0.299,0.247,90,,,,,,,14.029,12.705,11.558,,,,,,,,
0.375428,SSTSL2 J025805.26+603735.3,44.521923,60.626499,ZTF J025805.21+603735.5,44.5217200000,+60.6265300000,,,172,RS*,2,   02 58 05.21,   +60 37 35.5,C,2020ApJS..249...18C,RSCVnV*,RS*,,,,,,,,,,,,,,,,,,,,,,,,20.427,18.703,,,,,
0.376934,SSTSL2 J025040.30+603315.9,42.667945,60.554435,2MASS J02504024+6033159,42.6677324156,+60.5544414405,0.000,0.000,90,Y*O,2,02 50 40.25578,+60 33 15.9892,A,2020yCat.1350....0G,YSO,*|IR|NIR|Y*?|Y*O,,,,,,,0.8641,0.2851,-0.357,-0.184,0.256,0.222,90,,,,,,,15.376,14.273,13.766,,,,,,,,
0.086249,SSTSL2 J203805.79+414851.6,309.52414,41.814358,2MASS J20380579+4148517,309.5241310000,+41.8143810000,0.150,0.060,0,Y*?,1,20 38 05.79144,+41 48 51.7716,C,2003yCat.2246....0C,YSO_Candidate,MIR|NIR|Y*?,,,,,,,,,,,,,,,,,,,,14.562,13.184,12.173,,,,,,,,
0.436204,SSTSL2 J202735.91+410546.6,306.899662,41.096297,2MASS J20273595+4105466,306.8998210000,+41.0962790000,0.080,0.060,0,Y*?,1,20 27 35.95704,+41 05 46.6044,C,2003yCat.2246....0C,YSO_Candidate,MIR|NIR|Y*?,,,,,,,,,,,,,,,,,,,,14.958,13.577,12.768,,,,,,,,
